Participants:   0%|          | 0/56 [00:00<?, ?it/s]Some weights of RobertaModel were not initialized from the model checkpoint at roberta-base and are newly initialized: ['roberta.pooler.dense.bias', 'roberta.pooler.dense.weight']
You should probably TRAIN this model on a down-stream task to be able to use it for predictions and inference.
huggingface/tokenizers: The current process just got forked, after parallelism has already been used. Disabling parallelism to avoid deadlocks...
To disable this warning, you can either:
	- Avoid using `tokenizers` before the fork if possible
	- Explicitly set the environment variable TOKENIZERS_PARALLELISM=(true | false)
/Users/kevinawang/Documents/GitHub/VA-classifier/src/utils/util.py:27: FutureWarning: You are using `torch.load` with `weights_only=False` (the current default value), which uses the default pickle module implicitly. It is possible to construct malicious pickle data which will execute arbitrary code during unpickling (See https://github.com/pytorch/pytorch/blob/main/SECURITY.md#untrusted-models for more details). In a future release, the default value for `weights_only` will be flipped to `True`. This limits the functions that could be executed during unpickling. Arbitrary objects will no longer be allowed to be loaded via this mode unless they are explicitly allowlisted by the user via `torch.serialization.add_safe_globals`. We recommend you start setting `weights_only=True` for any use case where you don't have full control of the loaded file. Please open an issue on GitHub for any issues related to this experimental feature.
  model.load_state_dict(torch.load(model_path, map_location=device))
Participants:   2%|▏         | 1/56 [00:11<10:55, 11.92s/it]Some weights of RobertaModel were not initialized from the model checkpoint at roberta-base and are newly initialized: ['roberta.pooler.dense.bias', 'roberta.pooler.dense.weight']
You should probably TRAIN this model on a down-stream task to be able to use it for predictions and inference.
/Users/kevinawang/Documents/GitHub/VA-classifier/src/utils/util.py:27: FutureWarning: You are using `torch.load` with `weights_only=False` (the current default value), which uses the default pickle module implicitly. It is possible to construct malicious pickle data which will execute arbitrary code during unpickling (See https://github.com/pytorch/pytorch/blob/main/SECURITY.md#untrusted-models for more details). In a future release, the default value for `weights_only` will be flipped to `True`. This limits the functions that could be executed during unpickling. Arbitrary objects will no longer be allowed to be loaded via this mode unless they are explicitly allowlisted by the user via `torch.serialization.add_safe_globals`. We recommend you start setting `weights_only=True` for any use case where you don't have full control of the loaded file. Please open an issue on GitHub for any issues related to this experimental feature.
  model.load_state_dict(torch.load(model_path, map_location=device))
Participants:   4%|▎         | 2/56 [00:20<09:10, 10.19s/it]Some weights of RobertaModel were not initialized from the model checkpoint at roberta-base and are newly initialized: ['roberta.pooler.dense.bias', 'roberta.pooler.dense.weight']
You should probably TRAIN this model on a down-stream task to be able to use it for predictions and inference.
/Users/kevinawang/Documents/GitHub/VA-classifier/src/utils/util.py:27: FutureWarning: You are using `torch.load` with `weights_only=False` (the current default value), which uses the default pickle module implicitly. It is possible to construct malicious pickle data which will execute arbitrary code during unpickling (See https://github.com/pytorch/pytorch/blob/main/SECURITY.md#untrusted-models for more details). In a future release, the default value for `weights_only` will be flipped to `True`. This limits the functions that could be executed during unpickling. Arbitrary objects will no longer be allowed to be loaded via this mode unless they are explicitly allowlisted by the user via `torch.serialization.add_safe_globals`. We recommend you start setting `weights_only=True` for any use case where you don't have full control of the loaded file. Please open an issue on GitHub for any issues related to this experimental feature.
  model.load_state_dict(torch.load(model_path, map_location=device))
Participants:   5%|▌         | 3/56 [00:26<07:19,  8.30s/it]Some weights of RobertaModel were not initialized from the model checkpoint at roberta-base and are newly initialized: ['roberta.pooler.dense.bias', 'roberta.pooler.dense.weight']
You should probably TRAIN this model on a down-stream task to be able to use it for predictions and inference.

[20:24:24] → PID 600
prompt: -0.03	+0.08	there she is coming to go ahead and Shrink her back down while I continue setting something's out okay
-0.09	-0.03	 I don't know what that means
-0.24	+0.06	 about a week ago my husband over cigarettes
-0.38	+0.22	 she wants to stop and I don't
-0.20	-0.03	 I dropped out when I was in 11th grade
+0.11	+0.07	 I would like to become a famous poetry writer
+0.21	+0.11	 when I was little I used to play with my friends and we should have fun
+0.03	+0.02	 can you tell me about
+0.12	+0.10	 I used to be a drug addict and he'll help me overcome my addiction
-0.18	-0.07	 I'm not attending therapy right now
-0.34	+0.21	 I'm not going to be right now I don't go
-0.28	+0.04	 I'm not comfortable talking about this
-0.34	+0.02	 I don't feel comfortable talking about this
+0.35	+0.10	 I helped me a lot
-0.22	-0.01	 no one to do anything
+0.20	+0.03	 erotic poetry helps me a lot
+0.13	+0.15	 when I get inspired I just start right riding what's on my mind
+0.47	+0.32	 yes it's been a big change I feel happy hour now
+0.16	+0.03	 I just go lay down and just to the music for a little while and you'll fall asleep
+0.38	+0.13	 I don't know I'm just in a happy mood today
  [INFO] Predicted PHQ-8 score: 2.0

[20:24:36] → PID 602
prompt: -0.42	+0.22	 I don't like people to walk in front of me don't excuse me cut me off in traffic when I'm driving I don't like a Tailgater little small small, small remarks that people make them upset me I just don't want to be I'm Easily Aggravated so I don't have to be aggravated
-0.21	+0.16	 I'm pretty good at controlling it sometimes but at times I can get very irate so I'm working on that right now
-0.02	+0.05	 do I have an argument almost a year but when I did it was over a girl that was my ex boyfriend it was over female but it's over now so I haven't had any real argument since almost a year
-0.03	-0.00	 right now I'm a homemaker I don't work at all I haven't been working in about 3 months now was laid off but I was doing receptionist work so I'm currently looking for employment at this moment
+0.08	+0.04	 my dream job is all my own design Graphics computer shop which means I'm when you do your you grab your designs online and you send them to different distributors and what they do is they approve or they approve or disapprove what you put they like or dislike about the design so they went ahead with it they'll buy them for me and then they'll go from there
+0.47	+0.25	 when I was with my daughter my mom it was very delightful we stay from was 2 weeks and it was not even two years ago it was very very nice and I wish I can go back to the beaches for beautiful the food is great the blue owls are great at night it was really really nice a great experience
+0.31	+0.14	 my parents my grandparents who have now gone there if they're past but they were a very positive influence in my life my guy friend that I'm dating now he's very positive in my life so
-0.32	+0.06	 I don't right now because I'm living with my mother step dad I'm trying to move someplace on my own now but it's kind of hard not working at all so I just have to wing it out so I can do better
-0.43	+0.05	 just always feeling down and out cleaning myself in not want to be bothered with other the outside world just a little mood swings and just can't sleep at night all all kind of little stuff that kind of got me feeling like something wasn't right about me
+0.26	+0.09	 reason why I feel like it's helping me is because the lady NYC there the therapy place she's very nice she she's willing to help out in any way she can she's almost to be like a psychiatrist she's very good I mean she talked to me about things encourage me to what not to do what you do to help calm down to feel better and she's very nice or all-in-all I always leave their confidence all the time
+0.11	+0.01	 affected me in a great way I would never say negative because I like like I said it goes back to the helpfulness after scene from The Lady and I'm a therapist and
-0.25	+0.06	 the different ways I was coached on how to improve my lifestyle to avoid the problem that I do have right now or suffer with so that's how it affected me that way
-0.50	+0.18	 the attitudes and mood swings can't sleep at night depressed all the time no outside company at all didn't want to be bothered with anybody friends or family locked up in my room all the time halfway not wanting to eat or overeating it was just a lot
-0.27	+0.11	 maybe like any little thing would trigger me off like somebody say something wrong to me that I would think was wrong it would just figured I would just get triggered and just snapped for no reason it's just I don't know what would cause it besides that
-0.05	+0.02	 well now I'm doing I'm coping with it by not snapping his medicine just trying to stay calm and I just need a lot of positive environment around me not negativity that helps to so with that being said I just kind of maintain and keep my high self-esteem up is As much as I can
+0.36	+0.15	 yes I have very positive thoughts very positive behavior much better than what it was very big improvement from before
+0.25	+0.05	 it's not very easy but I try but for the past few nights I have a sleepy the full night so that's a positive for me
+0.48	+0.33	 yesterday that we see something was up over the phone and I was happy the whole day I'm still kind of happy about a tattoo so that was very good for me
  [INFO] Predicted PHQ-8 score: 7.0

[20:24:45] → PID 604
prompt: -0.01	-0.01	I passed out to make sure that our audio recognition system is working so if you could just say
-0.01	-0.03	 I'll pray to speed dating I'm 604 my name is Justin
-0.08	+0.02	 and you catch everything was only home and I wasn't even thinking about that
-0.33	-0.05	 doing okay I'm a little tired
-0.10	-0.07	 I don't really buy that too much
-0.35	+0.13	 what do I do when I'm annoyed I usually
-0.21	+0.10	 think about the situation and see if I'm really annoyed or if I'm just having a
+0.03	-0.05	 I'm pretty good most of the time I don't think I get angry often
-0.21	+0.04	 I think it was I was arguing with my girlfriend about moving out
+0.06	+0.13	 what do you do now I'm an actor
-0.05	-0.04	 not as often as I'd like
-0.19	+0.02	 I don't know how to answer that
+0.15	+0.02	 I'm pretty close with my family
-0.04	+0.05	 what do you want to know
-0.17	-0.09	 a little short but I think that's just due to being tired
+0.04	-0.00	 no this is been busy lately
-0.06	-0.01	 no not down not depressed just
+0.08	-0.01	 not easy lately but I think after this week I'll be able to get better sleep
-0.21	-0.05	 a little more cranky than normal a little more introverted
-0.17	-0.06	 on the fact that I don't remember
+0.02	-0.02	 loyal creative likes you know extroverted
  [INFO] Predicted PHQ-8 score: 1.0

[20:24:51] → PID 605
/Users/kevinawang/Documents/GitHub/VA-classifier/src/utils/util.py:27: FutureWarning: You are using `torch.load` with `weights_only=False` (the current default value), which uses the default pickle module implicitly. It is possible to construct malicious pickle data which will execute arbitrary code during unpickling (See https://github.com/pytorch/pytorch/blob/main/SECURITY.md#untrusted-models for more details). In a future release, the default value for `weights_only` will be flipped to `True`. This limits the functions that could be executed during unpickling. Arbitrary objects will no longer be allowed to be loaded via this mode unless they are explicitly allowlisted by the user via `torch.serialization.add_safe_globals`. We recommend you start setting `weights_only=True` for any use case where you don't have full control of the loaded file. Please open an issue on GitHub for any issues related to this experimental feature.
  model.load_state_dict(torch.load(model_path, map_location=device))
Participants:   7%|▋         | 4/56 [00:32<06:24,  7.39s/it]Some weights of RobertaModel were not initialized from the model checkpoint at roberta-base and are newly initialized: ['roberta.pooler.dense.bias', 'roberta.pooler.dense.weight']
You should probably TRAIN this model on a down-stream task to be able to use it for predictions and inference.
/Users/kevinawang/Documents/GitHub/VA-classifier/src/utils/util.py:27: FutureWarning: You are using `torch.load` with `weights_only=False` (the current default value), which uses the default pickle module implicitly. It is possible to construct malicious pickle data which will execute arbitrary code during unpickling (See https://github.com/pytorch/pytorch/blob/main/SECURITY.md#untrusted-models for more details). In a future release, the default value for `weights_only` will be flipped to `True`. This limits the functions that could be executed during unpickling. Arbitrary objects will no longer be allowed to be loaded via this mode unless they are explicitly allowlisted by the user via `torch.serialization.add_safe_globals`. We recommend you start setting `weights_only=True` for any use case where you don't have full control of the loaded file. Please open an issue on GitHub for any issues related to this experimental feature.
  model.load_state_dict(torch.load(model_path, map_location=device))
Participants:   9%|▉         | 5/56 [00:39<06:01,  7.08s/it]Some weights of RobertaModel were not initialized from the model checkpoint at roberta-base and are newly initialized: ['roberta.pooler.dense.bias', 'roberta.pooler.dense.weight']
You should probably TRAIN this model on a down-stream task to be able to use it for predictions and inference.
/Users/kevinawang/Documents/GitHub/VA-classifier/src/utils/util.py:27: FutureWarning: You are using `torch.load` with `weights_only=False` (the current default value), which uses the default pickle module implicitly. It is possible to construct malicious pickle data which will execute arbitrary code during unpickling (See https://github.com/pytorch/pytorch/blob/main/SECURITY.md#untrusted-models for more details). In a future release, the default value for `weights_only` will be flipped to `True`. This limits the functions that could be executed during unpickling. Arbitrary objects will no longer be allowed to be loaded via this mode unless they are explicitly allowlisted by the user via `torch.serialization.add_safe_globals`. We recommend you start setting `weights_only=True` for any use case where you don't have full control of the loaded file. Please open an issue on GitHub for any issues related to this experimental feature.
  model.load_state_dict(torch.load(model_path, map_location=device))
Participants:  11%|█         | 6/56 [00:45<05:30,  6.61s/it]Some weights of RobertaModel were not initialized from the model checkpoint at roberta-base and are newly initialized: ['roberta.pooler.dense.bias', 'roberta.pooler.dense.weight']
You should probably TRAIN this model on a down-stream task to be able to use it for predictions and inference.
prompt: -0.03	-0.03	remember to bring up a virtual human for a second here he's been here
+0.00	-0.02	 I'll just let you know the way it's going to work as I'm in a I'm going to leave the room and she's just going to ask you some questions and then when she's done she's going to say goodbye and then you're going to press this button
-0.01	+0.01	 I just saw I heard in the background blurred on TV about the use of robots robots in with autistic children
-0.03	-0.06	 the weather and that it's a little bit laid back some people say that in terms of musical beat LA to little bit behind the beat or just little laid back
-0.08	-0.02	 it can be some people think that it's a little bit surface in terms of people's attitude I don't run into that that much I can't say that there's much I don't like these two days recently
+0.02	-0.05	 there's a meditation tape that has a fire burning in the background and then kind of stress reduction dialogue I listen to that
-0.17	-0.03	 people being inconsiderate or unconscious about their effects on others
-0.17	+0.01	 when people will drop trash without any regard and leave it for somebody else to pick up
-0.08	-0.06	 I tend to internalize it and try and move past it
-0.03	-0.02	 it's been a long time that I can charge me to recall
-0.12	-0.01	 I think as a family dispute we were just talking about a disagreement in terms of understanding out something was taking place and having different points of view
-0.00	-0.09	 most recently as a cost and risk analyst in the construction industry
+0.46	+0.27	 I love seeing new things and new experiences meeting new people
-0.12	-0.08	 I think reasonably close I'm a little distant right now just cuz of circumstances
+0.12	+0.01	 oh just somebody who is an example of a way to move in the world and a compassionate manner
-0.32	+0.16	 not just having a persistent low mood and wanting to find out what that it was about
+0.06	-0.03	 just an improvement in my ability to recognize some changes in my emotional state
+0.07	+0.01	 it's improved my ability to move through various emotions as they occur
-0.33	+0.04	 I'm sleeping too much not getting the same pleasure out of things that I normally got pleasure out of
-0.06	-0.03	 process it go through and think about it and work my way through whatever issue it is
-0.05	-0.05	 within the last couple of weeks I can't think of it the exact. Or occasion but
  [INFO] Predicted PHQ-8 score: 4.0

[20:24:57] → PID 606
prompt: +0.13	+0.06	hey I just got it I just got a new so okay so
-0.06	-0.01	 now there's a new phone so it's kind of hard to kind of like two trippy
-0.02	-0.03	 so is Sheba psychologist and a psychiatrist psychologist psychologist and then what is the other one
-0.14	-0.02	 and then the other one is not
-0.07	-0.01	 is that my phone I thought I turned it off
+0.01	+0.00	 I'm going to bring her back up again
-0.00	-0.03	 and then you going to press this button and let me know okay
+0.01	-0.07	 back in the 70s
-0.00	+0.05	 I want every 5 years
+0.02	-0.04	 tell me the weather
-0.17	-0.03	 can't can't think of any right now
+0.01	-0.06	 all right I guess
-0.20	+0.04	 yeah that was weird
  [INFO] Predicted PHQ-8 score: 0.0

[20:25:04] → PID 607
prompt: -0.02	+0.01	bring her up for a quick second here
-0.05	-0.02	 bring her back down as I can when I leave
+0.38	+0.12	 I like the weather I like the beach
-0.02	-0.05	 lots of people on two different people
+0.04	-0.03	 I'm either running my own nonprofit organization or having my own blog
+0.01	+0.07	 I'm making that money off of it
+0.07	-0.01	 I'm going to care for it at
+0.18	+0.11	 when I was in high school I went to Ethiopia with a youth group and that was probably the most memorable
+0.04	+0.05	 yeah they're not physically but pretty close
+0.26	+0.04	 I mean my parents have they've been there very good parents
+0.11	+0.04	 well my dad and I didn't get along for part of my teenage years and same with my mom but as I got older and appreciated their advice more and their opinions I see them as you know having valuable impact in my life
-0.39	+0.00	 I'm trying to find a place to live right now so not the greatest right now
-0.24	+0.13	 while I was in a car accident and and then it was too hard to drive and stuff so I went and saw someone
-0.06	-0.02	 I'm at how it helps when I was going not going at the moment
+0.02	-0.04	 it's just good to prevent to have a someone to talk to you but it's not biased
-0.40	+0.28	 had like panic attacks anxiety about getting in the car driving the car being in the passenger seat someone else is driving if they broke too fast
-0.40	+0.18	 while I was in a car accident where a drunk driver hit me and I had to
-0.32	+0.09	 get I mean I was injured the physically but also had some the post-traumatic stress and anxiety coming from that
+0.08	-0.02	 it's gone away it helps time helps
-0.18	+0.04	 when I don't live in the same place where it happened anymore
-0.41	+0.30	 I think I'm just as stressed out as I have been for the past several months
-0.04	-0.07	 yeah I would say for the past several months
-0.31	+0.03	 well before it was planning to move then I moved and my husband is not with me he's still in Wisconsin
-0.35	+0.10	 and now I'm here by myself and financial stress huge
+0.33	+0.22	 yes I want to trip to Texas for the NBA finals and my husband and I got to see each other there so that was fun it was just good to get away
  [INFO] Predicted PHQ-8 score: 6.0

[20:25:09] → PID 609
/Users/kevinawang/Documents/GitHub/VA-classifier/src/utils/util.py:27: FutureWarning: You are using `torch.load` with `weights_only=False` (the current default value), which uses the default pickle module implicitly. It is possible to construct malicious pickle data which will execute arbitrary code during unpickling (See https://github.com/pytorch/pytorch/blob/main/SECURITY.md#untrusted-models for more details). In a future release, the default value for `weights_only` will be flipped to `True`. This limits the functions that could be executed during unpickling. Arbitrary objects will no longer be allowed to be loaded via this mode unless they are explicitly allowlisted by the user via `torch.serialization.add_safe_globals`. We recommend you start setting `weights_only=True` for any use case where you don't have full control of the loaded file. Please open an issue on GitHub for any issues related to this experimental feature.
  model.load_state_dict(torch.load(model_path, map_location=device))
Participants:  12%|█▎        | 7/56 [00:52<05:36,  6.87s/it]Some weights of RobertaModel were not initialized from the model checkpoint at roberta-base and are newly initialized: ['roberta.pooler.dense.bias', 'roberta.pooler.dense.weight']
You should probably TRAIN this model on a down-stream task to be able to use it for predictions and inference.
prompt: +0.20	+0.23	 mawamba Children's Choir from Uganda to the VA grounds on August 3rd to open to the public lots of good food and entertainment we're honoring World War 2 veterans so I'm going to send it to her for everyone it's there's no charge and if you want to get a preview go onto YouTube and look at mawamba mwamba mawamba children there may I saw them a month ago and I said I got to find a way the first time ever on the west coast they've been in the United States on east coast once before and they are 20 of them from 9 to 14 Summer from an orphanage summer have their families and to just the energy if it is totally a man blew me away I watch 400 people's jumping to their feet cheering as I have to bring that to the veterans so they're coming they'll be at the Seventh Day Adventist Church sometime middle of July they'll be at the veterans home where I am
+0.20	+0.17	 the 18th of July and then they'll be out on the Great Lawn on August 3rd so it'll be the August 3rd event and crate they're bringing a trailer ring in BBQ for everybody and it's going to be a wonderful time we have anything will send it in or you're more than happy and I okay at night I don't think I do but I met you sent me an email and I noticed you have the military would have to understand it from West Point okay and they would I mean that we're going to have generals were going to be on during World War two people they might love to come oh yeah
+0.09	-0.01	 people first and foremost I'm very involved with the veteran community and I'm a chaplain answering my 52nd year
+0.35	+0.26	 and travel to France Spain Morocco live in Germany is part of my chaplaincy service it was unbelievably exciting
+0.06	-0.03	 visiting SEC liqueur in that my Mart in Paris on my first day in France in Europe
+0.06	+0.00	 what do you do now I'm retired but I'm still very active as a volunteer at the prison in Chino women's prison and I can deck services at
+0.16	+0.14	 actually I've been living my dream job since I was 17 years old serving in the chaplain city as a Jewish chaplain is what I wanted to do from the time I was early five or six years old I want to become a rabbi
+0.07	+0.11	 why because I'm able to be dropped into a room of 500 or a thousand total strangers and get to know them and have them get to know me without discomfort
-0.29	+0.09	 my she's been there at the light of my life my entire life I have a brother and sister-in-law and living back in Boston my parents are deceased
+0.03	+0.08	 sometimes when I'm feeling 10 I turn on the fish tank screensaver hey I know it's not Hawaii but it's the best I've got
+0.03	+0.05	 I actually have a fish tank and aquarium and instead of turning it on and seeing Virtual Fish shine watch the real thing
-0.21	+0.15	 dating someone and I thought her language was inappropriate and at first I thought I would say nothing and then I decided I should tell her what I was thinking and so I did
-0.28	+0.09	 the last time I saw my former wife she has created some legal problems for me and
-0.37	+0.09	 I felt she was totally wrong and out of line it's been a very difficult and acrimonious divorce took 13 years to resolve
-0.37	+0.09	 that I in the last few years have not spent as much time with my daughter I was quite ill and ended up having open heart surgery and that was time when really she was abandoned I was always there to be buffer between my former wife and my daughter and when I was suddenly taken ill took me about two years to really become healthy again and during those two years she had to fend for herself from the ages of 15 to 17 difficult time for a daughter to be on her own with the mother who
-0.27	+0.21	 that was the hardest decision ironically was going to do I have the surgery now and try to save my life knowing that I would be abandoning my daughter abandoning in the Lesser sense of the word we were still in contact but I couldn't be there to run interference for her or put it off and maybe suffered the consequences so I I made the decision to have the surgery
+0.12	+0.19	 the only real negatives in my life have been in connection with the divorce I never thought I would be divorced I always wanted to be married and have four children and the white picket fence now I got married and I had a child and had the white picket fence actually built it
-0.07	+0.01	 adjusting to divorce I never thought it would have I nobody in my family on either side has ever been divorced
-0.00	+0.02	 17 I was going to go to Hebrew Union college-jewish Seminary in Cincinnati Ohio the war was raging in Vietnam and there was a need for chaplains and I was asked if I would serve and so I did and I originally thought it would be two years and then it was three and it was a four and then they had more time shows for years and two months I don't regret a day of it
+0.21	+0.05	 unfortunately I served in Europe not in Vietnam I was never shot at I never had to kill anybody but I really enjoyed my military service
+0.26	+0.14	 yes going into the military was an opportunity for me to travel the world and do what I love doing and I've continued doing it for the rest of my adult life
-0.16	+0.03	 but it was the luck of the draw when you put on the uniform you go where the government send you I could have just as easily been shipped off to Vietnam about 55 of the 60 people with who like trained went to Vietnam and fewer than 50 returned
+0.02	-0.04	 very easy because of the type of service I had it was as close to Miller cech's civilian life is one cat have
+0.08	-0.02	 started a business ran the business and while I continued as a volunteer chaplain and I've been doing that I still do it to this day
+0.05	-0.01	 it didn't change me as much as it allowed me I guess it did change me at a lot of Peter broaden my horizons here I was coming from Boston basically a kid and I find myself traveling the world and in a very responsible position conducting religious services and teaching and working with other chaplains of other faiths a lot of interfaith work in the military
+0.02	+0.11	 marvelous experience I don't know anyone else who's ever done it quite the way I've done it
+0.20	+0.14	 I hold the record in Europe for on Passover we had 16 Passover seder is in 8 days in five countries
+0.41	+0.15	 I got a feeling good I've been very fortunate since having open heart surgery I've been relatively healthy and I'm very involved in the community and I enjoy every every aspect of that sometimes it's very tiring but it's a good tired
-0.17	+0.05	 have you noticed any changes in her behavior or softly I don't understand have I ever done what
+0.15	+0.03	 how easy is it for you to get a good night's sleep very easy I usually retire about 11:30 12:00 at night and sleep through for 6 to 7 hours
+0.02	-0.02	 and it's usually as a result of being ill if I have the flu or cold or whatever then I'm sluggish the next day or for two days but I'm usually able to bounce back
-0.14	+0.09	 you're asking me questions that I've already answered that I've not been diagnosed with PTSD so they're not triggered since they don't exist
-0.17	+0.05	 turn of the frustrations of dealing with it a virtual person is your pre-program just so you're not asking the right question
+0.16	+0.01	 many of the veterans with whom I live in work I have had extensive therapy and it's proven to be very successful
+0.20	+0.09	 went to a birthday party there somebody 85 years old and there was a great great granddaughter who were just celebrating her first birthday
+0.10	+0.04	 all of them 20 or 30 40 years older than I and that's I was growing up they were my mentors
+0.13	+0.05	 follow through if I start something I finish it and if I make it commitment I honor it
+0.05	-0.02	 I'm connected Services a week ago Friday night and then this past Friday conducted services at my own community
  [INFO] Predicted PHQ-8 score: 0.0

[20:25:17] → PID 615
/Users/kevinawang/Documents/GitHub/VA-classifier/src/utils/util.py:27: FutureWarning: You are using `torch.load` with `weights_only=False` (the current default value), which uses the default pickle module implicitly. It is possible to construct malicious pickle data which will execute arbitrary code during unpickling (See https://github.com/pytorch/pytorch/blob/main/SECURITY.md#untrusted-models for more details). In a future release, the default value for `weights_only` will be flipped to `True`. This limits the functions that could be executed during unpickling. Arbitrary objects will no longer be allowed to be loaded via this mode unless they are explicitly allowlisted by the user via `torch.serialization.add_safe_globals`. We recommend you start setting `weights_only=True` for any use case where you don't have full control of the loaded file. Please open an issue on GitHub for any issues related to this experimental feature.
  model.load_state_dict(torch.load(model_path, map_location=device))
Participants:  14%|█▍        | 8/56 [00:59<05:35,  6.99s/it]Some weights of RobertaModel were not initialized from the model checkpoint at roberta-base and are newly initialized: ['roberta.pooler.dense.bias', 'roberta.pooler.dense.weight']
You should probably TRAIN this model on a down-stream task to be able to use it for predictions and inference.
/Users/kevinawang/Documents/GitHub/VA-classifier/src/utils/util.py:27: FutureWarning: You are using `torch.load` with `weights_only=False` (the current default value), which uses the default pickle module implicitly. It is possible to construct malicious pickle data which will execute arbitrary code during unpickling (See https://github.com/pytorch/pytorch/blob/main/SECURITY.md#untrusted-models for more details). In a future release, the default value for `weights_only` will be flipped to `True`. This limits the functions that could be executed during unpickling. Arbitrary objects will no longer be allowed to be loaded via this mode unless they are explicitly allowlisted by the user via `torch.serialization.add_safe_globals`. We recommend you start setting `weights_only=True` for any use case where you don't have full control of the loaded file. Please open an issue on GitHub for any issues related to this experimental feature.
  model.load_state_dict(torch.load(model_path, map_location=device))
Participants:  16%|█▌        | 9/56 [01:06<05:16,  6.74s/it]Some weights of RobertaModel were not initialized from the model checkpoint at roberta-base and are newly initialized: ['roberta.pooler.dense.bias', 'roberta.pooler.dense.weight']
You should probably TRAIN this model on a down-stream task to be able to use it for predictions and inference.
prompt: +0.21	+0.08	 well the weather is fairly consistent I like the surfing probably the most I like about it allies the surfing the beach surf can't do that anywhere else
-0.17	-0.02	 you're a different culture than the East Coast education's more valued back East so what I don't like is probably the personality is people here in traffic
-0.02	-0.07	 not currently but I have traveled a lot in the past but currently not really traveling
+0.02	-0.01	 changes the environment seeing different yo meeting different people that different cultures obviously depending where I'm traveling from traveling to Orange County it's not an entirely different deal in here but I mean like your upper would have would have you just different cultures different environments seeing different things
+0.08	+0.06	 David I've been to Europe many times in 2003 I went to Europe for several months just traveling around and I went to places I've never been before like Scandinavia and parts of Eastern Europe and I was interesting cuz I'd never know the typical Spain Italy London France trip I've done a million times but I've never been to Scandinavia which is a little bit different than Western Europe and obviously Eastern Europe is very different to
+0.15	+0.13	 okay not that particular trip but running with the bulls in Pamplona Spain that's very memorable which is actually going on right now as we speak
+0.01	-0.06	 equipment my main job that is my main job so I guess it's Logistics you can call it so basically the logistics of moving goods from point A to point B Freight forwarding you could call it
+0.09	+0.06	 because I am not shy I can talk to any stranger in a room on the street I'm not really afraid of people that I'm I'm not nervous or afraid so I'm comfortable talking to strangers
-0.07	+0.03	 not that I'm going up to every person on the street and having a conversation but if I'm at a party I don't know anybody I can strike up a conversation very easily
+0.07	-0.01	 it's good. But I'm the only one out here my family lives on the east coast and in abroad so but with technology it's easy to communicate with the email Facebook Skype so even though distance wise
+0.06	-0.01	 whatever like to yeah I just to relax and avoid stress I go surfing big stress reliever
+0.08	+0.03	 I go surfing and it's pretty intense pain can be dangerous and that relaxes me
-0.06	+0.01	 cuz what I'm in the water and when I forgot whenever I was stressed out about
-0.04	+0.23	 enough looking it up screensavers going to do it for me I got to do something physical
-0.10	+0.10	 you know for real for my buttons to get pushed they really have to get pushed so I don't even have a temperature control so
+0.05	+0.19	 action the excitement there is a war a conflict going on and it seemed like the right thing to do with the time and
-0.04	-0.01	 like that was more of an important thing to do then yes it in a job working
+0.03	-0.04	 it was easy I mean the transition was easy after I made a transition by going to graduate school after the military to ease into that transition and that was a that probably made it easier than going right for the military right to civilian life so I had a transitional phase for several years
-0.17	-0.01	 go after the military I'm sorry after the military went to graduate school and then I started working
-0.03	-0.03	 I wouldn't say it change me because it probably just fine-tuned whatever I had I was an officer and so you can't let go in and you're not going in when you're 18 you're going in after college so you got to have a little bit of discipline to go in and especially the branch that I went in so it didn't radically change me it just basically you know fine tune me
+0.07	+0.05	 you couldn't go in if I maybe if I wanted 18 it would have been something different but it did just fine tune me
-0.11	+0.07	 but I've been feeling fine I give you stress just looking anything but I intend to have a good way of managing stress
+0.01	-0.02	 cuz I guess I'm used to the stress so I can guide have learned to manage it well
-0.08	-0.06	 it's easy and other times extremely difficult so I'm Hit or Miss. I wouldn't say it's always easy for me to get a good night's sleep but
-0.31	+0.04	 hit or miss so it's like every night I can't go to sleep but I
+0.04	-0.05	 if I work out enough and surf enough I'm tired enough that I just sleep regardless so I guess it would say it's moderately easy for me to get a good night sleep
-0.16	+0.08	 otherwise I'll have too much energy too much on my mind that I'm able to go to sleep if I
-0.01	+0.21	 worked out enough surf for 4 hours 3 hours literally I'll be so exhausted that I have no doubt I'll fall asleep on the couch so
-0.20	+0.16	 if I don't I'll have a lot of energy and I'll get antsy and I have a lot of thoughts going through my head when I'm laying down at night. It'll be hard to go to sleep because too much stuff is racing through my head
-0.24	+0.09	 so what I got to do what I didn't do what I need to do
-0.45	+0.12	 I don't sleep well I just I'm probably I wouldn't say I'm like you're the bull I'm not an irritable person but I just feel like crap so I'm probably not as happy when I don't sleep well
-0.40	+0.21	 can I get a good night sleep and my body feels like crap if I don't get a good night sleep
-0.42	+0.13	 you tend to eat at me personally I tend you eat worse when I don't get a good night sleep
+0.42	+0.33	 but I got an answer the question probably don't know about a month ago I when I caught a really good big wave I felt really happy when I cut this big wave
+0.42	+0.28	 yeah I'm never upset or pissed off when I'm surfing I'm very happy when I'm surfing if I catch a big way very happy
+0.16	+0.11	 oh yesterday I can say surfing again but I'll keep repeating myself yesterday I went to Hollywood do a independent bookstore where they had a book reading and I was kind of cool
+0.33	+0.18	 physical abilities I'm very proud of so I've worked hard to be able to
+0.36	+0.21	 yo I do what I can do surfing and other things I'm a very good athlete I'm proud that I'm a very good athlete cuz I worked hard to be a good athlete
+0.22	+0.12	 yeah. I guess I'm proud that I'm an intelligent person to not just whatever born with an innate intelligence but fairly well-educated that and I worked hard for that so I'm proud that I'm an intelligent person
  [INFO] Predicted PHQ-8 score: 2.0

[20:25:24] → PID 618
prompt: -0.08	+0.08	 what are you going to go out there
+0.02	+0.01	 so I'm going to
+0.03	-0.01	 ignition to recognize what you say and
+0.03	-0.01	 so that she can also
-0.01	-0.05	 what school in New York to go to
+0.04	-0.02	 are you from the area
+0.01	+0.01	 so she could ask you a series of questions and when she's done she should say goodbye and then you can press a button man
+0.01	-0.08	 near Pennsylvania Great Lakes
+0.05	-0.04	 the diversity the coacher
+0.32	+0.10	 Bender Costa Rica spray beautiful and nice
+0.30	+0.13	 down there I went white-water rafting pretty fun
+0.04	-0.06	 I have my Master's in education
+0.50	+0.17	 I like it I like teaching it's so good job
+0.04	-0.01	 it's okay probably better
-0.03	-0.09	 Parenthood in Ohio Stow
-0.00	-0.09	 repeat few weeks ago
-0.01	-0.08	 the tire when I was younger college running discipline
+0.02	-0.08	 for the most part
+0.06	-0.05	 came back in and work to a job
+0.07	+0.02	 help me grow more mature
-0.01	-0.06	 you're going to write I suppose
-0.12	-0.03	 I can't think of anything different
-0.02	-0.07	 I think it was like
+0.02	-0.07	 two or three years
-0.20	+0.03	 fun experiences they just give me drugs and up the dosage
-0.16	+0.01	 I don't know it's just I've heard that question many times and I don't I can't think of
-0.06	+0.02	 I know if my daughter is supposed
+0.52	+0.22	 well she's 2 and 1/2 she's great she's fun most of the time
-0.14	-0.00	 yes but I don't know if we're still everything still
  [INFO] Predicted PHQ-8 score: 0.0

[20:25:30] → PID 619
/Users/kevinawang/Documents/GitHub/VA-classifier/src/utils/util.py:27: FutureWarning: You are using `torch.load` with `weights_only=False` (the current default value), which uses the default pickle module implicitly. It is possible to construct malicious pickle data which will execute arbitrary code during unpickling (See https://github.com/pytorch/pytorch/blob/main/SECURITY.md#untrusted-models for more details). In a future release, the default value for `weights_only` will be flipped to `True`. This limits the functions that could be executed during unpickling. Arbitrary objects will no longer be allowed to be loaded via this mode unless they are explicitly allowlisted by the user via `torch.serialization.add_safe_globals`. We recommend you start setting `weights_only=True` for any use case where you don't have full control of the loaded file. Please open an issue on GitHub for any issues related to this experimental feature.
  model.load_state_dict(torch.load(model_path, map_location=device))
Participants:  18%|█▊        | 10/56 [01:18<06:25,  8.38s/it]Some weights of RobertaModel were not initialized from the model checkpoint at roberta-base and are newly initialized: ['roberta.pooler.dense.bias', 'roberta.pooler.dense.weight']
You should probably TRAIN this model on a down-stream task to be able to use it for predictions and inference.
prompt: +0.22	+0.13	 I love the weather the diversity of the people that are here and just a sense of Entrepreneurship that you can accomplish anything if you're from LA
+0.19	+0.16	 sing something new I would like to see everything that my eyes can explore so experiencing new cultures and new environments
+0.11	+0.06	 okay the last trip that I can think of that I went on was to North Carolina which is somewhere that I lived before I went back to visit for a weekend and it was kind of like a party welcome home back time and then I came back to LA
+0.36	+0.30	 having my children I was I would probably be the most memorable experiences I've had I had both of my children natural childbirth without any medication so quite memorable
+0.06	+0.02	 in high school I was in a music Magnum I was a dancer and I sang a bit but primarily dance and in college my major is business with entrepreneurial I don't know I've stopped in college right now but I want to pursue business
+0.04	-0.01	 primarily stay at home with my newborn baby while she's not a newborn she's 9 months now and I just work part-time mostly from home
+0.10	+0.05	 my dream job would definitely incorporate helping people on some type of platform may be working for a non-profit but where I could really juggle and balance being at home taking care of my family and incorporating that with providing a service that provides income
+0.19	+0.18	 I make direct eye contact I'm not afraid to engage in conversation with people I enjoy meeting new people and conversation so I think that just really being willing to actually go out and talk and Explorer makes me all going
+0.12	+0.07	 I have my mother I was raised with and my sister will 10 years younger than me those remind me dear family and my own family as I have a 12 year old son a 9 month old daughter and my boyfriend is my current family that I live with and I'm very close to my family
+0.09	+0.00	 I do like to read sometimes it definitely listen to music same thing just try to get my mind away I enjoy all types of music or sometimes I play games on my computer or just playing with my kids
-0.28	+0.08	 needs Improvement for sure I think that I displayed too much email emotion be a good or bad so I was have a little bit of a temper
-0.23	+0.13	 the last time I argue with someone was over the weekend and it was with my boyfriend and it was really about contemplating breaking up and moving away from each other
-0.22	+0.11	 in most arguments when I reflect back the main thing that I wish I would handle differently is not losing my cool controlling my temper I wish that even In the Heat of the Moment that this is the temperament and type of communication that I use
-0.34	+0.03	 I guess making what I feel like our bad decisions not being able to provide enough for my children or not feeling like I am where I'm capable of being a should be at this point in life
+0.03	+0.08	 whether to go to a memorial for my aunt or to work that I guess in retrospect wasn't including but really it was a decision for me on business or family and I chose family and it's made me
-0.37	+0.22	 an event or space or something I could have raised for my memory would be a 911 the whole experience of 9/11 and I wish I could erase it for the entire country
-0.06	+0.03	 I got being born and raised in Los Angeles I kind of feel that a very free spirit and I'd say maybe hippie personality and when I graduated from high school I just felt that I wasn't reaching my potential and thought I could help myself by trying to establish some discipline I thought that was something that the military put off for me and it did
-0.09	+0.01	 support for the air portion of the war was being it's his was being it happened it was happening from Saudi Arabia
-0.35	+0.13	 not very easy I think that was a very very hard time or scary time to be away from my family my son was only 12 months when I left 13 months when I left at the time it was very hard to adjust to get back to establishing trust with him again and just from being gone for 4 months it was difficult to readjust with such a big thing that had affected our entire country and in the entire world
+0.06	-0.03	 after the military I started working for the restaurant industry I became a restaurant manager and eventually a training manager and ran I'm training for a restaurant for for the house and back of house employees all aspects of the restaurant
+0.03	-0.02	 aggressive I don't know if that's the best word to use may be confident I'm very aware of eye contact paying attention to detail and timeliness things of that nature I'd say the positive factors of the military are being very disciplined and again paying attention to detail
-0.32	+0.27	 lately I've been pretty hard on myself I haven't been working much just taking care of the baby and I'm really really trying to figure out which direction I went next in life howling forward
-0.36	+0.09	 I feel like I need a lot more encouragement I feel like I'm a lot more needy and clingy Than I Used to Be however at the same time I've been isolating myself a whole lot more than I usually do
-0.04	-0.02	 it depends on what's happening with my daughter if my baby is awake I'm awake when she sleeps I sleep
-0.17	+0.03	 you know I've been talking to a therapist for about the past 3 months I have not had a full psychological evaluation but she definitely said I was just playing fine of PTSD depression and anxiety
+0.43	+0.26	 definitely what I had my baby 9 months ago really happy lately I can't think of an exact time or experience
+0.23	+0.10	 my grandmother has been a very positive influence in my life my mother have expended a lot of strong women I look up to have been very powerful influences on my life
+0.39	+0.18	 well on the 4th of July I took my baby out to the park and just played with bubbles I know that's a little but that really makes me happy spend time with my kids and just being in the moment and being still and feel like I have no needs to be met just enjoying my time with my children
+0.29	+0.18	 I am most proud of Taking Chances even though I think I'm hard on myself sometimes I think I've been very courageous I joined the military young Ace I left my family I moved to different parts of the country by myself I most proud of myself for Taking Chances
  [INFO] Predicted PHQ-8 score: 7.0

[20:25:42] → PID 620
/Users/kevinawang/Documents/GitHub/VA-classifier/src/utils/util.py:27: FutureWarning: You are using `torch.load` with `weights_only=False` (the current default value), which uses the default pickle module implicitly. It is possible to construct malicious pickle data which will execute arbitrary code during unpickling (See https://github.com/pytorch/pytorch/blob/main/SECURITY.md#untrusted-models for more details). In a future release, the default value for `weights_only` will be flipped to `True`. This limits the functions that could be executed during unpickling. Arbitrary objects will no longer be allowed to be loaded via this mode unless they are explicitly allowlisted by the user via `torch.serialization.add_safe_globals`. We recommend you start setting `weights_only=True` for any use case where you don't have full control of the loaded file. Please open an issue on GitHub for any issues related to this experimental feature.
  model.load_state_dict(torch.load(model_path, map_location=device))
Participants:  20%|█▉        | 11/56 [01:21<05:15,  7.01s/it]Some weights of RobertaModel were not initialized from the model checkpoint at roberta-base and are newly initialized: ['roberta.pooler.dense.bias', 'roberta.pooler.dense.weight']
You should probably TRAIN this model on a down-stream task to be able to use it for predictions and inference.
/Users/kevinawang/Documents/GitHub/VA-classifier/src/utils/util.py:27: FutureWarning: You are using `torch.load` with `weights_only=False` (the current default value), which uses the default pickle module implicitly. It is possible to construct malicious pickle data which will execute arbitrary code during unpickling (See https://github.com/pytorch/pytorch/blob/main/SECURITY.md#untrusted-models for more details). In a future release, the default value for `weights_only` will be flipped to `True`. This limits the functions that could be executed during unpickling. Arbitrary objects will no longer be allowed to be loaded via this mode unless they are explicitly allowlisted by the user via `torch.serialization.add_safe_globals`. We recommend you start setting `weights_only=True` for any use case where you don't have full control of the loaded file. Please open an issue on GitHub for any issues related to this experimental feature.
  model.load_state_dict(torch.load(model_path, map_location=device))
Participants:  21%|██▏       | 12/56 [01:31<05:42,  7.77s/it]Some weights of RobertaModel were not initialized from the model checkpoint at roberta-base and are newly initialized: ['roberta.pooler.dense.bias', 'roberta.pooler.dense.weight']
You should probably TRAIN this model on a down-stream task to be able to use it for predictions and inference.
prompt: -0.00	+0.00	 oh okay my cousin went Upstate but Cornell he has a beautiful waterfalls blah blah blah
-0.01	-0.06	 he was he was the lawyer for the deposed Governor Patterson of New York
+0.02	-0.05	 she's at an angle which is okay but I'm just going to just observe
-0.17	+0.09	 I've been doing it for 6 weeks and the technology failed us every time except the last time
-0.02	-0.01	 are you running three or four rooms at the same time
+0.45	+0.27	 I am extremely happy to be in La I'm extremely happy to be not on the East Coast so I'm going to say that I have no complaints
+0.01	-0.05	 I pretty much live in a village and my Village is a couple square miles and
+0.26	+0.06	 I travel by bicycle and I enjoy the fitness that I drive
+0.02	-0.04	 I have the same trip everyday jump on the bike by Sunset Strip roll to my downhill to the farmer's market for lunch tell three more miles uphill to the post office and shopping and roll down Sunset back home again
+0.31	+0.16	 I used to attend the Little League World Series and that was a memorable experience
+0.07	+0.01	 I have involved in politics and writing and I just launched an internet radio show
+0.08	+0.12	 it might be reasonable to say that I have that dream job right now in terms of I'm fully immersed in the media and I have an outlet
-0.04	-0.01	 I'm a pretty perfect combination of both but I'm not going as a public persona
+0.04	+0.02	 well it is necessary to be out going to communicate to persuade to function in society and to entertain and to have Lively up friendships
+0.29	+0.09	 I'm the oldest of nine we're in pretty good shape I talk to my brother John each week my sister Mary each week my sister Patty each week my sister Dolores every couple weeks so what we're in pretty good shape
+0.01	-0.04	 watch MSNBC I watched all of them any of the political shows
-0.01	+0.03	 but I would say that I'm okay if controlling my temper I I don't have fights and I've never had any trouble with the law so perhaps I'm doing something right
-0.24	+0.04	 oh I had a minor disagreement with my brother last night just about
-0.01	+0.01	 the Dynamics of the radio show and the concept of a permanent co-host versus rotating guest hosts and we each look at it differently and I really didn't fight with him I let him have his opinion
+0.01	-0.03	 nothing really leaps to mind I am old enough that I
+0.02	+0.08	 well that's the hardest decision I ever made was the easiest decision I ever made which was leaving the confines of the East Coast traveling 3000 Miles without family or friends because it was important to do for to fulfill myself
+0.16	+0.14	 you know it's hard to respond to that because even negative images and experiences I learn from you know I'm going to be philosophical and say I'm happy for
-0.04	-0.07	 it was not much of a decision that was essentially a forced on me and others we had a draft at that time
-0.14	+0.12	 did I see combat we were rocketed and I was never a med Evac hospital I've seen
-0.02	-0.06	 don't know I went back to civilian life I worked a job and went to school and function
+0.03	-0.06	 I came home to Pennsylvania finished my college and and then moved to California
+0.09	+0.04	 I didn't quite hear that one how did the military treat me fairly and I got to the benefit of the GI bill for my education and I currently have the medical benefit of the VA so I suppose the deal worked out favorably for each of us
+0.31	+0.10	 I'm getting more done being more productive and more fulfilled lately
-0.18	-0.02	 when I typically do sleep well if I don't get enough sleep it impacts my day of course
+0.46	+0.28	 I felt really happy on Sunday having achieved a radio program and I got on the internet and shared it with my friends
+0.29	+0.13	 gave me my first job and radio and up to with a wonderful thing
+0.22	+0.10	 you might have to ask him I think people find me pretty upbeat cheerful enthusiastic they certainly would say smart
+0.40	+0.23	 10 mile bike ride in the Heat and I'm happy that I'm physically able to do that
+0.19	+0.16	 that I have survived the most proud that I've survived all manner of dangers
+0.20	+0.20	 and I have endured I have persevered I'll even be bold enough to say that I have a Triumph
  [INFO] Predicted PHQ-8 score: 0.0

[20:25:46] → PID 622
prompt: +0.13	+0.09	 would love to learn about you I'll ask if you
+0.02	+0.02	 what are some things you really like about a lie
+0.04	-0.05	 I have traveled extensively in the military and driving truck cross country
+0.13	+0.04	 seeing the sights of the world and the United States
+0.24	+0.12	 one of my most memorable trips was the first time I went to Germany
-0.02	-0.02	 and I was in the Army in the American Army but I joined an American army or German army
-0.01	-0.05	 what you study at school what most guys study
-0.01	-0.00	 what do you do now I've retired from the military from driving truck and Social Security
+0.06	+0.07	 I figured if I can make it this long I must have some luck with me
-0.52	+0.15	 they're just being my sister and an older brother left my parents are both dead my grandparents are dead
+0.04	-0.04	 I get along real good with my sister our brother lives up north we have some communication with him but not much
-0.10	+0.10	 when was the last time you argue with someone and what was it about last time I had an argument
-0.04	-0.02	 what much of an argument it would just
+0.03	+0.08	 where are you I wanted to go to dinner and where she wanted to go
-0.08	+0.10	 she still wants to go out on dates and I try but
-0.01	+0.06	 I've been out of the area for 50 years I just moved back 2 years ago so she knows wherever everything sat and I'm still trying to learn it again
-0.11	-0.02	 can't think of any right off the top
-0.14	+0.07	 tell me about the hardest decision you've ever had
-0.10	-0.00	 DARS decisions that I've ever had to make
-0.31	+0.15	 you're going a little fast for me but the hardest decision I've ever had to make was saying goodbye to my dad
+0.05	+0.04	 have you ever served in the military yes
+0.02	-0.02	 how old were you when you join the military
+0.03	-0.07	 well I was a mechanic for a while worked in Supply
-0.00	-0.04	 I turned my last ten years I was a military policeman
-0.00	+0.00	 how is the weather for you to go back to civilian life I miss the military for a while the the discipline but I kind of got over there
+0.01	-0.05	 I was a deputy sheriff for a while then I went to drive a truck local then I went to drive and truck cross country
-0.24	+0.02	 pretty good and a little bout with with cancer and that's been taken care of that's partially why I can't talk real good
+0.19	+0.12	 I exercise everyday I ate good and I do just about whatever I want to do
-0.14	+0.01	 have you noticed any changes in your behavior or thoughts lately no excuse me
+0.06	-0.01	 how easy is it for you to get a good night sleep
-0.26	-0.00	 you go to bed and go to sleep all I can do is lay down and close my eyes
-0.16	+0.02	 what are you like when you don't sleep well if it's too warm
-0.17	+0.02	 sometimes I'll wake up and it'll just be too hot I'll turn on the fan go back to sleep
+0.22	+0.25	 when is the last time you felt really happy and really a penis
+0.50	+0.40	 and I've been with her ever since and I've been happier since I met her than I ever have in my life
+0.12	+0.00	 who's some of it's been a positive influence in your life
+0.39	+0.14	 something you did recently that you really enjoyed
+0.52	+0.32	 I really enjoyed going to Julian with my lady this last weekend had a blast
+0.22	+0.14	 what are you most proud of in your life
-0.02	+0.07	 okay I think I've asked everything I need to
+0.25	+0.06	 thanks for sharing your thoughts with me okay bye bye
  [INFO] Predicted PHQ-8 score: 1.0

[20:25:56] → PID 623
/Users/kevinawang/Documents/GitHub/VA-classifier/src/utils/util.py:27: FutureWarning: You are using `torch.load` with `weights_only=False` (the current default value), which uses the default pickle module implicitly. It is possible to construct malicious pickle data which will execute arbitrary code during unpickling (See https://github.com/pytorch/pytorch/blob/main/SECURITY.md#untrusted-models for more details). In a future release, the default value for `weights_only` will be flipped to `True`. This limits the functions that could be executed during unpickling. Arbitrary objects will no longer be allowed to be loaded via this mode unless they are explicitly allowlisted by the user via `torch.serialization.add_safe_globals`. We recommend you start setting `weights_only=True` for any use case where you don't have full control of the loaded file. Please open an issue on GitHub for any issues related to this experimental feature.
  model.load_state_dict(torch.load(model_path, map_location=device))
Participants:  23%|██▎       | 13/56 [01:39<05:39,  7.90s/it]Some weights of RobertaModel were not initialized from the model checkpoint at roberta-base and are newly initialized: ['roberta.pooler.dense.bias', 'roberta.pooler.dense.weight']
You should probably TRAIN this model on a down-stream task to be able to use it for predictions and inference.
prompt: +0.25	+0.11	 I sometime like the fast-paced of it I like the weather the beaches and I like the opportunities that you have here versus
+0.39	+0.17	 any other cities that I've been that I lived in so loved the weather is nice city to live in
-0.34	+0.01	 pretty spread out city is hard to kind of get two things if you don't have a car that makes it hard and the mass the transportation here is not as good so are those are just a few things that I I don't like about la
+0.19	+0.10	 what I enjoy about traveling is boarding a plane and going somewhere that you possibly never been before I like the idea of where you going you may experience new things meet new people and just a overall fact of getting out of your environment
+0.24	+0.16	 one of my trips is been such a long long time ago I went to your particular I flew into Belgium that was a great experience and I went to visit my brother that stayed in Belgium Brussels and I was over there for two weeks I got to visit I actually drove from Belgium
+0.14	+0.05	 why didn't further my education in college but I did finish high school and some of the subject that I liked and I was in high school was I love American history
+0.13	+0.02	 and I enjoyed science stairs with some to a my top subjects when I was in high school
+0.04	+0.00	 and now I work in real estate I work for a guy in real estate and I find property's or properties that has been abandoned by their owners or whoever that live there and if we can find the people we we we offered them a contract on the property then once they agree to that everybody signs off on it and then we start to go in and rehabitat the place fix it up clean it up and turn around and sell it at all and I put up Advertising Signs for the business also so I'm evolve a little bit into real estate
+0.13	+0.10	 real estate can bring that once I start to achieve it so I guess my dream job would be to
+0.21	+0.07	 how my own slower properties throughout California and possibly throughout some other states in our country and just doing very well in real estate
-0.03	+0.01	 I love to engage in intellectual conversations I like to debate I'm not sure I'm very open to any Topic in the subject that anyone want to speak about or speak on
+0.03	+0.04	 maybe 11 12 years now my mother is still alive she's live back in Georgia. Believe she's 75 years old now for social switch still resides in Georgia or brother that lives in outside Detroit
+0.01	-0.08	 so that makes up my family I contact them on a weekly basis via email or text
-0.21	+0.01	 or phone call or very close very close Southern family and I love them very much just don't get to see them as much as I like to
+0.09	+0.02	 I'm what I do to relax is to connect with on some close friends also I found out if I
+0.03	+0.01	 do my thing is sort of really stressed I like to work out so a lot of times I go and take the dog for a walk or I'll watch a nice comedy on television so that's sort of how I get to
-0.18	+0.07	 I'm very easy I'm I'm very hard to get upset so it's nothing to control their but when I do feel like there is a temple coming on I sort of think about something else to do or
-0.29	+0.20	 always think of something positive to do when I feel like my temper is starting to escalate
-0.12	+0.04	 just last night my girlfriend where it was an argument but she felt like I wasn't giving her enough attention and I felt like I was giving her a lot of attention so neither one of us was willing to give an inch that's that's a trademark of aquarius so we sort of Argyll way to sleep
-0.22	+0.01	 not a big argument but we just couldn't agree on what we wanted to get across to one another
-0.21	+0.08	 I did I went through about 7 years ago I should have thought it out
-0.17	-0.01	 I guess if that's the case I guess that would be something that I wish I could have done different
-0.22	+0.07	 agreeing to go into the military and I thought about it I didn't want to do it so it was a really hard decision because I knew once I had agreed to do it
-0.15	+0.02	 to sign my name then I was obligated to go so that was a very hard decision
+0.32	+0.16	 I felt like actually going back to that first question I was about 19 years old when I joined the military I felt good about it
+0.11	+0.15	 it was something I thought about doing and I wanted to do it I felt like it was
+0.03	+0.02	 becoming of a man back then to join the military and I thought good about it and as I look at it today really kind of
+0.02	+0.03	 set me up to the point that I'm in my life now with the discipline and the structure of your life and your your family life so it really kind of
+0.08	+0.06	 in 1985 I spent six six months in a cup of Romaine in 1985 and that was a really
+0.02	+0.04	 I was really easy because after 4 years of serving in military I was I was done I was I was over it I was right to get back into civilian world and see what
+0.26	+0.10	 and so far as been good but I'm glad at the same time I'm glad I had that military experience you know that that military back and I have in my back pocket but I was ready for civilian life in
+0.30	+0.07	 about 14 years as a security officer real nice job good pay unfortunate in 2005
-0.24	+0.04	 my department was cut out due to the company not willing to negotiate our contract again so after 14 years of that I was let go
-0.02	-0.01	 see things a little different and civilian life it makes you a little bit stronger and make sure a little bit more discipline than the regular
+0.03	+0.02	 better person all the way around how to accept things I have to accept different peoples in different cultures and it just makes you open up with your your thinking process
+0.23	+0.03	 and I'm pretty good lately not as good as I want to feel but I've been I've been I've been feeling okay
-0.27	-0.02	 lately has been little bit hard because for some reason my neck have been tightening up on me so it's been a little bit difficult to get a good night sleep. Over the last couple weeks or so
-0.25	-0.01	 those are some of the things that you know normally happens to me when I don't sleep well
+0.07	+0.02	 when I was able to move away from my mother-in-law's house and move into my own house which is about 4 years ago
+0.42	+0.25	 and I made me really happy because me and my four kids and Kearney at that time my wife was all staying with
+0.33	+0.26	 my mother-in-law and which we stay there for five years so I thought when we got our house I was so happy because I could do what I want to do I could move around as I wanted to in until
+0.03	+0.00	 I would say my mother course and my brother and my mother course because she's the one that brought me
+0.02	-0.04	 and my brothers because I sort of see how he goes about his business and I sort of
-0.12	+0.02	 so I don't want to go down that same road as he's gone down and so those are my two
  [INFO] Predicted PHQ-8 score: 1.0

[20:26:04] → PID 624
/Users/kevinawang/Documents/GitHub/VA-classifier/src/utils/util.py:27: FutureWarning: You are using `torch.load` with `weights_only=False` (the current default value), which uses the default pickle module implicitly. It is possible to construct malicious pickle data which will execute arbitrary code during unpickling (See https://github.com/pytorch/pytorch/blob/main/SECURITY.md#untrusted-models for more details). In a future release, the default value for `weights_only` will be flipped to `True`. This limits the functions that could be executed during unpickling. Arbitrary objects will no longer be allowed to be loaded via this mode unless they are explicitly allowlisted by the user via `torch.serialization.add_safe_globals`. We recommend you start setting `weights_only=True` for any use case where you don't have full control of the loaded file. Please open an issue on GitHub for any issues related to this experimental feature.
  model.load_state_dict(torch.load(model_path, map_location=device))
Participants:  25%|██▌       | 14/56 [01:50<06:12,  8.86s/it]Some weights of RobertaModel were not initialized from the model checkpoint at roberta-base and are newly initialized: ['roberta.pooler.dense.bias', 'roberta.pooler.dense.weight']
You should probably TRAIN this model on a down-stream task to be able to use it for predictions and inference.
/Users/kevinawang/Documents/GitHub/VA-classifier/src/utils/util.py:27: FutureWarning: You are using `torch.load` with `weights_only=False` (the current default value), which uses the default pickle module implicitly. It is possible to construct malicious pickle data which will execute arbitrary code during unpickling (See https://github.com/pytorch/pytorch/blob/main/SECURITY.md#untrusted-models for more details). In a future release, the default value for `weights_only` will be flipped to `True`. This limits the functions that could be executed during unpickling. Arbitrary objects will no longer be allowed to be loaded via this mode unless they are explicitly allowlisted by the user via `torch.serialization.add_safe_globals`. We recommend you start setting `weights_only=True` for any use case where you don't have full control of the loaded file. Please open an issue on GitHub for any issues related to this experimental feature.
  model.load_state_dict(torch.load(model_path, map_location=device))
Participants:  27%|██▋       | 15/56 [01:59<06:01,  8.83s/it]Some weights of RobertaModel were not initialized from the model checkpoint at roberta-base and are newly initialized: ['roberta.pooler.dense.bias', 'roberta.pooler.dense.weight']
You should probably TRAIN this model on a down-stream task to be able to use it for predictions and inference.
/Users/kevinawang/Documents/GitHub/VA-classifier/src/utils/util.py:27: FutureWarning: You are using `torch.load` with `weights_only=False` (the current default value), which uses the default pickle module implicitly. It is possible to construct malicious pickle data which will execute arbitrary code during unpickling (See https://github.com/pytorch/pytorch/blob/main/SECURITY.md#untrusted-models for more details). In a future release, the default value for `weights_only` will be flipped to `True`. This limits the functions that could be executed during unpickling. Arbitrary objects will no longer be allowed to be loaded via this mode unless they are explicitly allowlisted by the user via `torch.serialization.add_safe_globals`. We recommend you start setting `weights_only=True` for any use case where you don't have full control of the loaded file. Please open an issue on GitHub for any issues related to this experimental feature.
  model.load_state_dict(torch.load(model_path, map_location=device))
Participants:  29%|██▊       | 16/56 [02:03<04:51,  7.29s/it]Some weights of RobertaModel were not initialized from the model checkpoint at roberta-base and are newly initialized: ['roberta.pooler.dense.bias', 'roberta.pooler.dense.weight']
You should probably TRAIN this model on a down-stream task to be able to use it for predictions and inference.
prompt: -0.02	-0.02	so I'm going to bring up
-0.05	-0.03	I understand I know how it is
+0.01	+0.00	so she's going to ask you a few questions
-0.04	+0.02	 and then what you think she should say goodbye
-0.02	+0.01	 no that's a lot of people
-0.07	-0.07	 don't see the same people every day
+0.03	-0.05	 one employee currently I was working in the field of recovery
-0.20	+0.06	 but I'm not doing that any longer
+0.06	+0.08	 my dream job be to work for myself
+0.04	-0.01	 working with children trying to give him a better quality of life I know that's important to start early
+0.06	+0.00	 always have been something that was developing me early
+0.08	+0.06	 Goodwill opening up showing my emotions and feelings
-0.42	+0.12	 and that's not good and I have three sons and
-0.29	+0.00	 very tired with a relationship
+0.02	+0.06	 workout if I can swim
-0.09	-0.03	 play basketball while used to play basketball can't anymore
-0.24	+0.04	 I guess people trying to run my life
-0.37	+0.11	 wow so many I wish I would have
+0.18	+0.05	 spend more time trying to be with my sunshine
-0.01	+0.02	 reach out to him or trying to be there for them
-0.44	+0.11	 when I try to commit suicide
+0.15	+0.07	 I really wanted to do it but I'm glad I didn't
-0.03	+0.13	 want to get out of that small-town want to try to make something of myself
+0.00	-0.04	 thought the Army was the way to go
-0.03	-0.06	 please do The Hideout in the blend in
-0.03	-0.01	 I ran for myself for years
+0.52	+0.17	 I'm pleased with my life
+0.11	+0.07	 travel to many different places that I can never get away from me
-0.26	-0.04	 a man with many problems
-0.17	-0.00	 health-wise I miss feeling too hot either
+0.11	+0.09	 but I'm coming back together
+0.01	+0.12	 yeah I feel like more
-0.08	-0.01	 very cautious of people surroundings
-0.42	+0.11	 sleep medication I'm taking doesn't work anymore
-0.38	+0.05	 haven't seen my doctor it is very difficult I'm up most of the night
-0.01	-0.07	 up the next morning early
-0.23	+0.04	 I don't know it feel funny I just
+0.55	+0.32	 months ago 6 7 months ago and I felt really happy
+0.06	+0.00	 that's what my medication was working
-0.11	-0.05	 I didn't have any cares
-0.11	+0.04	 my mother always let me know when I did something wrong
+0.09	+0.02	 she always have found me
+0.08	+0.20	 want me to be better and I know she love me
+0.18	+0.17	 and that was huge for me cuz
-0.04	-0.04	 she's about the only one that did
  [INFO] Predicted PHQ-8 score: 12.0

[20:26:15] → PID 625
prompt: -0.02	+0.00	 then Italy speech speech recognition to like I register what you say and then he's a series of
+0.01	-0.04	 I know what to do back in the reason that the connection webcam is so that it can also take into account your facial expressions and your posture
-0.04	+0.00	 I kind of wish that was really cool I am not doing so yet because I have just finished my second year so
-0.13	+0.01	 no not not anymore I used to but no not not lately in the last few years now
+0.23	+0.15	 working on a movie set and getting to meet one of my favorite actors and also when I was in the military having being able to travel in Europe in a lot of places I thought I'd never be able to see
-0.16	-0.05	 actually right now I work part-time I don't have to actually have a steady job but you know I do some work with family members on Home Improvements but the primarily I'm I'm disabled so I don't get a chance to go to work very often at regular job
+0.03	-0.01	 oh probably work in some type of entertainment film music that's probably been my dream for years and years and I've kind of dabbled in a little bit but never really made
+0.09	+0.10	 I just love people always have been a people person like to talk to people probably don't talk to people as much as I used to since it ain't got this missing tooth in my in my smile so it kind of takes away from me being as outgoing as I used to be
+0.09	+0.06	 it's pretty good I have three children have to Mom baby moms meaning you know I have two mothers of my kids but primarily my mom and I are pretty close but I have a very large family but we really don't interact that much
-0.01	+0.05	 play videogames right read I wish I could get enough get-up-and-go to write a screenplay I've always been wanting to write and you never know what may happen with that but you know if I ever get some get up and go I'll write something but that's primarily what I do
-0.30	+0.05	 pretty good I haven't done anything crazy or nothing in my life I guess but I do have a tendency to have a little bad temper
-0.08	-0.00	 this was recently argue with a friend over something very silly it was a sports question of something about sports and you know over the years my family are some people in my family have told me there's three things you really don't discuss with people that's politics Sports and religion so I try to stay away from those subjects
+0.02	+0.03	 that's a great question I worked for a restaurant downtown who was which was owned by a very affluent lawyer in Los Angeles
-0.14	+0.12	 the only reason I'm mentioning his name because he's very prominent lawyer and not only in California but this what's this country and I lost a job they're getting into an argument with the manager of the restaurant but in actuality the owners is partner we're very very kind and they really liked me a lot and I should have never let that situation get to that
-0.25	+0.09	 probably not spending more time with my children or actually spending time with my oldest daughter who lives in Maryland I feel guilty for not having been more of a success in my life
-0.23	+0.05	 not having as much drive and determination as I should have that's probably my biggest no regret or what I feel is guilty about
+0.03	+0.04	 probably the hardest decision I've ever had to make was to join the military I had heard a lot of bad things about it at her good things about it but at that particular time of my life I had a you know a fork in the road and I had to choose where they go left to right and I chose to go left and joined the army and turned out it wasn't that bad of a decision
-0.37	+0.11	 that's 20 years to be exact and it hasn't really affected me employment wise or anything like that but it's but it's it was on my record and it was something that should have been avoided but it happened and I just wish I could take that one back
-0.08	+0.10	 well three reasons one I needed a change in my life to I had some personal things going on I felt it was time to like you know just taking advantage of her and try something different and I just wasn't really happy in my college experience so I thought I'd try it
-0.03	-0.02	 I worked I was in the military when the Russians were still prevalent in Eastern Europe and we did some board of Duty between the East and West Germany and there are few incidences On the Border that could have gotten out of hand but never did
-0.28	+0.05	 since since leaving the military in 1990 I found myself not being able to kind of interact with people as much as I used to you know things being that I was in the military you think that was a would be a little easier having live with people so close to you all the time but it actually made me a little bit more anxious and have little more anxiety around people
-0.00	-0.06	 I came back to Los Angeles and decided to move to Georgia and spent four years in Georgia working and going to school a little bit and then came back to Los Angeles four years later after 1990
+0.00	+0.02	 on the positive side I was physically fit when I got out very physically fit and enjoy being that way for several years until you know of some things happened in my life to where I kind of let myself go
+0.11	-0.02	 go to sleep and sleep well some nights I toss and turn but it's rare and I would say it's rare but you know once I get to sleep I sleep fairly well
-0.06	-0.06	 hello are visible in the mornings but since I live alone and a lot of people don't really feel that so
+0.31	+0.20	 but that ain't none of my kids are around it's it's always more enjoyable to wake up cuz you know I can see their faces and and enjoy their company
-0.24	-0.01	 no I haven't actually been diagnosed with depression but I have bats of that every now and then
+0.53	+0.29	 fairly recently I have my kids over for the weekend and I we had a good time enjoying each other's company so I was pretty happy man
+0.11	+0.01	 I would probably say Pastor from my church her name is Pastor Beverly Allan she's been kind of a mentor for me for several years and she's a bit of a really big influence in my life and always kind of been there for me
+0.08	-0.00	 hopefully well they would say I was funny you know reliable steady and you know primarily upbeat person
+0.14	+0.12	 play begin a bunch of guys will go out we'll go bowling just have a good evening and you know enjoying each other's company and trying to kick each other's butt on the Bowling
+0.45	+0.25	 they're my pride and joy then extension of me once I pass away the bill live on I live on through them so it's just an honor to know your have three healthy children that are happy very intelligent and maybe make a good Market Society
  [INFO] Predicted PHQ-8 score: 4.0

[20:26:24] → PID 626
prompt: +0.13	+0.06	 I like beach the city have a closed everything is do anything here
+0.05	-0.02	 sometimes I've been quite a few places
-0.12	-0.02	 getting away trying to go see other places other historical sightings
+0.16	+0.06	 just recently I went to Italy we went and saw Pisa and Rome and Florence and Natalie
+0.06	-0.01	 I like to be at the middle of things
-0.04	-0.00	 it's all right if you know my mom's left
+0.06	-0.06	 I play video games or watch movies
-0.25	-0.03	 I really can't think of anything
-0.06	-0.03	 I don't really feel guilty about anything
+0.02	-0.05	 that would be joining the Army
-0.11	-0.07	 don't really have anything that like to erase my memory
-0.06	+0.05	 my wife was kind of stuck so I needed to change something up for me was a good choice
-0.01	-0.03	 yeah I did one combat tour
+0.03	-0.06	 pretty easy it wasn't a real rough deployment
+0.03	-0.03	 I am going back to school
-0.08	-0.01	 I don't really think it changed me all that much I met him might be more responsible now
+0.12	-0.04	 not much to tell just going day-by-day I feel fine
+0.11	+0.09	 mint shape makes me want to be better
+0.29	+0.11	 I spend most of my time working on my cars that got to project cars are a lot of fun
  [INFO] Predicted PHQ-8 score: 0.0

[20:26:27] → PID 629
/Users/kevinawang/Documents/GitHub/VA-classifier/src/utils/util.py:27: FutureWarning: You are using `torch.load` with `weights_only=False` (the current default value), which uses the default pickle module implicitly. It is possible to construct malicious pickle data which will execute arbitrary code during unpickling (See https://github.com/pytorch/pytorch/blob/main/SECURITY.md#untrusted-models for more details). In a future release, the default value for `weights_only` will be flipped to `True`. This limits the functions that could be executed during unpickling. Arbitrary objects will no longer be allowed to be loaded via this mode unless they are explicitly allowlisted by the user via `torch.serialization.add_safe_globals`. We recommend you start setting `weights_only=True` for any use case where you don't have full control of the loaded file. Please open an issue on GitHub for any issues related to this experimental feature.
  model.load_state_dict(torch.load(model_path, map_location=device))
Participants:  30%|███       | 17/56 [02:11<04:57,  7.63s/it]Some weights of RobertaModel were not initialized from the model checkpoint at roberta-base and are newly initialized: ['roberta.pooler.dense.bias', 'roberta.pooler.dense.weight']
You should probably TRAIN this model on a down-stream task to be able to use it for predictions and inference.
prompt: +0.03	-0.02	 and so she can ask you a series of questions and then at the end she'll say goodbye and then you'll press this button
-0.04	-0.04	 no not right now I am in a job that they're just commute back and forth about 12 miles so that's about as the extent of my traveling
-0.01	-0.02	 what do I enjoy about traveling probably seeing new places when I due to trouble seeing new places and people from different states different countries and picking up on their cultures
+0.28	+0.12	 I have a friend in Atlanta Georgia and he works for the TV that work down there and when the Dodgers were playing in Atlanta I took a trip to go see him and we went to go see the games as well Atlanta is a good nice Sports Town hot and muggy but we could deal with it as much like here the expressways are about the same traffic they have their own traffic problems but it was really good experience I got to see and meet people from Atlanta Georgia and it was really nice time
+0.13	+0.12	 we had a little resistance and trouble from Saudi Arabia into Kuwait and liberate Kuwait City and there was it was great
+0.12	+0.07	 what I studied at school basically was broadcasting and the radio and cuz I was a radio operator in the Marine Corps so I could study broadcasting I am but I also love history
+0.10	+0.06	 similar to what I have in the Marine Corps I was a Sergeant Marine Corps had my own Squad so if I could have being in a management position where I have my own crew and take care of my own crew and look after their needs that would probably be my dream position
-0.20	+0.01	 it depends on the kind of mood I'm in sometimes I am I feel shy and just want to stay home other times I'm a little
+0.15	+0.16	 outgoing I want to go out with my friends and and go to dinner and have drinks and watch a sporting event
+0.33	+0.17	 why cuz I'm feeling good and I want to feel company of my friends and just want to talk and Converse
+0.25	+0.10	 how good relationship with my family my mother is like one of my best friends I have confide in her with basically all of my problems and good things my dad is is very good man we get along very well and I have three sisters that the two of them I see on a regular basis and one of them I really don't but we're all we're close family
+0.11	+0.05	 is a my apartment complex I have a Jacuzzi so I spend 20 minutes in the jacuzzi and go for a swim afterwards or I will go on a bike ride I have my own mountain bike and I like to travel 5 miles then get to work out it so when I'm feeling since I go get a workout
-0.33	+0.17	 concussion I'm sometimes it's it's very hard but I have to look at myself in and limit myself on what the possible consequences of an uproar of my upper could could lead to so whether to be with my family or my co-workers I have to always look at my soft before I get very angry and and temperament that temperamental
-0.27	+0.09	 was probably with my Dad we I go visit my parents and they have a pool and a pond trying to clean the pool we had a disagreement so we had an argument
-0.19	+0.01	 and I think I could have probably avoided it if I read the signs probably work a little harder and
-0.02	+0.04	 hardest decision I've ever had to make sure she probably when I was 17 years old sign a contract to join the Marine Corps and it was a six-year contract and
-0.36	+0.11	 I know that was probably a lot for my family but it's something I wanted to do but it was a really hard one and
-0.02	-0.03	 I've got into to bar fights so probably limiting the alcohol use some of those some of those times and avoided trouble in the bars
+0.13	+0.19	 I wanted the toughest challenge for an 18 year old and I thought the and I knew that the Marine Corps would give it to me so I took it
-0.16	+0.01	 pretty easy to get used to growing my hair out again cuz I had it really short for 6 years and I really didn't like getting haircuts every week
-0.05	-0.03	 other than that I went too soon as I got out I went to broadcasting school and everything pretty much went back to normal
+0.06	+0.00	 I went to broadcasting school and then I I got a radio job in Palm Desert California and that was my first grader job but I don't know I work there for three months and I forgot a job in Riverside so after that I kept getting jobs and till now I've worked in radio for 22 years
+0.00	+0.05	 it changed me because I am more disciplined self this fund pay attention to detail more attention to detail than I ever have kind of a mental thing paying attention to detail but they drilled it into our heads
+0.19	+0.03	 four times a week either swimming or bike riding and or both so I've been I've been feeling really well I can't complain
+0.03	-0.03	 I know I've always stated pretty even Keel and I like to like to keep it that way I don't like to get too low or get too high I like to stay stay even-keeled
-0.03	-0.03	 it is pretty pretty easy when I work out a lot but there are sometimes when I I do if I'm not a 5-mile bike ride and then I I I swim like 10 laps in the pool those days are easy for me to get a good night's sleep and some of the other days where I just do a bike ride or a swim but not both of those are pretty easy to sew
-0.04	+0.09	 what am I like when I don't sleep well well I get up and I am really groggy and tired and I have to have at least three cups of coffee and that usually gives me the energy that I need for the whole day
+0.12	+0.05	 I recently had a checkup from the from the VA and everything was was perfect so I'd I do not have PTSD
+0.00	+0.13	 again I am at my last physical I was asked if I was feeling depressed and I told him no and they did tests and determined that I wasn't wasn't a depressed person so I never feel depressed I always feel you killed it and never feel depressed
+0.46	+0.30	 the last time I felt really happy and well I'm a big sports fan so whenever sports teams do well especially the Dodgers which they have been doing really well lately keeps me happy and I like to see my favorite teams do well because I feel on the part of the team because I attend the games and support the team and I like to do like to see them succeed so basically it's baseball season right now but football season is around the Home Run basketball teams in the hockey season so epic sports fans to one of my teams do album I am I am feeling really really good
+0.17	+0.07	 somebody that's been a positive influence in my life I would say my parents they've been married since 1955 so I'm going up on almost 70 years 60 years 60 years so
+0.17	+0.05	 I think my parents my mom is a big influence and she's a very good woman and taught us to be very good people so I would say my parents
+0.40	+0.20	 toys for game with my boss and it was a couple weeks ago and we had really good seats from from the team and we had a great night. The food we had hot dogs and and french fries and the and the Dodgers won in the bottom of the night so it was a really really good game and it was a good experience
+0.33	+0.16	 most proud of being a marine serve six years in the Marine Corps around the Desert Storm veteran so Tuesday to the rank of Sergeant at the at 22 years old so I am grateful and most proud to be a United States Marine
  [INFO] Predicted PHQ-8 score: 1.0

[20:26:36] → PID 631
/Users/kevinawang/Documents/GitHub/VA-classifier/src/utils/util.py:27: FutureWarning: You are using `torch.load` with `weights_only=False` (the current default value), which uses the default pickle module implicitly. It is possible to construct malicious pickle data which will execute arbitrary code during unpickling (See https://github.com/pytorch/pytorch/blob/main/SECURITY.md#untrusted-models for more details). In a future release, the default value for `weights_only` will be flipped to `True`. This limits the functions that could be executed during unpickling. Arbitrary objects will no longer be allowed to be loaded via this mode unless they are explicitly allowlisted by the user via `torch.serialization.add_safe_globals`. We recommend you start setting `weights_only=True` for any use case where you don't have full control of the loaded file. Please open an issue on GitHub for any issues related to this experimental feature.
  model.load_state_dict(torch.load(model_path, map_location=device))
Participants:  32%|███▏      | 18/56 [02:15<04:03,  6.42s/it]Some weights of RobertaModel were not initialized from the model checkpoint at roberta-base and are newly initialized: ['roberta.pooler.dense.bias', 'roberta.pooler.dense.weight']
You should probably TRAIN this model on a down-stream task to be able to use it for predictions and inference.
/Users/kevinawang/Documents/GitHub/VA-classifier/src/utils/util.py:27: FutureWarning: You are using `torch.load` with `weights_only=False` (the current default value), which uses the default pickle module implicitly. It is possible to construct malicious pickle data which will execute arbitrary code during unpickling (See https://github.com/pytorch/pytorch/blob/main/SECURITY.md#untrusted-models for more details). In a future release, the default value for `weights_only` will be flipped to `True`. This limits the functions that could be executed during unpickling. Arbitrary objects will no longer be allowed to be loaded via this mode unless they are explicitly allowlisted by the user via `torch.serialization.add_safe_globals`. We recommend you start setting `weights_only=True` for any use case where you don't have full control of the loaded file. Please open an issue on GitHub for any issues related to this experimental feature.
  model.load_state_dict(torch.load(model_path, map_location=device))
Participants:  34%|███▍      | 19/56 [02:20<03:47,  6.14s/it]Some weights of RobertaModel were not initialized from the model checkpoint at roberta-base and are newly initialized: ['roberta.pooler.dense.bias', 'roberta.pooler.dense.weight']
You should probably TRAIN this model on a down-stream task to be able to use it for predictions and inference.
/Users/kevinawang/Documents/GitHub/VA-classifier/src/utils/util.py:27: FutureWarning: You are using `torch.load` with `weights_only=False` (the current default value), which uses the default pickle module implicitly. It is possible to construct malicious pickle data which will execute arbitrary code during unpickling (See https://github.com/pytorch/pytorch/blob/main/SECURITY.md#untrusted-models for more details). In a future release, the default value for `weights_only` will be flipped to `True`. This limits the functions that could be executed during unpickling. Arbitrary objects will no longer be allowed to be loaded via this mode unless they are explicitly allowlisted by the user via `torch.serialization.add_safe_globals`. We recommend you start setting `weights_only=True` for any use case where you don't have full control of the loaded file. Please open an issue on GitHub for any issues related to this experimental feature.
  model.load_state_dict(torch.load(model_path, map_location=device))
Participants:  36%|███▌      | 20/56 [02:24<03:12,  5.36s/it]Some weights of RobertaModel were not initialized from the model checkpoint at roberta-base and are newly initialized: ['roberta.pooler.dense.bias', 'roberta.pooler.dense.weight']
You should probably TRAIN this model on a down-stream task to be able to use it for predictions and inference.
prompt: -0.06	+0.02	can I go ahead
-0.05	-0.01	 it's Friday or is it
+0.08	+0.11	 she wants to get out and take vacation
+0.01	-0.00	 okay I'm going to start at the recording and what's going to happen if she's going to ask you questions and then at the end she'll say goodbye and you'll press this button
+0.05	+0.04	 where are you from
+0.03	-0.06	 the beach is Venice
+0.09	+0.05	 working for Disney ride
+0.17	+0.05	 I know it's not much but it's the best
-0.07	-0.00	 I don't have a temper
-0.07	-0.11	 I hardly ever argue so I don't remember
+0.01	-0.05	 I have known I could remember
-0.20	-0.10	 I can't remember any
-0.13	+0.00	 losing my relationship with my sister
-0.05	-0.01	 tell me about the hardest.
+0.02	-0.00	 try to help her out
+0.16	+0.21	 I need a kiss to my head together
-0.01	-0.07	 my opinions of people
+0.52	+0.31	 I'm happy to be alive
-0.22	-0.03	 I hardly ever not sleep or get sleep
+0.15	+0.02	 I was at Disneyland with friends
+0.01	-0.02	 it's simple knowing is an A+ affect my life
+0.10	-0.02	 you could get along with
  [INFO] Predicted PHQ-8 score: 2.0

[20:26:39] → PID 634
prompt: -0.37	+0.03	 I don't like the smog I don't like the traffic and that might be those might be the thing at the top of my list
+0.28	+0.14	 we enjoy packing the kids up getting them in a different environment helping them to learn about different cultures and experiencing those cultures to the fullest and just getting away
+0.33	+0.17	 a couple years ago we took the kids to Acapulco for Thanksgiving and it's not normally a time of the year that we travel but we thought we try something different and it was a great experience for them we did all kinds of things that we normally wouldn't would not have done so with an opportunity to sort of stretch our Horizons and experience some new things and we actually had a really great time
+0.09	+0.12	 one of my most memorable experiences in terms of travel I guess was the time that my luggage got lost in front of Vallarta and I spent the week I'm wearing my husband shorts and t-shirt
+0.06	+0.02	 now I'm a real estate agent that has nothing to do with the subject that I studied in college but it's as the great career nonetheless
+0.23	+0.13	 my dream job would still be in real estate but it might be such that I have the financial means that I can just do it because I love it I love helping people secure their first properties I work with a lot of first-time buyers it's their way into wealth management I like educating people on the process I would probably still want to be in the business of real estate I might actually delve more into income property ownership but it would still be something in real estate
+0.03	-0.03	 I work out to relax usually three to five times a week I work out in the mornings and it does help to manage stress and in real estate and being a mom there is lots of stress in my life
-0.10	-0.03	 getting better at it not the best at it I tend to be very outwardly with my emotions and I'm learning to try to check them out the door a lot more than I used to so I can work in progress
-0.08	-0.02	 it probably was the person was probably my husband and the timeframe may have been a month or so ago and quite honestly I don't remember what it was about so that I told you that it was probably something that was not even important
-0.36	+0.19	 I feel guilty about arguing with my husband in front of my kids is something that they should be apart from and separate from and not even not even be included in that
-0.10	+0.11	 It was probably the decisions had let my daughter move forward with the heart surgery that the doctor says that she need it but it was it was a very scary time and place for us but we we move forward with it was a decision that I did not make a loan I made it along with my husband
+0.20	+0.02	 I've been feeling fine this summer the work stress is still there but my kids are out of school so our household is a lot more relaxed my son is actually in Sacramento for the past couple of weeks so it's just my husband and my daughter and I and we're sort of taking a little bit of a laid-back approach to Summer before our vacation comes up
+0.08	-0.03	 I'm pretty easy over the last two to three weeks I think there was one night or I had so much on my mind I just find it hard to fall asleep but in general I do sleep well
+0.31	+0.20	 today or yesterday just the ability to be blessed to wake up every day and I have an opportunity to make the best day that I can
+0.25	+0.11	 my mother is definitely a positive influence in my life she is someone that I go to and confidence all the time she's a very spiritual woman and always seems to lead me appointment in the right direction
-0.25	+0.08	 my best friend actually passed away so I will I will use my husband who was a really good friend actually in at this point he is my best friend and he would probably describe me as someone who lives my life passionately who is very dedicated and loyal and who wears her emotions on her sleeve
+0.31	+0.17	 on Saturday my husband my daughter and I just we were in Burbank handling some business and after that it was so hot and my daughter asked if we could go to Sherman Oaks Galleria to hang out and it was not something that was my choice but it was just really nice to be able to hang out and I really casual environment and do something that that she wanted to do and I really please her and we went shopping and we had a we had a really good time but ordinarily I would have never chose that activity but because my husband and I were able to throw whatever other plans we head out the window and just enjoy her and ended up being a nice family outing
+0.42	+0.23	 I'm proud of my children I have a 7 year old daughter and a nine-year-old son and I'm very proud of the way that they are are growing up and that their character and their academic skills and really that the little people that they have become
  [INFO] Predicted PHQ-8 score: 0.0

[20:26:45] → PID 635
prompt: +0.00	-0.02	 and then you're going to respond normally into the microphone and then she was a speech recognition
+0.01	-0.02	 shared ICT to decide how to respond back to you and keep the conversation going she also use the software that incorporates the webcam and the Xbox Kinect
+0.02	-0.02	 to recognize your facial expressions in your posture so she can take your feelings into account as the interview progresses as well
+0.01	+0.02	 I'm going to go ahead and bring her up for just a second so you can see what she looks like and them and have to train her back down as I continue setting up some of our recording
+0.04	+0.00	 that's alright a lot of my dates are and that's never stopped me before
+0.02	+0.02	 then you're going to press this button to let me
+0.17	+0.26	 she's looking at me so flirtatiously
+0.04	+0.00	 please press the button and let me
+0.02	-0.04	 chance that you may say so
+0.12	+0.03	 here with us hopefully everything will go smooth
-0.15	-0.04	 I don't know I have to think about it
-0.01	-0.05	 maybe a month ago with my father
-0.03	+0.17	 I saw I saw this girl in the store the other day and I wish I'd asked her out
-0.06	-0.04	 I have to think about that
+0.03	-0.02	 how have you been feeling lately
+0.02	-0.06	 she's a teacher that I had
+0.10	-0.01	 had a date the other day
  [INFO] Predicted PHQ-8 score: 0.0

[20:26:48] → PID 636
prompt: -0.01	-0.01	 I was born in Philadelphia but we lived all over that the place so I'm not from Philadelphia to just before in there and live there for a year
+0.34	+0.13	 I love the weather people are generally more friendly than where I've lived on the East Coast the scenery the environment the beach the mountains the bike paths and the availability of fresh fruits and vegetables
-0.04	-0.05	 the usual the traffic I guess some of the people in the entertainment business a bit of the materialism and you know when you meet like the stereotypical deaths
+0.19	+0.16	 it doesn't you don't have to fit in your already a weirdo so it doesn't matter that you're not from the place and I just really enjoy eating meeting people from different cultures I love seeing new environments I love seeing historical things are now just things been credible Beauty I love meeting different types of people food I love different food so any foods for money foreign Land Rovers fun and any other thing I secretly like that I try not to get too wrapped up in is that if you can completely and utterly escaped and forget about your real life
-0.20	+0.15	 I'm trying to think in my head I probably shouldn't be overthinking I'm trying to think do I pick a horrible one to give you guys more emotion or do I pick a normal what are my traveling companion was my
+0.47	+0.32	 so we went to to Singapore and it was just fabulous I except for the parts having to deal with him I loved being there and you know the variety of delicious unbelievable food I'm a huge kraylix I've been so that was really fun it's a big shopping place so I kind of wished I were a bit younger cuz they had fabulous fashions
-0.39	+0.13	 let's see for some reason I'm thinking of a bad one nothing I assume you mean towards travel when I was traveling through Vietnam and Cambodia I got a really bad case of hemorrhoids hemorrhagic dengue fever
-0.32	+0.19	 I said please go get me some water I was in a really sweating profusely and I've been very sick for a while and he went out to get the water I don't know sometime in the morning and he came back and I don't know 7 at night or something and said that he some fellow on a motorbike instead let me take you somewhere where you can get some water and I don't know what the hell you did all day long so I just think back to then and I remember coming in and out of Consciousness and thinking I'm going to die here and I wondered if I would ever be and I found in this hotel we were staying so I don't know how I survived and I'm probably over dramatizing it but
-0.09	+0.17	 it was just memorable because I often think back and when I see people sick or whatever and think she why the heck did I survive
+0.07	+0.01	 film as an undergrad while I started off and dance and then I realized I wasn't really that talented I mean I was okay but not really that good so I moved over to film and I really enjoyed that and then later on in life I went back to school and I became a lawyer
-0.11	+0.02	 lawyer I guess I I got tossed out with many people you know I Now understand why the what-do-you-call-it the the age discrimination laws kick in after 40 well you know it's extremely difficult to get rehired so now I have a couple of clients I make a couple of pennies you know
-0.39	+0.22	 does after paying off all those loans and everything for law school because I stupidly took one of the more expensive law schools in the country so many of you students listening don't do that I mean don't pick an expensive grad school if you don't get financial aid and you don't have a financial help from your family so anyway I because I was spent all my life paying off my undergrad and my graduate schools I now find myself looking down the barrel of long-term unemployment and retirement and not having any you know any insurance or any
+0.25	+0.17	 when I was younger and my dream job is to be an ambassador because I thought it would just be so much fun to you no have contact with different countries and to get to be friendly and meet people all the time and to represent your country in a positive way
-0.40	+0.19	 well it's embarrassing when people say what do you do to say you're unemployed people think I've had so many people say well why don't you just go out and get a job will what are they assume that you're being lazy or something like that where it's like okay assholes at work since I was 12 you know right I didn't have fun during college I worked three jobs to pay for it all and my lungs I don't know I guess I'd I just stopped trying because and I'm a little embarrassed about my situation you know I'm
-0.10	+0.00	 on occasion I will drink have a drink have a low alcohol tolerance so basically one or two will pretty much knocked me out I don't know I used to do yoga and stuff like that nowadays I try to do deep breathing
-0.46	+0.30	 physically and emotionally abusive and I finally learned recently on the last maybe 10 years or so that that's the stuff they had that I accepted as normal was not normal so I did all the assertiveness thing where you say this is not no please don't lie to me or whatever the thing they were doing and you know the person supposed to say oh I didn't know that was hurting you let me change but of course that never actually works in real life so now I find that if I must have contact with these people of HIV one of them have to I get extremely if they lie to me I just get fed up and you know
-0.27	+0.19	 what can you give me a chance I guess it was my husband since I'm paying the cell phone bill and he's on the family plan it turned out that he had 44 pages of text while he's off on the secret trip to some summer camp don't ask I don't I don't even want to think about it I don't know who these people are that he's texting with so I asked him what the f are you these text who are you doing this with and I tried calling some of the numbers and the people would just hang up on me so you know my imagination started thinking what the hell is he doing at this summer camp why did the people that he's texting and texting photos to not respond you know draw your own conclusions so you know any wasn't answering me and he kept lying and he's one sentence emails he was sending back so I
-0.38	+0.23	 you know I started getting these threats in the e-mails back like oh yeah well if you don't tell me I'm going to call up this number and find out who they were which he wouldn't answer me and then as I said I called and they're just hung up on me so who knows who these people
-0.30	+0.23	 I actually was a head lawyer for a company probably won't believe it now you guys were out there watching this and the the president started doing all these things that were ethically wrong and going against my advice and I should have gotten the Hades out of there I should have quit immediately but I was still paying off you know $200,000 worth of student loan so but I just should have gotten out of there
-0.21	+0.13	 I just see the only real thing I feel guilty about is something I prefer not to discuss on tape I mean I've had enough drinks tell me over the years that I was justified
-0.28	+0.07	 hardest decision I tried to make I don't know I mean every stupid a lot of decisions have been difficult the hardest one I've no idea
-0.37	+0.13	 that's made things doubly difficult the second thing is that I because I'm always plagued by these horrible nightmares they're actually just actual events of actually happen to me just replaying over and over I am an internet addict and I just put stuff on YouTube or or whatever on all night long and you know I frequently have loud loud sounds so I don't sleep that well and I have a horrible horrible that at the moment and live in a very noisy place
-0.25	+0.18	 why do I live in a noisy place because I have been unemployed as I told her underemployed as I told you when I don't have money to live in a place that should be the equal of all the hard work I've done in my life
-0.43	+0.27	 I don't know I I I developed anxiety and I freaked out you know if I think I'm going to run out of gas I get short of breath and
-0.50	+0.32	 I don't know in the soup I used to be able to handle anything now something stupid happens and I catastrophize it and think that it's going to be horrific so I have to talk myself out of it
-0.43	+0.21	 I think my PTSD I was fine and I had it after the eighteen-year-old incident I just fine and dandy and then something happens in the last like decade I just had hit after hit after hit and it just brought everything back up and or maybe it's cuz I'm not that busy anymore so I'm time to ruminate over all these horrible things and I've said Elaine thing I'm way worse now than I was after the you know escaping from a serial killer I mean
-0.20	+0.06	 so any more you know even if I have just one causes a lot of pain and stuff or I try to do stuff to relax or you know if I'm having a really really bad day I might
-0.36	+0.24	 threat because after you after you do that releases all in all you're all freaked out and then if you hurt yourself you got really distracted like how come you know this really hurts and then you don't really think about the horrible thing that was in your head anymore you're thinking about I've got this
-0.29	+0.16	 I have tried to get help I can't get any help now I don't have any insurance I can't I'm not poor enough I would need to go through all of my retirement savings and be penniless to get any free help so I mean I'd like to be a normal person again and I'd like to be happy I'd like to be a functioning human you know like I used to be
+0.08	+0.05	 you know I've been to a zillion cerum not a gazillion but you know I don't know 15 therapist maybe over my 30 years or whatever it is been sometimes you got somebody that's good
-0.12	+0.01	 and I found that the younger the person the better actually like a cup one when I was in law school I went to see someone or when my father died when I was 18 at the same time that other thing happens I I saw some students they were actually the best ones the worst ones seem to be the ones that are like in my age category or older cuz it kind of checked out and they just want somebody who's there but in terms of like I don't know how I did that young MD whatever think it was called once and
-0.24	+0.07	 I'm really work sometimes you get a new gets like wants some therapist said to me you don't want to kill yourself you just want a different life so when I am suicidal I just think of that sends I don't want to kill myself I just want a different life so is sometimes you get a nougat but you know generally it hasn't really saved me yet
-0.18	+0.13	 do I have to I just did sometimes you get us a good therapist oh one thing I learned is that most therapists are actually more screwed up than me you know I may seem screwed up to you guys here but you know at least I used to be able to function I was somewhat successful and I I've never intentionally hurt people I don't screw people over I'm not dishonest in my work compassionate and I found so many therapists you know they live their little teeny lives in Suburbia or whatever the heck they're from and they're totally incapable of
+0.07	+0.03	 I haven't been as I told you so but I did go I noticed that it was fun to go somewhere once a week and have somebody listen to your for Tales of Woe although sometimes it got frustrating the person was not helpful
-0.07	+0.11	 I've been trying to cultivate it the last night I was on the bike path and I looked around at the beautiful nature things and there were briefs literally seconds where I had it and then him some aggressive bike ride or somebody else to come along and that would be destroyed but otherwise more than perhaps a brief second or a couple of seconds
+0.43	+0.35	 show the happiness that was a question sometimes I've had half my happiest moment was when I climbed up inside the Great Pyramid of Giza that was extremely hot I don't know it's just wonderful/Users/kevinawang/Documents/GitHub/VA-classifier/src/utils/util.py:27: FutureWarning: You are using `torch.load` with `weights_only=False` (the current default value), which uses the default pickle module implicitly. It is possible to construct malicious pickle data which will execute arbitrary code during unpickling (See https://github.com/pytorch/pytorch/blob/main/SECURITY.md#untrusted-models for more details). In a future release, the default value for `weights_only` will be flipped to `True`. This limits the functions that could be executed during unpickling. Arbitrary objects will no longer be allowed to be loaded via this mode unless they are explicitly allowlisted by the user via `torch.serialization.add_safe_globals`. We recommend you start setting `weights_only=True` for any use case where you don't have full control of the loaded file. Please open an issue on GitHub for any issues related to this experimental feature.
  model.load_state_dict(torch.load(model_path, map_location=device))
Participants:  38%|███▊      | 21/56 [02:34<03:59,  6.85s/it]Some weights of RobertaModel were not initialized from the model checkpoint at roberta-base and are newly initialized: ['roberta.pooler.dense.bias', 'roberta.pooler.dense.weight']
You should probably TRAIN this model on a down-stream task to be able to use it for predictions and inference.
/Users/kevinawang/Documents/GitHub/VA-classifier/src/utils/util.py:27: FutureWarning: You are using `torch.load` with `weights_only=False` (the current default value), which uses the default pickle module implicitly. It is possible to construct malicious pickle data which will execute arbitrary code during unpickling (See https://github.com/pytorch/pytorch/blob/main/SECURITY.md#untrusted-models for more details). In a future release, the default value for `weights_only` will be flipped to `True`. This limits the functions that could be executed during unpickling. Arbitrary objects will no longer be allowed to be loaded via this mode unless they are explicitly allowlisted by the user via `torch.serialization.add_safe_globals`. We recommend you start setting `weights_only=True` for any use case where you don't have full control of the loaded file. Please open an issue on GitHub for any issues related to this experimental feature.
  model.load_state_dict(torch.load(model_path, map_location=device))
Participants:  39%|███▉      | 22/56 [02:45<04:33,  8.05s/it]Some weights of RobertaModel were not initialized from the model checkpoint at roberta-base and are newly initialized: ['roberta.pooler.dense.bias', 'roberta.pooler.dense.weight']
You should probably TRAIN this model on a down-stream task to be able to use it for predictions and inference.
/Users/kevinawang/Documents/GitHub/VA-classifier/src/utils/util.py:27: FutureWarning: You are using `torch.load` with `weights_only=False` (the current default value), which uses the default pickle module implicitly. It is possible to construct malicious pickle data which will execute arbitrary code during unpickling (See https://github.com/pytorch/pytorch/blob/main/SECURITY.md#untrusted-models for more details). In a future release, the default value for `weights_only` will be flipped to `True`. This limits the functions that could be executed during unpickling. Arbitrary objects will no longer be allowed to be loaded via this mode unless they are explicitly allowlisted by the user via `torch.serialization.add_safe_globals`. We recommend you start setting `weights_only=True` for any use case where you don't have full control of the loaded file. Please open an issue on GitHub for any issues related to this experimental feature.
  model.load_state_dict(torch.load(model_path, map_location=device))
Participants:  41%|████      | 23/56 [02:54<04:33,  8.29s/it]Some weights of RobertaModel were not initialized from the model checkpoint at roberta-base and are newly initialized: ['roberta.pooler.dense.bias', 'roberta.pooler.dense.weight']
You should probably TRAIN this model on a down-stream task to be able to use it for predictions and inference.

  [INFO] Predicted PHQ-8 score: 17.0

[20:26:59] → PID 637
prompt: +0.08	+0.09	 I'm studying acting and I'm working a day job that doesn't pay enough money so I'm trying to find additional day jobs or I don't know how to I'm trying to figure out how to live with joy
+0.29	+0.16	 that's how to live with joy that's when your life flows is when you do more of what brings you Joy that's my current
+0.04	+0.13	 I think my dream job would be weighing 70 lbs less and being a really emotionally diverse actress so I can play comedy roles which is easier for me and too heavy drama rolls which is more of a challenge to be vulnerable and to open up emotionally kind of what I'm standing right now and I would look thousand percent better cuz my hair would be long
-0.53	+0.15	 I really am thinking I don't have a family anymore my father passed away and there's no relationship with my sister and a very poor one with my mother so it's almost like not having any family anymore
-0.29	+0.11	 if you can imagine it was more than a cat it was like being a very large entity in the body of a cat and my cat passed away and I had to I wanted to have a proper burial at an animal cemetery and have a memorial service for my cat and my mother was against these ideas that was too much for a cat and so it took me two and a half months to come up with the money to find his casket and to decide on what style of casket I wanted because it was so hard to own that decision when I didn't get any support over it
+0.30	+0.21	 but eventually I triumphed and I found an artisan in Tennessee that makes Cedar chests and he made me the most beautiful Cedar casket octagono
+0.25	+0.13	 octagon all with Ivory lining and plush padding on the inside of the casket and the people at the animal Cemetery said that in 20 years of business they'd never seen such a beautiful casket and they'd never seen someone that gave so much to their animal
+0.24	+0.18	 so I felt really really good when I saw the way that I was sort of like a sending my cat and I went to the cemetery
-0.23	+0.03	 then I get erased from my memory I think I have erased a lot of events from my memory
-0.24	+0.08	 well you know I'm a very determined human being so I work myself into being in positive states of mind but overall I think that definitely realizing I have some deep depression and essentially I just need more of a support network here in La I need to create a new family and that's basically what I need to renew a really do which is difficult because it's hard to have a family and family and friends you know people that you can really really trust and it's just hard to get around La without a car
-0.27	+0.03	 any changes yeah I walk to work which is in Beverly Hills and I walk through Beverly Hills and I noticed that even though I'm walking around nice places I'm a joyless when I'm walking to work doesn't really make me that happy makes me happier when I get to the commercial part and there's more people around and there's lots of kind of like activity and shops it does nothing for me like walking through the neighborhoods I noticed
+0.17	+0.03	 I'm really working hard at going to sleep before midnight and I noticed that it makes a big difference when I do get enough sleep
+0.00	-0.01	 I'm fine I'm just tired but I think I'm pretty fine energy-wise in terms of interacting with other people
-0.19	-0.03	 to do extra things that would you know help make your life better it's just sort of get into the struggle of just getting through the day
-0.02	-0.00	 yeah I think I know what my overall trigger what the overall thing is but it's deeper than the overall thing itself
+0.17	+0.28	 you guys are going to think I'm a complete whack job but honestly I'm really not I called my mother yesterday and I left her a message and at the end of the message I said I love you and that's a month since she called me which was my birthday when she called me I didn't answer but she didn't say she loves me the year before that she didn't even call me on my birthday and she said she wasn't feeling well
-0.39	+0.10	 and we had a falling out in November so I haven't spoken to her since the following out but essentially what I realized in November was just a tremendous amount of inability to love that she has towards me and I think it's a lifelong thing so I think it's hard for me to get close to people and to bond with people because if you can't trust your mother who can you trust and if you haven't received love from your mother
-0.30	+0.02	 receiving self-worth or validation or something like that I think that lack of support you know throughout my whole life regardless of how ambitious or determined I am the there's an underpinning really everyday you know of sadness about that not having a mother and so that's I think the main challenge to workout in my psyche or Soul or emotions
-0.17	-0.03	 how do I cope with my emotions well I sit with them alone mainly since there's no one to
+0.02	+0.04	 but I do interact with my emotions a lot when I'm turning my instrument and in acting class and so that's a big you know workout emotionally
-0.41	+0.12	 a couple months ago I went through a patch where I didn't have a place to stay and ended up staying with someone that I thought was the student friend she turned out to be crazy and I had to leave there and as a result
+0.12	+0.06	 it's a reflective experience so your reflective throughout the week before you see your therapist and then you sort of start thinking on a deeper level about a seam occurrence seeing that's like what's really the issue and then it feels very look forward to having someone to talk to you that can really listen so the gift of active listening
+0.34	+0.19	 when I was in my acting class which was well I took some classes I audited some classes last week and it does moments lot of joy, and when I was at my school studying which was at two and a half months ago
+0.34	+0.19	 I'm most proud of my relationship with my cat and I'm most proud of that I have been making a lot of progress in a working on my career stuff and I have a positive attitude even though it's very difficult growing up with the family that doesn't give you the kind of emotional or financial support so grown up with a lot of jealousy and negativity and lack of support
  [INFO] Predicted PHQ-8 score: 10.0

[20:27:09] → PID 638
prompt: -0.04	-0.00	when she sounds you should say
-0.05	-0.02	 and if not when she's done
+0.24	+0.13	 I went to Walt Disney World for my 21st birthday
-0.32	-0.03	 I get along well with my father I don't get along so great with my brother
+0.03	-0.00	 I'm very good at controlling my temper
-0.22	+0.07	 I argued maybe two weeks ago with my father because he didn't put the dishwashers the dishes correctly in the dishwasher
-0.43	+0.04	 I wish I would have done much better in college
-0.34	+0.08	 I feel guilty about spending my money on stupid things
-0.06	+0.01	 tell me about the hardest decision
-0.33	+0.13	 pulling the plug on my mother
-0.52	+0.12	 I wish I could erase my final year in college when my mother passed away
-0.48	-0.02	 I've been feeling a bit down in the dumps
+0.27	+0.14	 yes I'm a little bit more upbeat
+0.12	+0.03	 I recently got involved in a book club
+0.43	+0.16	 I went to a ladies luncheon and I enjoyed myself
-0.36	-0.05	 I don't have many positive influences in my life
+0.01	+0.01	 can you tell me about that
-0.49	+0.10	 my home is filled with a lot of negative energy and I don't have any friends to rely on
+0.03	+0.00	 how would your best friend describe
-0.45	-0.01	 I don't have a best friend
+0.14	+0.07	 I went to the movies and saw Monsters University
+0.18	+0.09	 being the first person in my family to graduate from college
  [INFO] Predicted PHQ-8 score: 3.0

[20:27:18] → PID 640
/Users/kevinawang/Documents/GitHub/VA-classifier/src/utils/util.py:27: FutureWarning: You are using `torch.load` with `weights_only=False` (the current default value), which uses the default pickle module implicitly. It is possible to construct malicious pickle data which will execute arbitrary code during unpickling (See https://github.com/pytorch/pytorch/blob/main/SECURITY.md#untrusted-models for more details). In a future release, the default value for `weights_only` will be flipped to `True`. This limits the functions that could be executed during unpickling. Arbitrary objects will no longer be allowed to be loaded via this mode unless they are explicitly allowlisted by the user via `torch.serialization.add_safe_globals`. We recommend you start setting `weights_only=True` for any use case where you don't have full control of the loaded file. Please open an issue on GitHub for any issues related to this experimental feature.
  model.load_state_dict(torch.load(model_path, map_location=device))
Participants:  43%|████▎     | 24/56 [03:03<04:36,  8.63s/it]Some weights of RobertaModel were not initialized from the model checkpoint at roberta-base and are newly initialized: ['roberta.pooler.dense.bias', 'roberta.pooler.dense.weight']
You should probably TRAIN this model on a down-stream task to be able to use it for predictions and inference.
prompt: +0.01	+0.02	 so she's going to ask you some questions and then when she's done you're going to press you to say goodbye and then you're going to press this button
+0.19	+0.13	 I went to Spain recently and that's a little bit of a more laid-back lifestyle they don't work the same hours As Americans different culture they take a lot of breaks rests during the middle of the day especially in the summer when it's really hot totally different food style culture they go out to bars and restaurants a lot later stays open later and you know something new exciting and you know I look forward to seeing other types of destinations like that
+0.29	+0.14	 going to Spain with the all my old high school friends I hadn't seen them in a while and we did a big tour of Spain went to Madrid Barcelona Valencia had a great time you know spent a couple weeks out there and
+0.02	+0.02	 dream job probably I want to I want to start moving into Finance I want to do something financial-related investment-banking I think I'm going to switch course pretty soon here
-0.05	-0.02	 my family is good we're a little bit closed we don't we don't show a lot of emotion and we're not is as loving you know over the phone or in person but you know we have other ways to show our emotions
+0.17	+0.03	 I usually I'll just watch a movie or go to the movies go to the park I have a small dog so I like taking him around the block so that they usually relaxes me a bit
-0.06	+0.03	 I'm usually pretty good I don't really get extremely angry very often and I keep a lot of my emotions inside which isn't always good but you know I never have crazy angry outbursts and get violent or anything like that
+0.00	+0.11	 the last time I argued with someone was a few weeks ago we are actually in Las Vegas and you know we were with a big group of people and we are just trying to decide where to go and one of my friends was pretty adamant about one place and it was unappealing to the rest of the group so you know I got a little confrontational but everything worked out in the end
-0.44	+0.09	 I think the passing of my my mom's dad I wish I would have been a little more loving and an emotional to my mom about it you know it was a very difficult time for her friend
-0.32	+0.06	 I feel guilty about just not being as as loving and caring to my parents I mean they've they've done a lot for me and provided a lot and I don't know he's really show my appreciation to them I think as much as I wish I should so
-0.34	+0.10	 something that I wish was erased would certainly be when I was pulled over for a DUI very embarrassing moment but you know I wish that it never happened
-0.47	+0.05	 I've been a little bit sad I had another death in the family recently my uncle passed away a couple weeks ago so it's been a little bit difficult on all of us and you know we're all spread out around the country so it's
-0.13	-0.03	 you know down a little bit more than you know normal so you know I'm sure it'll turn around soon but some of these things just take time to heal
-0.27	+0.05	 well you know whenever you lose someone close to you in a family you know it's very difficult for everyone and the you know different people show their emotions differently so you know for me I tend to keep a lot of it in and then I'll be a little more beneficial if I was able to express it to someone more but you know I don't really feel comfortable doing that all the time so
-0.08	-0.02	 how easy is it for you to get a good night sleep it's very difficult cuz I work a lot of strange hours to so I'm up in a working late and then got to get up early and sometimes I can sleep in more so you know if I'm not in a set routine it makes it a little more difficult but you know I usually get a decent amount of sleep as often as possible so I usually don't have too much trouble in that sense
-0.04	-0.03	 fell asleep while I'm usually a little just bit more irritable more grumpy you know smaller things can set me off a little bit but you know I have certain techniques to relax a little bit more so you know whenever that happens I'm I'm usually able to handle myself appropriately
+0.38	+0.19	 the last time was probably about three weeks ago when I was in Las Vegas visiting some friends and had some other friends come out to visit that I hadn't seen in a while so that was a fun happy time for the weekend
+0.23	+0.12	 my dad is always been you know of a good role model to me professional and you know I always been there regardless of what I've been going through so I certainly look up to him and appreciate everything he's done for me
+0.04	-0.04	 he would describe me as being pretty social outgoing but a little bit more shy and reserved so you know friendly caring honest and unreliable
+0.28	+0.11	 something that I recently did that they enjoyed was completing a big project for someone I built a large website that have been a big project for a while and it's been taking up a lot of my time so finally getting that finished and taken care of was a big relief and weight off my shoulders
+0.28	+0.17	 most proud of my family they've always been there for me I've gone through a lot of tough times when I was younger and you know they've always been there to support me and that's really meant a lot so that's really kept me going yeah I've got great friends around me as well but he'll family first and you know they've always been there when I needed them
  [INFO] Predicted PHQ-8 score: 6.0

[20:27:28] → PID 649
/Users/kevinawang/Documents/GitHub/VA-classifier/src/utils/util.py:27: FutureWarning: You are using `torch.load` with `weights_only=False` (the current default value), which uses the default pickle module implicitly. It is possible to construct malicious pickle data which will execute arbitrary code during unpickling (See https://github.com/pytorch/pytorch/blob/main/SECURITY.md#untrusted-models for more details). In a future release, the default value for `weights_only` will be flipped to `True`. This limits the functions that could be executed during unpickling. Arbitrary objects will no longer be allowed to be loaded via this mode unless they are explicitly allowlisted by the user via `torch.serialization.add_safe_globals`. We recommend you start setting `weights_only=True` for any use case where you don't have full control of the loaded file. Please open an issue on GitHub for any issues related to this experimental feature.
  model.load_state_dict(torch.load(model_path, map_location=device))
Participants:  45%|████▍     | 25/56 [03:10<04:06,  7.97s/it]Some weights of RobertaModel were not initialized from the model checkpoint at roberta-base and are newly initialized: ['roberta.pooler.dense.bias', 'roberta.pooler.dense.weight']
You should probably TRAIN this model on a down-stream task to be able to use it for predictions and inference.
prompt: -0.19	+0.04	but when you deal with humans got to deal with feelings and emotions not with this though
+0.03	+0.02	 well I did most of my traveling in the military so I been around the world twice already so I
-0.32	+0.10	 people that were survive the bomb attack the head
-0.22	+0.11	 disfigured parts of their body is was asking my brain forever
-0.01	+0.01	 and whatever I can do to make money legally
-0.04	-0.07	 locked out of town North Broadway and East Los Angeles
-0.03	-0.02	 I've been known to fly off the handle but the older I get the less I do it
-0.05	+0.02	 tell me about a situation that you wish you would have
-0.18	-0.04	 I struggle with mental health issues due to the military and
-0.19	+0.03	 sometimes I say the wrong thing or I I make
-0.31	+0.10	 naughty things that I've said that I didn't really mean to say I probably from being paranoid about things and
+0.01	-0.02	 weather where I was going to live after I was discharged from the military
-0.57	+0.23	 my brother was a sergeant major active in the military and I hate my parents are both deceased and I basically had nowhere to go upon graduation from high school
-0.33	+0.05	 yeah I say sad I got out it's just stayed in 20 years
+0.01	+0.04	 I was in a combat situation twice I was in the United States Marine Corps and
-0.05	+0.02	 I was activated for Attack on Libya and it never transpired President Reagan cancel it and I was also recall for the Gulf War to work on the 20 millimeter gun and Ice that was on a l p h a naval vessel fairly close to the combats in the Middle East in the Persian Gulf
-0.02	+0.00	 how easy was it for you to go back to
-0.11	+0.07	 pretty easy at first I was angry man when I when I made the adjustment but I don't have a drinking problem and
-0.03	+0.13	 is experienced a traumatic when it that but you know I pulled through
+0.01	-0.06	 biomedical corporations and and software manufacturing companies is shipping receiving inventory analyst material handler stuff like that I also work part-time as a security guard and
+0.10	-0.00	 give me some good qualities like punctuality and then attention to detail and
-0.26	-0.04	 but I struggle with mental health issues like ADHD depression
-0.26	+0.05	 I take some Schedule II narcotics and feta means for the ADHD so that doesn't help and I basically they don't pass out more than I fall asleep
-0.35	+0.06	 I've learned to deal with it okay I'm not I'm not grouchy or irritable I've just I don't have anything nice to say don't say anything at all but it was times when I was a little edgy
+0.01	-0.06	 we living we living our experiences that were in the past
-0.42	+0.02	 not being able to fall back asleep and and
-0.25	+0.14	 fits of Rage in an unconscious fits of rage and stuff like that
+0.02	-0.06	 combat training in the Marine Corps and in in
-0.31	+0.13	 almost entering a situation like that it is is pretty traumatic is even though you don't answer this situated at the training up to that point is
-0.32	+0.17	 is safe and then all the sudden you have to use what you were trained in a safe environment and take it into an unsafe environment is is pretty traumatic
-0.01	+0.09	 it's not so much anymore either the time heals everything I have firm believer that and then I actually had a dream just recently about
-0.19	+0.00	 about it and it's been the first one I've had in maybe a year to this subsiding slowly
-0.01	-0.05	 the VA when it when I when I first went to get primary care and and
-0.05	-0.00	 they look at my file. Maybe I should be examined
-0.04	-0.02	 no I don't not not for PTSD and I was going to some classes briefly
+0.03	+0.02	 it wasn't it wasn't really an issue with me anymore Ahmad coping with it well and it's it's like I said Time Heals everything I do believe that and it's
+0.03	-0.06	 the nightmares are few and far between now and
-0.07	+0.19	 well if you if you're forced to do something you're not really going to put your heart into it but if you really want to see kelp and I really want I really want something you'll try to get it
+0.08	+0.03	 eat better I take care of my physical and mental health needs better and
+0.01	+0.09	 I don't avoid doctors or hospitals anymore I go and get help
+0.15	+0.07	 well I been in a relationship now for about 6 months with
+0.22	+0.15	 I've got it I got a good woman by my side and I was alone for many years from
+0.11	+0.04	 fish with respect and in and genuinely try to help you
+0.44	+0.15	 thanks for sharing your thoughts with me and my pleasure alley
  [INFO] Predicted PHQ-8 score: 12.0

[20:27:34] → PID 650
/Users/kevinawang/Documents/GitHub/VA-classifier/src/utils/util.py:27: FutureWarning: You are using `torch.load` with `weights_only=False` (the current default value), which uses the default pickle module implicitly. It is possible to construct malicious pickle data which will execute arbitrary code during unpickling (See https://github.com/pytorch/pytorch/blob/main/SECURITY.md#untrusted-models for more details). In a future release, the default value for `weights_only` will be flipped to `True`. This limits the functions that could be executed during unpickling. Arbitrary objects will no longer be allowed to be loaded via this mode unless they are explicitly allowlisted by the user via `torch.serialization.add_safe_globals`. We recommend you start setting `weights_only=True` for any use case where you don't have full control of the loaded file. Please open an issue on GitHub for any issues related to this experimental feature.
  model.load_state_dict(torch.load(model_path, map_location=device))
Participants:  46%|████▋     | 26/56 [03:15<03:34,  7.14s/it]Some weights of RobertaModel were not initialized from the model checkpoint at roberta-base and are newly initialized: ['roberta.pooler.dense.bias', 'roberta.pooler.dense.weight']
You should probably TRAIN this model on a down-stream task to be able to use it for predictions and inference.
/Users/kevinawang/Documents/GitHub/VA-classifier/src/utils/util.py:27: FutureWarning: You are using `torch.load` with `weights_only=False` (the current default value), which uses the default pickle module implicitly. It is possible to construct malicious pickle data which will execute arbitrary code during unpickling (See https://github.com/pytorch/pytorch/blob/main/SECURITY.md#untrusted-models for more details). In a future release, the default value for `weights_only` will be flipped to `True`. This limits the functions that could be executed during unpickling. Arbitrary objects will no longer be allowed to be loaded via this mode unless they are explicitly allowlisted by the user via `torch.serialization.add_safe_globals`. We recommend you start setting `weights_only=True` for any use case where you don't have full control of the loaded file. Please open an issue on GitHub for any issues related to this experimental feature.
  model.load_state_dict(torch.load(model_path, map_location=device))
Participants:  48%|████▊     | 27/56 [03:20<03:07,  6.47s/it]Some weights of RobertaModel were not initialized from the model checkpoint at roberta-base and are newly initialized: ['roberta.pooler.dense.bias', 'roberta.pooler.dense.weight']
You should probably TRAIN this model on a down-stream task to be able to use it for predictions and inference.
prompt: +0.01	-0.07	 not recently I traveled mostly while I was in the military
-0.04	-0.02	 the military is always on the go so most of the travel being so expensive
-0.08	-0.07	 I could only afford it through traveling on Military business
+0.02	+0.00	 probably in the same industry private security that would be high paying
+0.00	-0.06	 or something along the lines of mental health for
+0.14	-0.01	 was it helps provide for the family pay the bills
+0.26	+0.06	 I watch TV and spend time with my family
+0.25	+0.08	 very good actually very very controlled I have two in my field
-0.01	-0.06	 it was with my wife and it was about finances
-0.02	-0.05	 coming to California and leaving my oldest daughter's in Florida
-0.14	+0.07	 tell me about the hardest decision you've ever had
-0.26	+0.10	 and I knew I had to go so I 1997 I made the choice and all I had known was the military so that was pretty hard
-0.03	-0.07	 not a not a girlfriend boyfriend relationship I was
-0.35	+0.13	 basically victimized by my mother I wish I could erase that but in a way it kind of makes me who I am
-0.18	+0.06	 had no other choice it was either go in the military or stay out on the streets in New York City I had no money for college and no chance of getting a good job so I enlisted
+0.31	+0.15	 are you happy you did that yes absolutely probably the best choice Inn in fixing
-0.14	-0.04	 I had some Growing Pains at first it was a little bit difficult in the beginning but I adjusted
-0.05	-0.01	 structure that I wouldn't have otherwise gotten and I believe as far as within people
+0.01	-0.03	 and in just the the general population that does set you aside with set you apart
-0.24	-0.03	 alright I guess in a bit of a struggle sometimes
-0.27	-0.01	 just seeking employment and it's very difficult especially with the way things are
+0.02	+0.01	 not really just trying to trying to land that dream job as you said before
+0.05	-0.04	 pretty easy especially if I've been active throughout the day and that's usually every day
-0.06	-0.00	 following one of my combat experiences in South America
-0.06	+0.06	 wait we had to live in the jungle and while in the jungle we also had to take a couple of lives while we were there we so that was one of the three instances that I saw Combat Action
-0.04	+0.00	 I learned a long time ago that you have to put your past behind you so
-0.44	+0.18	 I I just do I had to put it behind me it was
+0.04	+0.02	 to do and it was so That Others May Live so it was it may not have felt right at the time but it was the right thing to do
-0.04	-0.02	 in the military when you have a combat-related experience you always go through a debrief
-0.06	-0.00	 at the debrief you are asked if you need help coping with the situation
-0.20	+0.17	 so of course I immediately raised my hand told him I need help with coping with the situation it took roughly about
-0.01	-0.07	 want to say somewhere around three weeks to a month of seeing a therapist
-0.02	+0.01	 once they they gave me some key exercises to do the the acuteness of the night terrors in the nightmares went away
+0.00	-0.05	 and very seldom am I bothered by it now because it was so long ago
-0.02	+0.01	 I didn't need it anymore I learned enough coping skills that we're good enough to be able to cast that aside and not depend upon any facet of treatment or anything else
+0.19	+0.10	 sometimes it's necessary but in my case I don't feel it is and I will not be dependent upon medications but the therapy 100% I agree especially speaking to somebody when I'm one it does help
+0.12	+0.04	 tell you about the therapy and how effective it is
-0.12	-0.05	 I only went for a months after my Combat Action in Columbia
-0.27	+0.00	 didn't have very many positive role models of very few especially in my childhood I had a lot of negative examples on what not to be
+0.11	+0.03	 so positive role models are probably say most of my superiors in the military that was my biggest growth experience in my life
+0.07	+0.05	 as his big brother the guy who taught him everything my best friend feels that
+0.11	-0.01	 I helped him out in building himself up work-wise
+0.39	+0.19	 do some martial arts at her school I really enjoy that all the time
  [INFO] Predicted PHQ-8 score: 2.0

[20:27:39] → PID 651
prompt: -0.05	+0.07	 tell me to bring up a virtual human for justice
+0.13	-0.01	 I'm okay with that
+0.41	+0.11	 so how are you doing today I'm doing very well thank you
+0.05	-0.02	 you travel a lot
+0.07	+0.08	 I would like to own my own company
-0.01	-0.06	 I have not been having a disagreement a kind of argument anytime recently I've mostly only been having regular discussions
-0.07	+0.02	 I don't know I can't recall there isn't one that stands out
-0.13	-0.06	 I don't know eating meat
-0.06	+0.01	 tell me about the hardest decision
-0.11	-0.05	 I don't think decisions work that way
-0.24	-0.07	 I don't have one
+0.03	-0.02	 how have you been feeling lately
+0.06	-0.01	 how easy is it for you to get a good night sleep
+0.09	+0.02	 what are you like
-0.17	+0.04	 have you ever been diagnosed with PTSD
-0.02	-0.01	 have you been diagnosed
-0.03	-0.05	 when was the last
+0.30	+0.15	 I took pleasure in a small thing
-0.06	-0.05	 influence is constant and so then there isn't a person
+0.11	+0.03	 surfing I went surfing
+0.16	+0.07	 and I caught a wave
+0.50	+0.29	 and it was very fun
-0.26	-0.05	 because it was difficult
+0.22	+0.16	 what are you most proud of
  [INFO] Predicted PHQ-8 score: 1.0

[20:27:44] → PID 652
/Users/kevinawang/Documents/GitHub/VA-classifier/src/utils/util.py:27: FutureWarning: You are using `torch.load` with `weights_only=False` (the current default value), which uses the default pickle module implicitly. It is possible to construct malicious pickle data which will execute arbitrary code during unpickling (See https://github.com/pytorch/pytorch/blob/main/SECURITY.md#untrusted-models for more details). In a future release, the default value for `weights_only` will be flipped to `True`. This limits the functions that could be executed during unpickling. Arbitrary objects will no longer be allowed to be loaded via this mode unless they are explicitly allowlisted by the user via `torch.serialization.add_safe_globals`. We recommend you start setting `weights_only=True` for any use case where you don't have full control of the loaded file. Please open an issue on GitHub for any issues related to this experimental feature.
  model.load_state_dict(torch.load(model_path, map_location=device))
Participants:  50%|█████     | 28/56 [03:31<03:37,  7.75s/it]Some weights of RobertaModel were not initialized from the model checkpoint at roberta-base and are newly initialized: ['roberta.pooler.dense.bias', 'roberta.pooler.dense.weight']
You should probably TRAIN this model on a down-stream task to be able to use it for predictions and inference.
/Users/kevinawang/Documents/GitHub/VA-classifier/src/utils/util.py:27: FutureWarning: You are using `torch.load` with `weights_only=False` (the current default value), which uses the default pickle module implicitly. It is possible to construct malicious pickle data which will execute arbitrary code during unpickling (See https://github.com/pytorch/pytorch/blob/main/SECURITY.md#untrusted-models for more details). In a future release, the default value for `weights_only` will be flipped to `True`. This limits the functions that could be executed during unpickling. Arbitrary objects will no longer be allowed to be loaded via this mode unless they are explicitly allowlisted by the user via `torch.serialization.add_safe_globals`. We recommend you start setting `weights_only=True` for any use case where you don't have full control of the loaded file. Please open an issue on GitHub for any issues related to this experimental feature.
  model.load_state_dict(torch.load(model_path, map_location=device))
Participants:  52%|█████▏    | 29/56 [03:40<03:43,  8.26s/it]Some weights of RobertaModel were not initialized from the model checkpoint at roberta-base and are newly initialized: ['roberta.pooler.dense.bias', 'roberta.pooler.dense.weight']
You should probably TRAIN this model on a down-stream task to be able to use it for predictions and inference.
prompt: -0.08	+0.02	 you know what the dod is going to use it for though
-0.01	+0.03	 bring up a virtual human for a second here you go
-0.01	+0.05	 and what's going to happen if she can ask you some questions and then when she's done she's going to say goodbye and then you're going to press this button over here let me know okay alright
-0.02	-0.03	 do you know how many questions or is it different for each person
+0.02	+0.03	 I'm experiencing different cultures and no different ways other people live
+0.38	+0.18	 oh okay I just got back from Belize Honduras and Cozumel went scuba diving Jets gang repelling ziplining had a great time
+0.02	-0.06	 wow I had a lot of those cruise to Alaska the Inside passage Cruise
+0.05	-0.03	 I got my undergraduate in communication studies and I'm working on my master's degree in public administration
+0.09	+0.04	 right now I am working on a web series I'm shooting a film
+0.00	-0.03	 somewhere in the middle neither wide sometimes I'm shy and sometimes I'm outgoing so it's somewhere in the middle of goes back and forth
+0.14	+0.08	 very close we were all on a cruise together 18 family members
+0.06	-0.04	 turn on the television and veg in front of the couch
-0.04	-0.05	 or keep it off and just lay down and have total silence close the window shades
+0.01	+0.15	 I'm pretty good at it even though I feel like I'm going to explode sometimes
-0.34	+0.10	 friend of mine kept calling and asking me the same question over and over again and he keeps failing to do anything about it but it's the same problem all the time
-0.06	+0.03	 tell me about a situation that you wish you would have all different
-0.28	+0.07	 dealing with my younger brother I think I could have had a closer relationship with him growing up did more things with him I feel guilty that I didn't spend more time with them when we were younger
-0.14	+0.07	 tell me about the hardest decision you've ever had
-0.08	+0.05	 travel education benefits to having a hard time dealing with the rest of the world so I wanted to get away
-0.04	-0.04	 actual is very easy it's say but even though I
+0.15	-0.00	 like the military it was very easy transition for me
+0.01	-0.06	 I worked for the dod for a little while and then I
+0.02	-0.07	 worked as a nursing assistant and went back to school
+0.10	+0.10	 kept me physically fit show me the importance of physical fitness
-0.04	-0.03	 how to deal with problems how to adapt to things I'll become
-0.31	-0.05	 just okay not great somewhere in between not bad not good
-0.10	-0.07	 fear of forgetting something for getting details so I go over go through them over and over in my head
+0.06	-0.01	 how easy is it for you to get a good night sleep
-0.36	+0.01	 back and forth and sometimes it's really very difficult for me to sleep even if I've had a long day and didn't sleep the night before sometimes I still have trouble falling asleep or I don't sleep throughout the night
-0.16	+0.20	 I feel hungry all the time even though I've just eaten
-0.00	-0.07	 when I before I got out of the army so it's back in 1992
-0.46	+0.06	 I don't know just makes me feel bad sometimes depression feel down don't feel like getting out doing anything just rather climb into bed and pull the covers over my head
-0.35	-0.01	 I just the realization that it's just one of my moods and eventually it's going to sometimes I'm down I feel down and I just deal with it
-0.24	+0.00	 I learned over course of time that it just comes and goes and I just wish for it to go away
-0.43	+0.17	 the feelings that I was going to hurt somebody or hurt someone else
-0.12	-0.03	 I'm going to start therapy again but I haven't been going for about a year or two years
+0.03	-0.04	 when I was on the cruise so that will be between July 14th and 21st and when I was driving the speedboat down in Cozumel
+0.06	-0.04	 my best friend probably would describe me as being driven dependable
+0.05	-0.06	 working on my Master's Degree my service in the military
-0.04	-0.05	 yeah I can tell it's a little work-in-progress there yeah
-0.07	+0.00	 just bear with me for a second on sling TV
  [INFO] Predicted PHQ-8 score: 16.0

[20:27:55] → PID 655
prompt: +0.04	-0.07	 I'm a librarian at a elementary school part-time
+0.14	+0.01	 prior to this month I was pretty good
-0.36	+0.24	 maybe a week ago I was on the bus and somebody invaded my private space
-0.04	+0.02	 tell me about a situation that you wish you would handle
-0.50	+0.19	 I wish that I would have handled being raped in the military differently
-0.16	+0.09	 tell me about the hardest decision I've ever had to
-0.29	+0.13	 getting a restraining order against my children's father when I was trying to exit the relationship and he didn't want me to leave
+0.01	-0.01	 tell me about Nevada or something that you were
-0.33	+0.29	 my mother threatened me that once I graduated high school that I had to do something and I didn't want to go to college and so I knew from the 10th grade on that I wanted to be in the Air Force
+0.15	+0.11	 I got pregnant I ended up going to college anyway
+0.02	-0.01	 how did serving in the military change you
-0.42	+0.16	 gave me a discipline that I wouldn't have gotten otherwise but it damage me tremendously
-0.01	+0.09	 I had basically buried my memory of the military for 30 years now and I only recently started acknowledging that I'm a bit since my youngest son my 21 year-old join the Army in April and as a result of doing that
+0.02	+0.05	 my memories have slowly but surely started coming back to
-0.19	+0.04	 Guess that my rape in the military and then how I interned got discharged because I was reporting it
+0.06	-0.01	 how easy is it for you to get a good night sleep
-0.32	+0.03	 irritable cranky a journalist and the bed the next day not sleeping but just too tired to get up
-0.42	+0.09	 nothing in general just it's just been coming down on me
-0.52	+0.20	 I was recently prescribed some medication that I've been taking for a week now I still have emotional outbursts disappointments just take me over the edge things that I can't control
+0.42	+0.25	 you feel therapy and beautiful yes I do
+0.05	-0.05	 I'm in group therapy at the veterans hospital and
-0.02	+0.05	 being in a group situation it just lets me see that the things that I'm going through in the things that I'm feeling or not just me I'm not crazy
-0.27	+0.12	 the rape in the military and how I eventually got put out and now I'm having to fight for my benefits because I serve less than 2 years so it kind of feels like the fight is continuing
+0.15	+0.05	 it was probably January 1st of this year it was my granddaughter's 4th birthday
-0.00	-0.08	 in my 88 year old grandmother who still lives in Detroit
-0.17	-0.07	 aloof a loner I don't hang out I don't communicate with him as much
+0.16	+0.04	 I took my granddaughter to the Natural History Museum
+0.17	+0.11	 what are you most proud of in your
+0.40	+0.11	 the fact that I'm good at my job and I am a loving mother and grandmother
+0.28	+0.06	 thanks for sharing your thoughts with me you're welcome
  [INFO] Predicted PHQ-8 score: 15.0

[20:28:04] → PID 656
/Users/kevinawang/Documents/GitHub/VA-classifier/src/utils/util.py:27: FutureWarning: You are using `torch.load` with `weights_only=False` (the current default value), which uses the default pickle module implicitly. It is possible to construct malicious pickle data which will execute arbitrary code during unpickling (See https://github.com/pytorch/pytorch/blob/main/SECURITY.md#untrusted-models for more details). In a future release, the default value for `weights_only` will be flipped to `True`. This limits the functions that could be executed during unpickling. Arbitrary objects will no longer be allowed to be loaded via this mode unless they are explicitly allowlisted by the user via `torch.serialization.add_safe_globals`. We recommend you start setting `weights_only=True` for any use case where you don't have full control of the loaded file. Please open an issue on GitHub for any issues related to this experimental feature.
  model.load_state_dict(torch.load(model_path, map_location=device))
Participants:  54%|█████▎    | 30/56 [03:47<03:24,  7.86s/it]Some weights of RobertaModel were not initialized from the model checkpoint at roberta-base and are newly initialized: ['roberta.pooler.dense.bias', 'roberta.pooler.dense.weight']
You should probably TRAIN this model on a down-stream task to be able to use it for predictions and inference.
/Users/kevinawang/Documents/GitHub/VA-classifier/src/utils/util.py:27: FutureWarning: You are using `torch.load` with `weights_only=False` (the current default value), which uses the default pickle module implicitly. It is possible to construct malicious pickle data which will execute arbitrary code during unpickling (See https://github.com/pytorch/pytorch/blob/main/SECURITY.md#untrusted-models for more details). In a future release, the default value for `weights_only` will be flipped to `True`. This limits the functions that could be executed during unpickling. Arbitrary objects will no longer be allowed to be loaded via this mode unless they are explicitly allowlisted by the user via `torch.serialization.add_safe_globals`. We recommend you start setting `weights_only=True` for any use case where you don't have full control of the loaded file. Please open an issue on GitHub for any issues related to this experimental feature.
  model.load_state_dict(torch.load(model_path, map_location=device))
Participants:  55%|█████▌    | 31/56 [03:53<02:59,  7.20s/it]Some weights of RobertaModel were not initialized from the model checkpoint at roberta-base and are newly initialized: ['roberta.pooler.dense.bias', 'roberta.pooler.dense.weight']
You should probably TRAIN this model on a down-stream task to be able to use it for predictions and inference.
prompt: -0.00	-0.01	I'll bring it by virtue of human for a second here so you can see what she looks like
+0.38	+0.11	 I forgot my the weather the people and just a nice place to live
+0.12	+0.07	 I'm just the adventure of a going to new places and just getting away from Los Angeles and time
+0.16	+0.04	 have you been a recent one by one in the path of just last one was to San Francisco who had the opportunity to drive up the Pacific coast and to just take my time and drive up the coast enjoy the views and just enjoy the stops along the way the food and the people
+0.09	+0.01	 maybe just driving up the coast with friends taking your time in a really good time to talk into
+0.15	+0.17	 I envision myself being a photographer 100% of the time eventually that's my dream position
-0.16	+0.12	 a very strong relationship with my family or my mom passed away a couple years back so we're extra extra clothes clothes with all my brothers and sisters Dance With My Father for very close family and I miss him right now they're all back East but you know we're pretty close
+0.02	-0.07	 I read a lot of reading meditating sometimes praying but basically reading
-0.14	+0.16	 really can't remember I haven't argued with anyone in such a long time it's just not
-0.18	+0.14	 prudent thing to do is only going to cause you stress so I don't I don't think that a part of my daily ritual I can't even remember the last time I argue with someone
-0.05	+0.02	 tell me about a situation that you wish you would have
-0.12	+0.07	 tell me about the hardest decision you've ever had to make
-0.19	-0.03	 probably moving moving away from east coast to West Coast being away from my family
+0.04	+0.05	 there's nothing that I wish to erase for my memory everything that's there is there for a reason and I accept it that way and so there's that's just how I see it so it's just a part of your life part of the journey that you taken there's no reason for me to try to erase anything that already happened just as a part of me it makes me the person I am
+0.03	+0.05	 I have but logical in the fat in my family that have been in the military but I felt obligated to you know the one of those who protected the country as well
+0.04	+0.07	 getting used to again you know it's something you miss for a while for yesterday 3 or treat yourself to that type of life again but it wasn't and it wasn't as easy but it was doable
+0.01	+0.00	 I might be more disciplined any more appreciation for my country and then maybe put things into priority right to life in the life events in how I do things HealthEast see things open up my eyes to bigger world and could help me in those respects
-0.03	-0.05	 I've been okay just a little tired cuz I've been sick recently but other than that but okay
-0.08	+0.01	 free v i don't toss and turn if I'm sleepy I'll go back I was asleep immediately so that issue right now
+0.02	-0.04	 probably when I was with my family back East a couple of months ago
+0.07	+0.13	 someone's you grow up to be that they put morals and they put a standard tennis and they live their life with Integrity so they're my examples for life right now
+0.45	+0.22	 of some clients at the beach and we had a really pretty good time doing that project lot of creativity of thought went into it and real fun enjoy.
+0.16	+0.04	 The fact that I've managed to achieve what I've done first education and my career status as well as via areas that I've worked in with a photography and with a helping other people out
  [INFO] Predicted PHQ-8 score: 0.0

[20:28:11] → PID 658
prompt: +0.13	+0.05	I just upgraded to a present
-0.11	+0.05	 to let me know it's all over
-0.04	-0.02	 and also just a caveat if at any point she pauses for an extraordinary long. Of time you know every everyone
+0.10	-0.01	 so how are you doing today
-0.36	-0.07	 I don't really care for LA
+0.03	+0.00	 as much as I used to Growing Up
-0.26	+0.03	 B vent sir are not like they used to be
-0.16	+0.01	 so I am not back in the workforce so I'm not making the money to really do some of the things that you like that just traveling
-0.03	+0.01	 wow I have quite a few I guess joining the military what do you want
+0.08	+0.02	 I'm a student yeah I'm still completing my AA degree
+0.06	-0.04	 actually it will be to help make decisions to help
+0.09	+0.00	 eradicate a lot of homeless is also helping those with co-occurring disorders
+0.00	-0.01	 sometimes when I'm feeling 10 I turn on the fish tank screensaver
+0.07	+0.04	 I know it's not Hawaii but it's the best I've got
+0.26	+0.06	 watch a good movie Take a Walk go to the beach
+0.00	+0.07	 maybe a couple months ago it was about my money I have paid someone in advance to perform a job for me and
-0.04	+0.05	 they they backed out but I let them go go ahead with the money just keep the money and just out yet
-0.12	-0.03	 it wasn't necessarily a big argument but it was a disagreement
+0.06	-0.01	 sometime I'm very candid with people
-0.12	+0.01	 I really need to be more mindful of
+0.15	+0.04	 a career opportunity chance to travel
+0.42	+0.20	 are you happy you did that
-0.12	+0.03	 yes I wish it would have been a different experience but yes
+0.08	+0.05	 I think the sense of Pride from
-0.21	+0.12	 back and forth sometime anxious nervous
+0.06	-0.01	 how easy is it for you to get a good night sleep
-0.08	-0.10	 not I take medication to sleep
-0.11	+0.15	 always in fight or flight mode
-0.21	+0.10	 that crowds me in where I can't leave
-0.03	+0.11	 I get out of bed area I mean that yeah
-0.07	-0.07	 I try to stay away from
-0.05	+0.05	 trying to make sense of my feelings yeah my emotions yeah
+0.01	-0.05	 do you still go to therapy
-0.02	-0.08	 not in the last 6 months
-0.36	+0.06	 had a child and she had to step down and I just haven't found anyone I know that I feel comfortable with
-0.10	+0.24	 feeling like I released a load of emotions
+0.00	-0.05	 and maybe gotten some other out ternative yeah methods
+0.02	-0.01	 can you tell me about the
+0.47	+0.24	 did joyful time of the year
+0.25	+0.08	 well I've had people that have encouraged me
+0.07	+0.04	 to seek more positive behavior and and encourage me to
-0.00	+0.01	 find out who I was and
+0.00	+0.13	 you know I make a better life for myself yeah
+0.07	-0.02	 probably funny six and two humor
+0.22	+0.16	 what are you most proud of
+0.04	-0.06	 my sobriety and in working my education working at my education
  [INFO] Predicted PHQ-8 score: 2.0

[20:28:17] → PID 659
prompt: +0.03	+0.12	now I'm going to pull up over to human yoga to see what she looks like I'm going to go ahead and start the camera recording up here
+0.16	+0.02	 well feel that I don't live in LA I live in Long Beach I like that there's
+0.01	-0.04	 activity going on lot and a lot more people but generally I'm a small-town type of person
+0.33	+0.10	 that's really hard to say I had a lot of good experiences in the military lot of good experiences in my marriage different traveling places camping raise children I was all good things
-0.04	-0.04	 I just say it depends on the circumstances sometimes I can be quite withdrawn velvetizer iron would really outgoing I guess it just depends on this time
-0.10	+0.02	 sometimes I'm in really deep thought or have something going on internally so I don't really say a lot I got more observant at that time then I think there's something that needs to be said I'm not I'm not afraid of saying it
+0.15	+0.05	 I have a really good relationship with my family we all speak on the weekly basis I come from a large family have a lot of brothers and sisters my mother and father still living so I talked to them my mother lives not too far away from your father lives in the back
+0.08	+0.03	 I got two older brothers that I talk to on a regular basis and my younger sisters that I talked to lots of nieces and nephews
+0.03	+0.08	 sometimes when I'm feeling 10 I turn on the fish tank screensaver hey I know it's not Hawaii but it's the best I've got
+0.04	-0.01	 read something maybe watch a movie that's good that's a good Escape read something go to I'm involved with Alcoholics Anonymous I might go to a meeting that that helps me the interact with others
-0.07	+0.02	 I rarely have an outburst it imma call him person my demeanor sometimes tells people otherwise but I'm really calm person that people say that I look mean but I'm not
-0.44	+0.20	 just a disagreement with how somebody was being treated and I'm really that really bothers me when someone is being mistreated and I don't even really know that it really point it out but I know that's probably what it was about
-0.41	+0.23	 I wish I would have just accepted it a lot sooner than I did and moved on with my life but it took what I had been I've been married for over 20 years and I was hard for me to accept to accept the fact that my wife wanted a divorce and I tried to hang in a lot longer than just got myself used and abused so I wish I would have just grabbed that situation and moved on a lot faster
-0.28	+0.13	 that's when my wife and I took our granddaughters and I promise to raise them and then see them through their upbringing that I didn't have the opportunity to do that by law that was my fault and I feel I feel guilty about that
-0.17	+0.09	 white goes back to acceptance of accepting my the end of my marriage that was that was the hardest decision was so when I finally just decided that to stop fighting the the
+0.00	+0.02	 I wouldn't ask say that probably wouldn't want to erase anything from my memory because I have grown and learned from every experience I've ever had in my life so I wouldn't say that I want to erase anything
+0.08	+0.01	 have you ever served in the military yes I have veteran of the United States Army
+0.08	+0.12	 financially the idea of having a college money once I was very motivated to go to college having that money to to fund my college education was very
-0.04	+0.05	 appetizing and also I felt like I needed a break from academics but I knew I wanted to start it up again at some point but that didn't happen you know life happened I got married and then another. I say I'm still trying to complete a college education now at age 47 so
+0.32	+0.18	 yes it's the best of the best experience best thing I've ever done for myself but joining the Army I still paying dividends it it's my living today's helps me pay my bills today my pension that I receive
+0.34	+0.21	 taught me a lot I got to got to meet people from all over the country see places that I've never seen before getting a lot of opportunities
-0.09	+0.00	 it's a little of this a bit of a struggle you know when you serve in your car after you get used to being regimented and having a place to be every day and then all of a sudden you're free basically in and you don't don't have that that discipline in your life anymore so it's it's hard to to readjust
+0.08	+0.07	 gave me a lot of self-confidence I was never a very athletic inclined but that's the most physical activity that ever had I develop my body
+0.03	+0.10	 develop my mind show that much metal 42. I had that I had got me over a lot of things show me a lot of strength about myself
+0.24	+0.12	 it's been going pretty well I've been very a lot more active than I had been
+0.29	+0.17	 I'm searching for an apartment right now moving out of my lips are current living situation that's very exciting just been more active in my daily life
-0.22	+0.02	 I'm just not on the same lines I'm seem to be a little bit happier the depression isn't there it's so
+0.15	+0.01	 overwhelmingly still have some bad days but not take my medication and then I go to my counseling and its everything seems to be working out pretty well
-0.41	+0.11	 how easy is it for you to get a good night sleep is very difficult I toss and turn I have night sweats probably having nightmares and I don't recall
-0.27	+0.17	 actually I'm not more overly energetic adrenaline takes over and Ida zip through my day with and then at the end of the day I'm exhausted then that makes it hard to sleep again so it's just too
-0.27	+0.04	 so I don't know I don't know what to do about it I do not talk to my doctors later want to put me on too much sleep medication and so I just try to get a good night's sleep and just take as much rest as I can try not to nap during the day hopefully having a better sleep during the night
-0.09	-0.03	 time it's been over 10 years cuz all probably longer than that I don't remember the exact date
-0.13	-0.02	 I don't recall everything that they say that cuz I have a lot of overlapping problems so
+0.12	+0.01	 I feeling down after I talk to people I get out and I do things going to help somebody else get out of my get out of self and get service to others if I get out of self and it's quite helpful
-0.20	+0.07	 well what brought me this would have gotten me to seek the help is that was an alcoholic and I was drinking and
-0.04	+0.06	 and I wanted to quit drinking and then I had to discover the reasons that I was drinking and now you know I was drinking alcohol as a as self medication for different problems and I had to get away from the alcohol and other substances you know other drugs and once I did that I was able to
-0.05	-0.02	 professionals who are more able to differentiate with the alcohol problems from the other problems and
+0.19	+0.03	 prescribed the right medications prescribed the right then type the right type of treatment or group therapy individual therapy those things have been quite helpful
+0.02	-0.06	 yes I do have group therapy 5 days a week and individual therapy once a week
-0.06	-0.02	 old heavy luggage and leave it somewhere not carry it around you know it's like a
-0.02	+0.07	 situations by negative thoughts everything and every time I'm in therapy or I mean the AA meeting or see a meeting I get to empty that vallone out not carry to carry out such a burden to get leave that luggage that garbage somewhere else and I got to carry it around and have it be a burden on myself so I was quite helpful
+0.28	+0.12	 limited they still are there but I do feel better about myself that I like myself better today than I did say 2 years ago
+0.04	-0.02	 happy Sunday with the California Angels play the Oakland A's went out to a baseball game with a sober group and
+0.30	+0.11	 what are the eight hot dogs and nachos and drink Pepsi and enjoyed advice Sunday afternoon baseball game that was really a good time
+0.02	+0.08	 I don't have any biological children by have a stepdaughter and then her kids and they all call me so I'm even though my wife and I aren't together I'm still acting a part of their life and
/Users/kevinawang/Documents/GitHub/VA-classifier/src/utils/util.py:27: FutureWarning: You are using `torch.load` with `weights_only=False` (the current default value), which uses the default pickle module implicitly. It is possible to construct malicious pickle data which will execute arbitrary code during unpickling (See https://github.com/pytorch/pytorch/blob/main/SECURITY.md#untrusted-models for more details). In a future release, the default value for `weights_only` will be flipped to `True`. This limits the functions that could be executed during unpickling. Arbitrary objects will no longer be allowed to be loaded via this mode unless they are explicitly allowlisted by the user via `torch.serialization.add_safe_globals`. We recommend you start setting `weights_only=True` for any use case where you don't have full control of the loaded file. Please open an issue on GitHub for any issues related to this experimental feature.
  model.load_state_dict(torch.load(model_path, map_location=device))
Participants:  57%|█████▋    | 32/56 [04:07<03:43,  9.30s/it]Some weights of RobertaModel were not initialized from the model checkpoint at roberta-base and are newly initialized: ['roberta.pooler.dense.bias', 'roberta.pooler.dense.weight']
You should probably TRAIN this model on a down-stream task to be able to use it for predictions and inference.
/Users/kevinawang/Documents/GitHub/VA-classifier/src/utils/util.py:27: FutureWarning: You are using `torch.load` with `weights_only=False` (the current default value), which uses the default pickle module implicitly. It is possible to construct malicious pickle data which will execute arbitrary code during unpickling (See https://github.com/pytorch/pytorch/blob/main/SECURITY.md#untrusted-models for more details). In a future release, the default value for `weights_only` will be flipped to `True`. This limits the functions that could be executed during unpickling. Arbitrary objects will no longer be allowed to be loaded via this mode unless they are explicitly allowlisted by the user via `torch.serialization.add_safe_globals`. We recommend you start setting `weights_only=True` for any use case where you don't have full control of the loaded file. Please open an issue on GitHub for any issues related to this experimental feature.
  model.load_state_dict(torch.load(model_path, map_location=device))
Participants:  59%|█████▉    | 33/56 [04:16<03:35,  9.38s/it]Some weights of RobertaModel were not initialized from the model checkpoint at roberta-base and are newly initialized: ['roberta.pooler.dense.bias', 'roberta.pooler.dense.weight']
You should probably TRAIN this model on a down-stream task to be able to use it for predictions and inference.
  [INFO] Predicted PHQ-8 score: 9.0

[20:28:31] → PID 661
prompt: -0.02	-0.03	 okay so there's no she does look like comic character she looks like one of those like if you play The Sims
+0.06	+0.02	 all right time to go ahead and start her up
+0.01	-0.02	 and the Hollywood movie stars and stuff being around very liberal really
-0.03	+0.04	 and you know that we meet people you don't takes awhile to learn to trust him now I'll players in LA
-0.33	+0.06	 Rite Aid travel I was it was just to go somewhere else and leave it's a certain group of people doing workshops and stuff but now I don't like I wouldn't want to fly anymore because of all the restrictions and problems I've had since 9/11
+0.04	-0.02	 why you so fly a lot of the San Francisco area
+0.03	-0.07	 proclaiming we did rituals and workshops and I spent some time going to work shops
+0.07	+0.01	 you are outside so I kind of like we have a week of camping out and have a little workshops and get to know people from different parts of the country find out what's going on
-0.26	+0.10	 I have 11 surgeries that kind of tumors breast cancer to come back but I've had two tumors I've had 11 surgeries cuz of tumors
-0.43	+0.10	 tumors on my ovary tumor on my kidney I've been had a
+0.26	+0.07	 well I was an accounting major but I end up getting an apprenticeship working orthotics-prosthetics so I work this our side prosthetic technician for 16 years I enjoyed that
-0.10	+0.01	 now I get a veteran's pension kind of retired cuz I got PTSD and freshen it
-0.15	+0.13	 I just to tell me I'm 90% disabled I really do know
-0.13	-0.02	 yeah I'm somewhat shy internet is an F I'm working or something I'm not because I know what I got to do and I know it's communicate but just on it
+0.12	-0.01	 play video games I get on the computer and play some games and it I get focused on that and it is relaxing for me and takes my mind off stuff
-0.10	-0.01	 well I saw a therapist for 6 years dealing with anger issues after Vietnam veteran
-0.05	-0.04	 I'm on psych meds so I guess that controls it
-0.18	+0.20	 schedule to come over Wednesday tomorrow and somebody else came up with something they wanted to do and she just felt like she could call me and cancel with me and go out with a friend and I told her say it's not going to work you got to have to stick with you you made it you made it you made
-0.14	+0.08	 appointment with me first so you going to have to deal with that
-0.44	+0.17	 yeah I'll call make make plans and cancel anytime and I don't like it
-0.37	+0.18	 probably way I handle depressed when I found out I have breast cancer stage 3 I would have gotten a support group right away I didn't see a social worker right away I was in didn't
-0.16	+0.11	 has running prosthetic lab in I couldn't I was more worried about that in my breast cancer I think I would have done that different
-0.00	-0.06	 that I did try to be more involved with my sisters lives and stay closer to home. The Pacific Northwest
-0.35	+0.06	 but I was self-medicating so I wish I could have not done that
-0.01	+0.00	 well my mother thought it would be a good I was more of a hippie and stuff I got in the military with
-0.11	-0.00	 it would help straighten me out which I did help someone I did change after that but I had some problems after I left two
-0.13	-0.04	 no during the Vietnam era women weren't allowed to go to combat
-0.13	-0.05	 learning to fly the M16 was optional so I never I was in Communications
-0.09	-0.01	 well I look back now I can see where some of the start drinking and
-0.19	+0.03	 as acting goofy and I can see back it was a PTSD in the trauma stuff like I never saw it that way then but I can look back now and see why some things happen
+0.02	-0.02	 well the first thing I did was get a job as a bartender mixed with people that I went to work for an insurance company
+0.01	-0.07	 for about 4 years I took some college business college classes
-0.03	-0.05	 I left work at 16 years and Prosthetics and Orthotics
-0.06	+0.12	 but I didn't drink for 15 years I didn't smoke cigarettes for 10 years and then so if I don't have breast cancer stage 3 so can I change my plans
-0.16	+0.21	 I got tires on a bus and fell asleep in something startled me in the bus driver knew right away since you're a veteran aren't you and I need just the way I was acting you knew
-0.28	+0.03	 little depressed little depressed I don't know High holidays are coming up this is lots of Aloo starting tonight and it's time for interspec introspection
+0.02	-0.06	 sorry I look at the past year when I'm done
-0.46	+0.19	 I want more depressed I'm taking medication for it but
-0.47	+0.12	 a couple people I know died in front of my moved out
-0.51	+0.13	 it's been depressing to see that have a three people I know died in The Lacs
-0.34	+0.02	 34 months and I said speak a little depressing there
-0.01	-0.01	 so I try to play a computer game finally answer to getting my mind off stuff
-0.11	-0.04	 I like I don't like people standing too close to me and
-0.40	+0.08	 I have social anxiety now I don't like to be around a lot of people like going to the like if they had a jazz festival or something I wouldn't want to be there cuz of all those people I am isolated more
-0.03	-0.08	 where are veteran in the substance abuse Treatment Center at the VA
+0.05	-0.02	 I told me about the VA in so I went up there and do
-0.14	+0.05	 I figured that was my last resort really cuz I was lost for what to do
+0.04	-0.03	 yes I go to group therapy once a week of it psichiatra sexy
+0.03	-0.01	 I said I worked in a field process I fabricate a lot artificial limbs and braces and something people could use
  [INFO] Predicted PHQ-8 score: 12.0

[20:28:41] → PID 663
/Users/kevinawang/Documents/GitHub/VA-classifier/src/utils/util.py:27: FutureWarning: You are using `torch.load` with `weights_only=False` (the current default value), which uses the default pickle module implicitly. It is possible to construct malicious pickle data which will execute arbitrary code during unpickling (See https://github.com/pytorch/pytorch/blob/main/SECURITY.md#untrusted-models for more details). In a future release, the default value for `weights_only` will be flipped to `True`. This limits the functions that could be executed during unpickling. Arbitrary objects will no longer be allowed to be loaded via this mode unless they are explicitly allowlisted by the user via `torch.serialization.add_safe_globals`. We recommend you start setting `weights_only=True` for any use case where you don't have full control of the loaded file. Please open an issue on GitHub for any issues related to this experimental feature.
  model.load_state_dict(torch.load(model_path, map_location=device))
Participants:  61%|██████    | 34/56 [04:29<03:50, 10.47s/it]Some weights of RobertaModel were not initialized from the model checkpoint at roberta-base and are newly initialized: ['roberta.pooler.dense.bias', 'roberta.pooler.dense.weight']
You should probably TRAIN this model on a down-stream task to be able to use it for predictions and inference.
/Users/kevinawang/Documents/GitHub/VA-classifier/src/utils/util.py:27: FutureWarning: You are using `torch.load` with `weights_only=False` (the current default value), which uses the default pickle module implicitly. It is possible to construct malicious pickle data which will execute arbitrary code during unpickling (See https://github.com/pytorch/pytorch/blob/main/SECURITY.md#untrusted-models for more details). In a future release, the default value for `weights_only` will be flipped to `True`. This limits the functions that could be executed during unpickling. Arbitrary objects will no longer be allowed to be loaded via this mode unless they are explicitly allowlisted by the user via `torch.serialization.add_safe_globals`. We recommend you start setting `weights_only=True` for any use case where you don't have full control of the loaded file. Please open an issue on GitHub for any issues related to this experimental feature.
  model.load_state_dict(torch.load(model_path, map_location=device))
Participants:  62%|██████▎   | 35/56 [04:37<03:20,  9.57s/it]Some weights of RobertaModel were not initialized from the model checkpoint at roberta-base and are newly initialized: ['roberta.pooler.dense.bias', 'roberta.pooler.dense.weight']
You should probably TRAIN this model on a down-stream task to be able to use it for predictions and inference.
prompt: -0.10	+0.09	 Killer Queen shut down 7 to bring her up now
-0.00	-0.07	 location of the blowing lines in a picture right
+0.02	-0.05	 where are you from originally Silicon Valley San Jose California Sunnyvale that area
-0.25	+0.06	 no there's more things I dislike him kind of late but never the less you know the proximity to the beaches of snow multi
+0.01	-0.03	 the multiple Court cultures that live here diverse excuse me diversity of it
-0.09	+0.10	 Romero's living up north is it snowed in Malibu it's a long time ago and it turns around and says as if there isn't already enough Flakes and I'll lay it snowing in Malibu
+0.20	+0.16	 Moma most recent trip I want to Denver Colorado to sometime in Vail Las Vegas wife two kids have been separated for Wallace's the first time in quite some time that we spend some time together we drove out there just found out there have that out there so it's all good
-0.03	-0.01	 nothing in particular nothing individually jumps out of me
+0.01	-0.06	 Lord some college my college made me focused on Logistics and what not I took a lot of college prep courses they focused on Aviation Ground School for astrophysics oceanography classes like that
-0.10	+0.03	 can overcome it so you cannot so I will not be dependent upon the social services
+0.01	-0.00	 good morning sky but I've learned overcome that when it's necessary
+0.27	+0.11	 wife and I are trying to keep things together and I love her very close to her brothers and sisters with Dad
+0.09	+0.04	 I know it's not much but it's the best I've got
-0.15	+0.05	 snowball game is not his I can't do right now because my disability it's been a scuba diver like cycling swimming lot of stuff you can do right now and try to get it back
-0.04	-0.03	 it's better to respond than it is to reactants very hard to learn how to do
+0.02	+0.04	 it's been a while he started with my life
-0.14	+0.07	 tell me about the hardest decision you've ever had
+0.01	-0.07	 yes I did Sir do Navy 78 to 1983
+0.01	-0.04	 see places I was a diver at the time it was in the Navy to become a diver what not
-0.08	+0.02	 as you would think of it to be not on non-combat with a different country now lot of combat in the streets but
+0.20	+0.10	 no I told you things I did love alarm security work
+0.04	-0.03	 not just some carpentry work and finally got into sales and marketing refrigerant companies so I've been pretty much the sales and marketing most of my life
-0.13	-0.04	 now we don't know if it was Trey and I don't ever read to change me so
+0.22	+0.06	 about that it's nobody to question that means multiply answer but no lately I've been feeling pretty good after the vacation on the wife and two kids so
+0.29	+0.07	 no of course vacation with the family always does good
+0.10	+0.03	 no it's always good to spend time with people that matter your life that would always good to spend time quality time with people in the life that matter the most
+0.06	-0.01	 how easy is it for you to get a good night sleep
-0.02	-0.06	 nobody's pretty easy but lately I take something to help me sleep a little bit so
-0.21	+0.04	 I've been told him had a symptoms of that but I have been diagnosed with it
-0.23	+0.03	 I am seeking therapy to avoid depression get worse but not clinically diagnosed depression that I've had in the past as a result of my separation everything was pretty much determined situation arrived
+0.13	+0.05	 no way to avoid depression when I do is keep myself busy and accomplishing things being productive
-0.02	-0.01	 now we decide that question if occasion with my family
  [INFO] Predicted PHQ-8 score: 3.0

[20:28:54] → PID 664
prompt: -0.01	-0.05	kind of flies in here a little bit virtual of Mortal Kombat first real reality
+0.02	+0.01	 I'm quite certain that utilize a female for you know and soft touch or something
-0.29	+0.29	 well if it gets any better I'm going to have to take the straps off and shoot straight up
+0.18	+0.09	 well I enjoy life itself so and doesn't matter if I'm in LA but some of the things Hollywood you know some of the tourist attractions
-0.20	-0.01	 well I don't like the games the violence those type of you know behaviors associated with life but it is what it is part of the structure in the city so
-0.17	-0.03	 no not today I used to travel a lot but I'm kind of cold out today
-0.03	-0.05	 why well job so I've been off work for a little while I'm self-employed and it's primarily I'm building my home based business in Long Beach so that kind of restrict my movement at this point in time but that's going to change in the next couple of months I believe
+0.08	+0.02	 it would be traveling all over the world I will be at something where I can interact with various cultures and and you know get to know their traditions and how they live and you know it just experienced other people's you know Lifestyles living skills and whatnot
+0.02	+0.03	 do you consider yourself more shy or outgoing well it depends on the circumstances you know I believe God you know gave us two ears and one mouth one you know Mom to talk
-0.01	+0.02	 at appropriate times and two ears to listen more so you can understand what's going on and how to respond
+0.28	+0.11	 tell me about your relationship with your family it's all good you know I stay interactive with my sons daughters sisters and I enjoy it
+0.09	-0.00	 what primarily I play sports and you know I stay active watch a movie go to the movies or go to dinner
+0.02	-0.01	 well I think I'm pretty cool calm collected type of guy you know there aren't I am human and I do have feelings and you know I try to control those and respond not react but responding appropriately and you know kind of analyze my feelings emotions and and the origin of I'm feeling went when I'm discomfort it when I'm cool and when I'm in the flow I'm just you know an alignment with her
+0.13	+0.15	 my greatest source of strength and courage you know the divine order things for me
-0.18	+0.09	 well I try to nip our arguments in the butt before they get to not a hand or misconstrued or misinterpreted so I don't really argue if I see it coming on take your time I'll remove myself from you from the discomfort and come back in the dresser later
+0.03	-0.02	 and you know that when there's a decline in the overall anxiety frustration whatever
-0.16	+0.03	 well you know there's several in our coming up through life but in retrospect I don't have to say any time there was a physical confrontation I think I could have handled that a more appropriately more healthy if you will
+0.05	+0.07	 well you know what I really don't feel guilty about my life I feel as though I received or had opportunities to recognize my challenges you know my my frailties my strengths as a human being so I take it head-on in a square off with in recognized where can I become better and so and no one's perfect but you know I strive to become better a better man better you know friend a better husband or better whatever overall for me they're just challenges and I have to recognize him a sandwich and you know correct the errors of the past and set new disciplines into my future and it works for me it's been working for me since I acknowledge that
-0.19	+0.10	 I should go and the hardest decision I would have ever had to make
-0.06	-0.05	 when actuality I don't have any events like that because it is what it is
+0.05	+0.04	 you know the past it can be a thief if you live in the past the future is unknown so I live towards today you know what I say the present you know is a gift life itself is a gift on a daily basis and that's why they call it the present so I try to stay in the present I do you know right now it's the pass and mistakes and you know achievements as well overall
+0.18	+0.08	 percentage-wise I'm winning so it's learning experiences I've accumulated in my journey and as I proceed forward
-0.23	+0.05	 I knew I was headed for trouble and actuality I realized the path I was on wouldn't lie to you know Financial struggles at that time song
+0.10	+0.07	 military was an option I can get an education and pursued see some of the world and you know there were multiple vinegar benefits available and I think that's what prompted me to
+0.10	+0.01	 relatively easy because I came out and I got a job with the VA
-0.23	-0.00	 within a couple of months I'm so it made my transition no more smoother and whatnot
+0.00	-0.04	 live life and you know experience the highs the lows and in between sand
+0.35	+0.22	 well overall I'm happy with my life my mom over all achievements is where I'm headed and you know what I look forward to and and you know I'm all wrong
+0.07	+0.06	 well that's pretty good you know I kind of exhaust myself I'm up early in the morning by 11 I'm trying to get this slave which I you know I read a little better or watch a movie or
-0.25	+0.12	 well when I don't sleep well I would be tired you know my body would tell me hey you didn't get enough sleep
+0.03	+0.02	 you know pay attention to that because that's the essential to your you know performance and when I'm so I'm aware of that and
+0.39	+0.25	 really really really happy I guess when I was in love I don't know about
+0.47	+0.37	 but I'm happy today I mean really excitingly happy would be when I recognized you know virtual
-0.19	+0.01	 well you know my sister is my daughter is my son's somebody no close friends tonight interact with
+0.09	+0.05	 learning web juice a contributing to the development of life and what it stands for what it really means they understand that and they participate in the housing meaningful weighing and those are some of the influences that you know if Center my center of influence that you know I kind of kind of inspire me
+0.37	+0.20	 I didn't even respond yet I took my daughter's skating and then took him to dinner afterwards we had a good time
+0.31	+0.17	 well I'm proud that you know I'm a human being with compassion for my fellow man a good understanding of Virtues and and
+0.00	-0.05	 then I will pay you and walk you back over so you can just finish up with that post survey and Beads and
  [INFO] Predicted PHQ-8 score: 0.0

[20:29:01] → PID 666
/Users/kevinawang/Documents/GitHub/VA-classifier/src/utils/util.py:27: FutureWarning: You are using `torch.load` with `weights_only=False` (the current default value), which uses the default pickle module implicitly. It is possible to construct malicious pickle data which will execute arbitrary code during unpickling (See https://github.com/pytorch/pytorch/blob/main/SECURITY.md#untrusted-models for more details). In a future release, the default value for `weights_only` will be flipped to `True`. This limits the functions that could be executed during unpickling. Arbitrary objects will no longer be allowed to be loaded via this mode unless they are explicitly allowlisted by the user via `torch.serialization.add_safe_globals`. We recommend you start setting `weights_only=True` for any use case where you don't have full control of the loaded file. Please open an issue on GitHub for any issues related to this experimental feature.
  model.load_state_dict(torch.load(model_path, map_location=device))
Participants:  64%|██████▍   | 36/56 [04:42<02:47,  8.39s/it]Some weights of RobertaModel were not initialized from the model checkpoint at roberta-base and are newly initialized: ['roberta.pooler.dense.bias', 'roberta.pooler.dense.weight']
You should probably TRAIN this model on a down-stream task to be able to use it for predictions and inference.
prompt: -0.00	-0.07	 I was born in Oklahoma race here in Los Angeles South Bay District area Gardena Torrance Redondo Beach Hermosa Beach
+0.05	+0.17	 sometimes you feel like you're amazed cuz it La just keeps growing and growing and growing in the space is getting smaller and smaller and smaller
+0.13	+0.01	 other than that though I don't have any problems with the Los Angeles I like the fish I'm right here by the coast so that's never a problem
-0.04	-0.05	 you travel a lot no I pretty I'm pretty much a homebody I pretty much stay in the area I used to travel a lot
+0.05	-0.06	 but I've gotten older I've become more of a I wouldn't say couch potato but I like to stick close to home
-0.15	+0.17	 well I used to when I get a 3-day weekend when I was younger I would just jump on my car throw my fishing tackle in the trunk and just take off I need to go from here to San Diego from here to the Oregon or whatever on a three-day weekend wouldn't tell anybody where I was I come back and everybody would be freaked out but I used to do just to get away from everything
-0.04	+0.08	 what's the island over there where the Navy Seals train there's a big hotel over there and was in the middle of the week and was like I was the only one there on the beach really Pleasant
+0.05	-0.04	 I'm qualified as both quality manager and quality engineering fo I pretty much handle both
+0.18	+0.17	 actually I am in my dream job I've always pictured myself having my own office being in charge of what it is I do
-0.26	+0.05	 I have three children are drawn one of them is a doctor she's a biologist she lives in Colorado two of them live in Arkansas I'm divorced for so many years I keep in contact with my kids my parents are both deceased my grandparents a deceased my older sister just moved back
+0.17	+0.11	 an entertaining movie hello the guys where I live I like to watch like TruTV cops things like that because you face it every day
-0.08	+0.02	 being able to focus on something it'll take your mind off other things that might you might be having a problem with her might be stressing you out that work for instance
-0.15	+0.02	 it's not that I get angry at I don't get angry at idiosyncrasies that type of situation or people's habits or anything it's
-0.43	+0.25	 I got angry at a lot of society I see things popping popping up popping up in society that seem to be going towards the out-of-control direction is opposed to the getting things under control and
-0.20	+0.01	 picked up my mother was spent the last four years of her life and a sub Acute Care Center here at to Little Company of Mary from diabetes and stroke to pick my dad up
-0.37	+0.06	 every morning drop him off in an hour or so with my mother and then go on to work and then after work I pick him up and come to drop him off and then I'd go back all the night she passed away
+0.02	-0.04	 I picked him up and dropped him off and then I had to go home for a little while and I was going to go back that night and I fell asleep on the couch
-0.39	+0.18	 that situation that I just explained about the night my mother passed away at falling asleep and when I got back up that this morning to go pick up my daddy said your mother passed away last night
-0.28	+0.10	 what made it really difficult and she was by her Capel mental capabilities were were completely there she or cognitive awareness everything she knew what was going on but her body just gave out
+0.20	+0.09	 is actually pretty good Duty I made rate really quick I just spent a couple days in the brig here and there but I got out with my fully five status
-0.20	+0.06	 that's one of the big that's really the only true regret I have is I should have stayed in and and been retired by now
-0.22	+0.05	 for a needle Academy and but my physical exam worse me out of that my exam because of bad depth perception and it kind of wanted me to come in just as the general duty officer but I wanted to be a pilot that's a No-No No-No and I backed out of the whole thing and your later
+0.12	+0.06	 oh yes it was definitely a better choice that put me through my school my education and Ladder years
+0.02	+0.01	 not as such we arrested a few people on drug bust in that type of thing back in the 70s
+0.28	+0.14	 it was great cuz the last like I said the last 18 months was right here in
+0.00	-0.06	 Los Angeles Los Angeles County so it was basically a 9 to 5 job to me
+0.07	-0.01	 so I had no problem going back in the transition anyway what were the six years that I was in the service I saved a lot of money u.s. savings bonds of course so I saved enough money to be able to relax for a couple years to decide what I really wanted to do and that's when I decided to go back to college get a couple degrees saying manufacturing mechanical engineering quality engineering and I've been doing that
+0.10	+0.15	 quite a lot it made me realize I had a future instead of just when I was younger you know just kicking around thinking you were going to live forever and not really focusing on anything for the future
+0.19	+0.02	 you got the military has been a very good benefits touch with the GI bills
+0.07	+0.05	 back then like I said it paid for your education so I had that option and I took that option
-0.11	+0.02	 you're sorry to hear that but I took the option to use the GI bill for my education
-0.46	+0.23	 fire during their I'm going through some side effects with my new inhalers I have a COPD bronchitis chronic bronchitis and they've been giving me some dizzy spells and coughing spells in the morning when I get up and have to take these inhalers and it really it exhaust you it takes a lot out of you
-0.11	-0.03	 but I'm getting up there and unfortunately I'm still smoking on the lighter side of that I'm not as smoking as much as I used to
+0.08	+0.03	 but other than that I'm doing pretty good I'll be moving out of US Vets in a couple of months and I need to pick up with the pace on that to find an apartment
-0.04	-0.04	 usually it's usually it's pretty easy I have those times when I'm tired to the point of where it's hard to fall asleep and sometimes I can just go to sleep right away
-0.17	+0.01	 how long does thinking of maybe something that happened during the day like you mentioned earlier in this conversation things I could have handled better things I could have done a little differently
-0.09	-0.03	 little grouchy I guess a little grouchy but a cup of coffee and I'm usually through it and over it
-0.18	+0.03	 back before I go to the service I was diagnosed with what do they call it bipolarism
+0.08	+0.01	 Oasis spend a lot of time with him on summer vacations when I was a teenager
-0.01	-0.05	 my dad was in his retired army so he was away so I guess my grandfather was more of my my father's been the male figure in my in my life
+0.41	+0.26	 I have three kids three children $2 to $2 one son I'm really proud of my oldest daughter I was able back in 1986 I came into a significant amount of money to be able to put them all through college if they wanted and my oldest daughter took me up on it
+0.29	+0.12	 thanks for sharing your thoughts with me you're very welcome I feel like I'm in an episode of The Matrix
-0.00	+0.09	 you know the first thing I thought of when I said I didn't realize she was sitting there in that chair was The Matrix
  [INFO] Predicted PHQ-8 score: 2.0

[20:29:07] → PID 669
prompt: -0.29	+0.26	 oh there she has where's your face we're not going to see your face wow
+0.04	-0.02	 so once again I ministered her up and then went to after she's done she'll tell you the environment
+0.25	+0.07	 oh I'm feeling pretty good I had a little I was a little bit
+0.33	+0.12	 I wasn't sure what to expect when I got here but I feel pretty comfortable now
+0.05	+0.01	 where are you from originally I'm from New Jersey born and raised in New Jersey
+0.03	-0.04	 went to basic training in New Jersey at Fort Dix drafted into the army when I was 17
-0.26	+0.03	 I don't like it's just too crowded in La there's just too many people and it's just everybody to rush rush and
+0.25	+0.07	 but I do like the weather here so that's where I'm here and my family is here
-0.02	-0.03	 I traveled when I was younger when I got out of the military because I wasn't sure exactly what I was
+0.09	-0.01	 looking to do with my life and but now I'm kind of settled in and going to school for culinary arts
+0.49	+0.22	 in Hollywood and I have a fiance who graduated from USC and I'm pretty happy with my life
+0.17	+0.11	 going to new places and meeting new people and seeing other parts of the country I haven't been to Europe but I hope to get there someday
+0.02	-0.08	 for credit number years I lived in Louis in New Orleans Louisiana took a trip there
+0.48	+0.23	 and enjoyed the food was fantastic and the music was fantastic and the weather was great
+0.33	+0.25	 my dream job is to own a bed and breakfast with my fiance that's my dream job
+0.11	+0.08	 and I hope to make that come true within the next year or two
-0.09	+0.07	 probably more shy than not going I was much I was very shy when I was growing up but I'm still shy but I'm trying to break out of my shell so to speak
-0.40	+0.01	 well my mom and dad are no longer with us they passed on
-0.18	-0.08	 which is probably partially my fault parsley her fault we just don't seem to have a lot in common to show
-0.50	+0.08	 my mom passed away and that was pretty rough she was pretty sick by dad passed away about 9 years ago from Alzheimer's so
+0.17	-0.02	 to relax I just like to go take walks take long walks on the beach
+0.30	+0.17	 I love the outdoors so I love to get out and exercise whenever I can that's what I do
-0.05	+0.01	 I don't have a temper I don't get mad very out it takes a lot for me to get very very mad at somebody I'm cutting easygoing guy
-0.08	-0.02	 no not really and I I try to avoid trouble whenever I can sometimes you can't avoid it but I try
-0.11	+0.03	 probably arguing about with my roommate about making too much noise when he gets up in the morning and you know silly things like that but
-0.00	-0.04	 when you live in that kind of environment you have to learn to live with other people and
+0.14	+0.04	 I like you. I don't really want to discuss that later would rather not I'd rather avoid that question
-0.27	-0.03	 not getting enough education when I was younger and I had problems in school and
-0.41	+0.11	 disappointing my family things like that I had a bad childhood due to my fault though she not theirs but I made the wrong decision which I'm paying for now so
-0.18	+0.01	 thought that was the hardest and it's been about 2 years now but
-0.30	-0.01	 my early years before I went into the military I didn't have many friends I was very shy very bad in school I wish I would have paid more attention
-0.03	+0.00	 it's too late to worry about that now so we have to move on
+0.09	+0.04	 and with the acquisition support and help with my fiance that's what I'm doing
+0.03	-0.02	 yes I was in the Army in Vietnam back in the day when I was 17
-0.01	-0.01	 7 / 70 or 71 I can remember it's been a long time
+0.19	+0.07	 yeah and now I'm getting help from the military so that's a good thing
+0.02	-0.06	 no I was Stateside all the time I was in the military I was stationed in New Jersey
-0.07	-0.03	 it was well do the fact that I didn't go overseas or she combat it was fairly easy you know it was hard leaving home at that young age but it was fairly easy I didn't have much, I had some problems in the military but
+0.41	+0.18	 I missed him a lot and miss my family but it was okay it was a good experience I'm glad I did it
+0.09	+0.10	 are we still young and I wanted to see the country and travel around work here work there good job you got a job there just thought I should have been going to the school and while I was young and getting it having a decent job now instead of starting at the age of 60 but they say it's never too late so here I am
-0.37	+0.02	 well I have my good days and bad days because I'm on this new medication for depression so some days I don't feel good and
+0.07	-0.00	 some other medical issues but most of the time I feel pretty good but there are they there are good days and bad days
-0.49	+0.09	 well I just know I don't sleep well matter fact I hardly sleep at all which is not good
-0.40	-0.01	 and then like I say I have my depressing days and days where I just don't have any energy and don't feel like doing anything and then
+0.37	+0.26	 I have my good days with my fiance to go to the best because she's my
-0.45	+0.17	 how easy is it for you to get a good night sleep very difficult very difficult about 3 to 4 hours a night last night I woke up at about 3 in the morning and I never could go back to sleep
-0.19	-0.01	 I'm not quite sure how I guess just I don't have the answer to that question I don't know
-0.18	+0.00	 well I don't know what that is I was never diagnosed with anything but you know they want to put me on some sleeping pills but I try and stay away from as much pills as I can I really don't like to take a lot of medications but there's some medications I have to take
-0.06	-0.04	 such as I have medications for my anxiety and my depression things like that I have to have those but other than that I'd rather stay away from medications if possible
-0.36	+0.11	 attacks that I've had for the last three or four years would you put me in the hospital but as long as I stay up on my medication I'm okay but I have stomach problems
-0.09	-0.06	 so it's just a day-to-day thing I deal with it the best I can
-0.02	-0.01	 I don't know I'm not an I really don't know I just like I started do some
-0.37	+0.14	 problems when I was losing my I thought I was losing my eyesight because I had my iPod with popping out to do a thyroid problem I had and so they put me on this medication that I can't get off of now I've been on it for about 4 years 5 years and I'll probably out the rest of my life I have to take it twice a day or I will end up in the emergency room which I have before
-0.18	+0.02	 I just try and I just deal with it the best I can go out and
+0.13	+0.07	 engaging some physical activities you know go to the beach like I said before and things like that keep my mind occupied
-0.41	+0.18	 well because I wasn't sure what was wrong with me and I was just because I was feeling sick every day
-0.33	+0.11	 which is not natural so I had to go see a doctor psychiatrist not because I'm crazy just because I needed some help some medication and they gave me this medication that they did tell me that it was addictive
+0.06	+0.20	 and it's highly addictive and I've been on it for like I said about four years now and I'll probably be out of the rest of my life so but it keeps me
+0.03	+0.05	 well I have an appointment tomorrow is a psychiatrist and yes I do
+0.05	-0.03	 not that often as long as I keep on my medication I'm okay
-0.11	-0.04	 well the last time I was in therapy with the psychiatrist all they did was
-0.21	-0.01	 it wasn't very much of a help because they were talking to me about my family and things like that and they weren't really helping me any so
-0.20	+0.11	 I just go to see a psychiatrist and that was the first time I've gone and it just all session lasted about 10 minutes how's your family where they live blah blah blah blah blah blah
-0.23	+0.03	 nothing about me and my problems and I never went back so I do have an appointment tomorrow with a different psychiatrist to see if I can get some more help and because I find Working is very hard because of my problems with my stomach and my breathing and if so I'm trying to
-0.11	-0.02	 finding a job especially in these times is not that easy so we'll see what happens
-0.26	+0.14	 because I don't I need it I need some income you know and I can't be little bit too young to retire so I need to be put on disability
-0.09	-0.03	 like I said I don't go on a regular basis so it's been a while I will see what happens tomorrow
+0.51	+0.35	 and we want I want to wish my fiance I'm always happy because she's a very puppy positive person and we're in love and
+0.49	+0.33	 so that's what I'm most happy when I'm with her because we have a lot in common and we have fun together
-0.01	-0.02	 well I met her when she she's a paralegal and I met her during the time when my mom passed away and she was worth for the attorney that was helping us with the selling of the house Friday of the money in this and that we kind of went out for a cup of coffee and we started to
+0.43	+0.24	 and show me my fiance made me a nice dinner and we spent the weekend together and we went to the beach and
+0.16	+0.08	 well that I'm 60 years old and still have a full head of hair and still fairly healthy and/Users/kevinawang/Documents/GitHub/VA-classifier/src/utils/util.py:27: FutureWarning: You are using `torch.load` with `weights_only=False` (the current default value), which uses the default pickle module implicitly. It is possible to construct malicious pickle data which will execute arbitrary code during unpickling (See https://github.com/pytorch/pytorch/blob/main/SECURITY.md#untrusted-models for more details). In a future release, the default value for `weights_only` will be flipped to `True`. This limits the functions that could be executed during unpickling. Arbitrary objects will no longer be allowed to be loaded via this mode unless they are explicitly allowlisted by the user via `torch.serialization.add_safe_globals`. We recommend you start setting `weights_only=True` for any use case where you don't have full control of the loaded file. Please open an issue on GitHub for any issues related to this experimental feature.
  model.load_state_dict(torch.load(model_path, map_location=device))
Participants:  66%|██████▌   | 37/56 [04:55<03:02,  9.59s/it]Some weights of RobertaModel were not initialized from the model checkpoint at roberta-base and are newly initialized: ['roberta.pooler.dense.bias', 'roberta.pooler.dense.weight']
You should probably TRAIN this model on a down-stream task to be able to use it for predictions and inference.
/Users/kevinawang/Documents/GitHub/VA-classifier/src/utils/util.py:27: FutureWarning: You are using `torch.load` with `weights_only=False` (the current default value), which uses the default pickle module implicitly. It is possible to construct malicious pickle data which will execute arbitrary code during unpickling (See https://github.com/pytorch/pytorch/blob/main/SECURITY.md#untrusted-models for more details). In a future release, the default value for `weights_only` will be flipped to `True`. This limits the functions that could be executed during unpickling. Arbitrary objects will no longer be allowed to be loaded via this mode unless they are explicitly allowlisted by the user via `torch.serialization.add_safe_globals`. We recommend you start setting `weights_only=True` for any use case where you don't have full control of the loaded file. Please open an issue on GitHub for any issues related to this experimental feature.
  model.load_state_dict(torch.load(model_path, map_location=device))
Participants:  68%|██████▊   | 38/56 [04:59<02:23,  7.97s/it]Some weights of RobertaModel were not initialized from the model checkpoint at roberta-base and are newly initialized: ['roberta.pooler.dense.bias', 'roberta.pooler.dense.weight']
You should probably TRAIN this model on a down-stream task to be able to use it for predictions and inference.
/Users/kevinawang/Documents/GitHub/VA-classifier/src/utils/util.py:27: FutureWarning: You are using `torch.load` with `weights_only=False` (the current default value), which uses the default pickle module implicitly. It is possible to construct malicious pickle data which will execute arbitrary code during unpickling (See https://github.com/pytorch/pytorch/blob/main/SECURITY.md#untrusted-models for more details). In a future release, the default value for `weights_only` will be flipped to `True`. This limits the functions that could be executed during unpickling. Arbitrary objects will no longer be allowed to be loaded via this mode unless they are explicitly allowlisted by the user via `torch.serialization.add_safe_globals`. We recommend you start setting `weights_only=True` for any use case where you don't have full control of the loaded file. Please open an issue on GitHub for any issues related to this experimental feature.
  model.load_state_dict(torch.load(model_path, map_location=device))
Participants:  70%|██████▉   | 39/56 [05:15<02:55, 10.31s/it]Some weights of RobertaModel were not initialized from the model checkpoint at roberta-base and are newly initialized: ['roberta.pooler.dense.bias', 'roberta.pooler.dense.weight']
You should probably TRAIN this model on a down-stream task to be able to use it for predictions and inference.
/Users/kevinawang/Documents/GitHub/VA-classifier/src/utils/util.py:27: FutureWarning: You are using `torch.load` with `weights_only=False` (the current default value), which uses the default pickle module implicitly. It is possible to construct malicious pickle data which will execute arbitrary code during unpickling (See https://github.com/pytorch/pytorch/blob/main/SECURITY.md#untrusted-models for more details). In a future release, the default value for `weights_only` will be flipped to `True`. This limits the functions that could be executed during unpickling. Arbitrary objects will no longer be allowed to be loaded via this mode unless they are explicitly allowlisted by the user via `torch.serialization.add_safe_globals`. We recommend you start setting `weights_only=True` for any use case where you don't have full control of the loaded file. Please open an issue on GitHub for any issues related to this experimental feature.
  model.load_state_dict(torch.load(model_path, map_location=device))
Participants:  71%|███████▏  | 40/56 [05:24<02:41, 10.11s/it]Some weights of RobertaModel were not initialized from the model checkpoint at roberta-base and are newly initialized: ['roberta.pooler.dense.bias', 'roberta.pooler.dense.weight']
You should probably TRAIN this model on a down-stream task to be able to use it for predictions and inference.

  [INFO] Predicted PHQ-8 score: 11.0

[20:29:19] → PID 676
prompt: +0.12	+0.07	 are you okay with this yes I am
+0.40	+0.13	 so how are you doing today I feel pretty good and yourself
+0.25	+0.08	 melo's nice places Big Lots of events here this last oceans around surrounding it
+0.05	+0.02	 going to school going back to school getting ready voice
+0.08	-0.02	 payment to student right now back in school
+0.04	-0.04	 tell me about your relationship with your family
+0.34	+0.08	 me and my family gets along very well I have one brother at two brothers and one sister and we're doing pretty good
+0.03	-0.05	 how do you look at TV or listen to music
-0.06	+0.11	 pretty good I do not lose control of my temper
-0.07	+0.04	 when was the last time you argue with them
-0.24	+0.15	 I don't even remember the last time I argue with you today though you're made my sister about the spending habits
-0.25	+0.07	 I wish I had applied for position a lot earlier than I did so wasting my time and procrastinating with it
-0.12	+0.07	 tell me about the hardest decision you've ever had to make
-0.03	-0.07	 I'm going back to school I guess
+0.29	+0.03	 how have you been feeling lately a blessing fine
-0.04	-0.00	 have you noticed any changes in her behavior
+0.06	-0.01	 how easy is it for you to get a good night sleep
+0.09	+0.04	 pretty good I use you fall asleep the same time every night to go to Santana every morning
-0.16	+0.02	 have you ever been diagnosed with PTSD no
+0.14	+0.03	 who's the one that's been a positive influence in your life
+0.10	-0.00	 shooting billiards and pool with a friend of mine
+0.17	+0.11	 what are you most proud of in your
+0.02	-0.09	 in a job as a computer programmer
+0.27	+0.06	 thanks for sharing your thoughts with me
  [INFO] Predicted PHQ-8 score: 0.0

[20:29:24] → PID 679
prompt: +0.04	-0.05	 I live in Kansas but I grew up in Long Beach
-0.07	-0.02	 and that's kind of it and police like police
-0.18	-0.08	 and I don't travel I would like to though
-0.23	-0.06	 I don't really have the means to travel right now
-0.14	-0.06	 like it's hard to get around without certain things I don't know I'm just not a big Traveler
-0.01	-0.09	 well I'm a truck driver work in transportation
+0.40	+0.14	 I've been doing it for about 3 months now kind of new today to the industry but I like it
-0.30	+0.01	 I don't think I have a dream job
-0.14	+0.05	 why cuz I don't know how I used to be shy with not no more
-0.22	+0.11	 scientist are just opening up you know guess you ain't going to help you do nothing
-0.06	+0.10	 it ain't going to get you if you know how to spell you know I hear so you got to be outgoing
-0.12	-0.10	 I don't really have a relationship with them
-0.07	-0.07	 I'm good at controlling I just ignore people with most time anyway
-0.04	-0.08	 well you have before not lately. Couple years you know
-0.00	-0.05	 a long time ago it was about money of course as usual about
-0.35	+0.15	 I wish I would have handled differently maybe when I start stop talk to my family you know I probably could have been little more easygoing about me I kind of went hard on him in a little bit. FM you know I kind of told him if I'm and I don't want to hear from you no more
-0.00	+0.05	 I was already did that different but you know I did it so
-0.02	-0.03	 not that I can think of right now
-0.06	+0.04	 hard decision I've ever had to make was a
+0.03	+0.06	 I'm only 27 so I'll probably be half some more stuff in the future
+0.28	+0.14	 email the service you know what I want to go there or not but I want to stay home so I'm glad I went
-0.48	+0.06	 my friend's death I had a friend that died
-0.50	+0.11	 I watch them die and kind of blame myself
-0.01	-0.05	 I was on 17 about to be 18
-0.41	+0.17	 my mom let me have a job I have no job
-0.01	+0.07	 so I'll just join the service so you don't put me out I don't know why but you know I went to the service
+0.44	+0.17	 and I know yeah so yeah I'm glad on it
-0.20	+0.08	 how do I do last day of my life
-0.06	-0.05	 kind of easy because I don't want to be in service anyway
+0.01	-0.03	 you know that I mean I was used to it by then that when I was in the 3-4 years already I was used to it but you know it's easy to transition back to civilian life
-0.09	-0.06	 I just stay with my parents for a while
-0.00	-0.02	 my real parents my biological parents and I got just got into security work
-0.14	+0.17	 and learn got me out of respect life and take life for what it is you know I always got to be proactive and
+0.04	+0.07	 and I'm doing something with yourself paint me like I said just made with your
+0.04	+0.06	 no made me learn how to protect myself to
+0.12	+0.08	 oh I feel cool you know just to myself and I don't talk much at this point as long as conversation I have it
-0.28	+0.05	 start my behavior just became more you know isolated
-0.04	-0.07	 dealing with people who in dealing with stuff in life
-0.24	+0.04	 I'm not too easy Obby we see I can't stop shaking down you know
-0.21	-0.04	 that is hardly getting nice cuz I sleep but I take meds and stuff
-0.13	-0.00	 but it still be hard to without the man
-0.19	+0.03	 what am I like when I don't I don't sleep well I hope that's what you said
-0.07	-0.02	 asshole I'm a sophomore but not really I just retired you know I have to get some sleep but I'll try to sneak some sleep into today
+0.11	+0.18	 I don't know why when I went to Magic Mountain I'm happy but not really happy you like I don't know about the lottery I'll be really happy you know me I play so much
-0.12	-0.03	 you are a couple people with really nobody cuz nobody like
+0.04	+0.15	 me you know I mean I have the info with myself to do good
+0.01	-0.03	 I don't have a best friend but people would describe me as nice person quiet you know take tries to take care of his business
-0.09	-0.02	 you know I'm trying to just treat people Fair that's it
+0.34	+0.11	 went on a little vacation by the week ago with the Vegas I really enjoyed that
+0.04	+0.01	 Okay miss lady I put the thing I liked
-0.03	-0.04	 maybe she left one in here and one minute
  [INFO] Predicted PHQ-8 score: 9.0

[20:29:39] → PID 682
prompt: -0.00	+0.00	 she feeling before it is that enough space
+0.00	+0.04	 so again when she's done she's going to say goodbye and then you're going to press this button let me know you okay
+0.44	+0.13	 so how are you doing today I'm doing good thank you
+0.28	+0.14	 which one of your most memorable experiences
+0.22	+0.14	 the day my first son was born
+0.02	-0.07	 I was a medic in the army
+0.02	+0.02	 I want to be a private investigator
+0.06	-0.02	 you consider yourself more shy or outgoing more outgoing
+0.18	+0.04	 have a good relationship with my brother and right now
-0.11	-0.01	 I think I argue with my brother about going back to work
-0.42	+0.08	 I wish I had communicated better with my ex
-0.03	+0.06	 not being a better dad for my boys
-0.08	-0.00	 probably going into the army that was a tough decision
-0.17	+0.06	 not being a part of my daughter's life
+0.05	+0.04	 have you ever served in the military yes
+0.11	+0.06	 the last couple weeks actually see a light at the end of the tunnel
+0.11	+0.04	 no I've actually got the same maybe a little bit more positive
+0.06	-0.01	 how easy is it for you to get a good night sleep
-0.36	+0.05	 it's kind of difficult I haven't slept 6 to 8 hours straight in a long time
-0.36	-0.01	 I don't know cuz it been a long time not the same
-0.16	+0.02	 have you ever been diagnosed with PTSD no
-0.15	-0.02	 about a month ago when I went to the VA who was situational depression
+0.07	-0.02	 my 8 months ago when I was with my boys at the park
+0.27	+0.11	 tell me about something you did recently that you really enjoy
+0.31	+0.17	 most recently I just finished a really good novel
+0.28	+0.06	 thanks for sharing your thoughts with me you're welcome
+0.04	+0.31	 I think you are so delicate I Want to Break Free
  [INFO] Predicted PHQ-8 score: 6.0

[20:29:49] → PID 683
/Users/kevinawang/Documents/GitHub/VA-classifier/src/utils/util.py:27: FutureWarning: You are using `torch.load` with `weights_only=False` (the current default value), which uses the default pickle module implicitly. It is possible to construct malicious pickle data which will execute arbitrary code during unpickling (See https://github.com/pytorch/pytorch/blob/main/SECURITY.md#untrusted-models for more details). In a future release, the default value for `weights_only` will be flipped to `True`. This limits the functions that could be executed during unpickling. Arbitrary objects will no longer be allowed to be loaded via this mode unless they are explicitly allowlisted by the user via `torch.serialization.add_safe_globals`. We recommend you start setting `weights_only=True` for any use case where you don't have full control of the loaded file. Please open an issue on GitHub for any issues related to this experimental feature.
  model.load_state_dict(torch.load(model_path, map_location=device))
Participants:  73%|███████▎  | 41/56 [05:32<02:21,  9.45s/it]Some weights of RobertaModel were not initialized from the model checkpoint at roberta-base and are newly initialized: ['roberta.pooler.dense.bias', 'roberta.pooler.dense.weight']
You should probably TRAIN this model on a down-stream task to be able to use it for predictions and inference.
prompt: -0.02	+0.05	 it made it onto the camera so Jesus asked the other lady if she wanted me to put it on my forehead
+0.06	+0.06	 that you utilize different birds with him at the date today so everyone has been speaking to this young lady what's her name
-0.01	+0.06	 so I'm going to go ahead and start her up and then again when she says goodbye press that button okay
+0.34	+0.31	 open spaces for me coming from a different city it's just a completely new environment than that it was exciting
+0.01	-0.02	 not in the form of sense but I work in transportation so I was on the road a lot doing a lot of covered a lot of territory over 800,000 miles and the last six years just in Southern California
+0.14	+0.19	 Hoag traveling cross-country coming out here I've traveled across country from here from California to the Midwest Indiana Chicago area three times by vehicle car and it is just a profound experience the the the openness is vast and just you have to experience it how you can explain it
+0.03	-0.05	 and I'm currently a student 20 years later again business management and cinematographer cinematography cinematography as well as a minor
-0.04	-0.01	 you consider yourself more shy or outgoing shy outgoing because I have to be
+0.07	+0.00	 You know if I can get myself out there I do a little exercise
-0.05	+0.00	 that's really not to relax that's really to unwind and get myself out of the tension that I might be in
-0.30	+0.06	 do all of my options before I chose and it was a bad decision
-0.32	+0.09	 oh there was no decision in this this is but something that I'd like to relate erased from my memory was in that accident with my brother a long time ago
-0.23	+0.17	 in a manner of speaking I was in Korea when they stomped one of my Majors to death and from that point forward everywhere we went we went fully loaded meaning armed with ammunition
-0.02	-0.04	 and just really was a pretty much the same as just changing jobs now
+0.04	-0.05	 went back to the job that I had before when I was working with the u.s. steel
+0.12	+0.11	 appreciation or the opportunity to work with stuff that I never probably would have worked with him so I travel a little bit around the world and we're working on the Korea and that may be more aware and appreciative of all of the things that are out there I got a chance to see him and touch him a little bit
-0.24	+0.08	 living environment where people are insecure so homeless and environment and there's a lot of stress that goes along with that if you're trying to do something that's a lot of you know you're beautiful you don't you're not sitting with the other people because the downtrodden and
-0.03	-0.06	 the same size if I get a lot of sleep in my own opinion but I think probably less focused
-0.42	+0.04	 less able to focus but not getting sleep lately has been tough or go to sleep okay but I just wake up in a few hours then back to sleep you probably a lot of other things too
-0.20	+0.06	 yeah that was one of the questions on there but it is it needs clarification and that's why I checked know on that yes but it was I was part of an experiment with taking interferon and ribavirin to try to cure hepatitis and those those two drugs cause depression so I was chemically depressed as opposed to clinically and as a difference so there was some the psychiatric help and some medication to help me get beyond that 311 months of treatment with that it was tough don't recommend it to anybody interferon is a killer don't do it
-0.11	-0.03	 that treatment ended probably and all of the symptoms with it probably 3 to 5 years ago 3 years ago I think
-0.03	-0.03	 interferon and ribavirin to drugs that they used to treat cancer and also in the treatment of hepatitis-c currently
-0.14	+0.01	 in addition to a third drug that they used can't think of the name of it
-0.42	+0.24	 well I seem to be okay now has skin damage my body broke out in a full-body rash
-0.07	+0.01	 the itching we're talkin about chemical cause being chemically induced as opposed to psychologically
-0.46	+0.28	 most worthless piece of crap I have a 20 out of 10 therapist that I talk to whoever said that the VA maybe to actually knew what they were doing or and then two were sincerely concerned about what they were doing the rest was just collecting a paycheck
-0.09	+0.10	 well they were incompetent just asking foolish questions why I'm even we were supposed to be talking about some of my personal things in life and she was playing little games like sitting a person purposely leave the person on the table to see your nose still use using Psychology 101 the book bad about through the by the Numbers at the way that she was taught to proceed with someone as opposed to actually knowing how to proceed with someone if they just it was it was it was a funny actually actually funny
+0.06	+0.02	 nothing you know all of that depression stuff kind of eased off and so I'm back to trying to do the things that I was doing before I took that 11 months to go in that experiment
+0.22	+0.04	 I usually get a little bit of that daily somewhere I get a little bit of happiness in here
-0.03	-0.01	 there are elected without being you know listing of the risk of being casciac my father but other than that of positive influence in my life have been many mostly the men that I worked with while working it was a younger man
+0.13	+0.15	 there was some of the best the best work experience I've had in my experience is my 30 or 40 years of working with the team and ship those men and it was probably the same kinship that you would gain from being in combat because it was dangerous work and these guys looked out for each other they took care of each other I'm pretty sure it's pretty much the same way for a guy that experienced combat and the camaraderie that they had to have with each other because their lives were on the line
+0.39	+0.17	 but I really enjoyed I get a lot of those could be going too many things I enjoy the moment you know driving
+0.15	+0.06	 shopping for an enjoyment in something some kind of way everything I do
  [INFO] Predicted PHQ-8 score: 4.0

[20:29:57] → PID 688
/Users/kevinawang/Documents/GitHub/VA-classifier/src/utils/util.py:27: FutureWarning: You are using `torch.load` with `weights_only=False` (the current default value), which uses the default pickle module implicitly. It is possible to construct malicious pickle data which will execute arbitrary code during unpickling (See https://github.com/pytorch/pytorch/blob/main/SECURITY.md#untrusted-models for more details). In a future release, the default value for `weights_only` will be flipped to `True`. This limits the functions that could be executed during unpickling. Arbitrary objects will no longer be allowed to be loaded via this mode unless they are explicitly allowlisted by the user via `torch.serialization.add_safe_globals`. We recommend you start setting `weights_only=True` for any use case where you don't have full control of the loaded file. Please open an issue on GitHub for any issues related to this experimental feature.
  model.load_state_dict(torch.load(model_path, map_location=device))
Participants:  75%|███████▌  | 42/56 [05:41<02:08,  9.17s/it]Some weights of RobertaModel were not initialized from the model checkpoint at roberta-base and are newly initialized: ['roberta.pooler.dense.bias', 'roberta.pooler.dense.weight']
You should probably TRAIN this model on a down-stream task to be able to use it for predictions and inference.
prompt: -0.21	+0.12	 what's wrong with all my school as a military brat
-0.04	+0.02	 I realized just like the size of the town I've been through since I got something to do
-0.18	+0.16	 just wish I had the energy to get out and do it
+0.04	+0.01	 lately I've been thinking a lot about when I was in Japan as a child
-0.23	+0.02	 started x-ray technology has x-ray technician for a couple years ago I lost my license because of drug addiction
-0.18	+0.03	 all of my working again but I lose my benefits if I do so with the economy being what it is there's not a whole lot to do
-0.06	-0.05	 do you consider yourself more shy or outgoing pretty shy person
-0.16	-0.08	 find it difficult to make friends lot of trust issues I guess
-0.04	-0.02	 really I found was never very close so I can wear military family how much everybody did their own thing and we did all get together for so don't worry. But it was you watching TV
-0.24	+0.12	 actually I don't really have much of a temper trying to text a lot to set me off as far as getting angry
-0.00	-0.03	 so I don't have really have a problem my temper at all
-0.22	+0.12	 all I saw was actually yesterday was just a person stupid we trained put your back back in place
-0.40	+0.17	 I wish I could have had never broke off relations with her if I might take my life would have went a whole different direction
+0.30	+0.12	 I feel good about the way I broke it off with her over the
-0.34	+0.10	 I'm going to come all the way out here from Virginia to Texas where I was staying at the time and then drop them off I don't think we have a future together
-0.37	+0.16	 I wish I could resell that time that I was out there doing drugs
-0.03	-0.05	 I got down after the whenever doing the draw down after the first Gulf War Desert Storm
-0.11	-0.00	 I'm sorry I didn't get cash I was talking when you were getting ready to talk
-0.17	-0.05	 not really seems like a lot of times it's just feel blank like I'm not really
-0.10	+0.02	 no I did I never saw, but I was supposed to deploy you over there but by the time my appointment world around the war was already over
+0.01	-0.02	 how easy was it for you to go back to civilian life
+0.05	+0.09	 actually was pretty easy I mean I was pretty hard charging already what I want to go to x-ray School get my degree
-0.39	+0.19	 what kind of a screwed-up I get involved with drugs
+0.00	+0.06	 welcome back to school full-time I mean I got a severance pay when I got out so I was going to pay my pay my rent up that you yours eyes in school
-0.00	-0.02	 and after work and worry about I just looked up my GI Bill
+0.01	-0.05	 dresses was pretty easy I mean every now and then I'm there once upon a time this time as the comradery
-0.18	+0.04	 ready to go back to school which is if I could have I could have gone to college right on his high school I just was tired of school when the military kind of
+0.04	-0.01	 basically just got me Focus to go back to school
-0.31	-0.03	 don't feel like I have any energy to really do anything
-0.02	-0.01	 like I said it's as soon as I can recently
-0.36	-0.02	 I'm not sure with people I just don't like being around a lot of people lately
+0.06	-0.01	 how easy is it for you to get a good night sleep
+0.02	-0.08	 I sleep pretty good only get up about once or twice about to use the restroom
-0.28	+0.09	 I just dragged I don't want to do anything because you just found sleeping in bed asleep in the recliner I just pretty much to my recliner all day and not off.
-0.22	+0.02	 Yes I was first diagnosed with in the past year with PTSD
-0.26	+0.00	 you have been diagnosed with depression for several years now.
-0.13	-0.00	 Like I said it's I don't know what maybe I'm getting just one medication or what's going on but
-0.24	-0.04	 where the depression it's been about 3 years through half years
-0.18	+0.00	 like I said I just didn't I'm a little hard of hearing and I really didn't catch the question
-0.20	-0.02	 I said I just was not a whole lot to do I just deal with them I don't
-0.04	+0.01	 you know that I have any room coping skills that I use I mean
-0.07	-0.07	 I try not to focus on the negatives and stuff like that
-0.48	+0.18	 what caused her to seek help Mom has a drug addiction I was living on the streets and finally woke up one day I was just tired of it
+0.05	+0.01	 end up going to shopping Riverside where I found out that I had VA benefits coming
-0.03	-0.02	 assume I see a psychiatrist about every 6 days a week so yeah I do
+0.04	-0.05	 actual reviews of the doctor I've got here in the Long Beach VA
-0.20	+0.15	 just nauseous as soon as I get things off my chest
+0.48	+0.32	 I can't remember the last time I felt really happy it's been a
-0.02	-0.01	 ended up at us vets in here in Long Beach around a concert
+0.03	-0.05	 what are some Citrus I've been at were pretty straightforward guys and I mean
-0.23	-0.07	 I don't really have any best friends with most of them
-0.04	+0.01	 I joke all the time which month are sister defense mechanism to avoid taking everything seriously
-0.18	+0.03	 if I understood the question correctly I'm something I really enjoyed I used to be real face of really enjoy reading and then I go through book every 2 or 3 days and just haven't been able to focus on over here line of human Savannah breed
-0.52	+0.26	 that's what really gets me frustrated I used to really be a real B reader
+0.23	+0.19	 well I'm going to go try was pretty proud of that was up there I guess I'm most proud of us much stopping doing drugs
-0.12	+0.06	 just waking up one morning side enough is enough and
-0.04	-0.04	 how's it going to stick to a McClain over 3 years now
-0.23	-0.02	 yeah there's a couple questions I couldn't understand a little hard of hearing
  [INFO] Predicted PHQ-8 score: 11.0

[20:30:05] → PID 689
/Users/kevinawang/Documents/GitHub/VA-classifier/src/utils/util.py:27: FutureWarning: You are using `torch.load` with `weights_only=False` (the current default value), which uses the default pickle module implicitly. It is possible to construct malicious pickle data which will execute arbitrary code during unpickling (See https://github.com/pytorch/pytorch/blob/main/SECURITY.md#untrusted-models for more details). In a future release, the default value for `weights_only` will be flipped to `True`. This limits the functions that could be executed during unpickling. Arbitrary objects will no longer be allowed to be loaded via this mode unless they are explicitly allowlisted by the user via `torch.serialization.add_safe_globals`. We recommend you start setting `weights_only=True` for any use case where you don't have full control of the loaded file. Please open an issue on GitHub for any issues related to this experimental feature.
  model.load_state_dict(torch.load(model_path, map_location=device))
Participants:  77%|███████▋  | 43/56 [05:49<01:54,  8.81s/it]Some weights of RobertaModel were not initialized from the model checkpoint at roberta-base and are newly initialized: ['roberta.pooler.dense.bias', 'roberta.pooler.dense.weight']
You should probably TRAIN this model on a down-stream task to be able to use it for predictions and inference.
/Users/kevinawang/Documents/GitHub/VA-classifier/src/utils/util.py:27: FutureWarning: You are using `torch.load` with `weights_only=False` (the current default value), which uses the default pickle module implicitly. It is possible to construct malicious pickle data which will execute arbitrary code during unpickling (See https://github.com/pytorch/pytorch/blob/main/SECURITY.md#untrusted-models for more details). In a future release, the default value for `weights_only` will be flipped to `True`. This limits the functions that could be executed during unpickling. Arbitrary objects will no longer be allowed to be loaded via this mode unless they are explicitly allowlisted by the user via `torch.serialization.add_safe_globals`. We recommend you start setting `weights_only=True` for any use case where you don't have full control of the loaded file. Please open an issue on GitHub for any issues related to this experimental feature.
  model.load_state_dict(torch.load(model_path, map_location=device))
Participants:  79%|███████▊  | 44/56 [06:01<01:56,  9.72s/it]Some weights of RobertaModel were not initialized from the model checkpoint at roberta-base and are newly initialized: ['roberta.pooler.dense.bias', 'roberta.pooler.dense.weight']
You should probably TRAIN this model on a down-stream task to be able to use it for predictions and inference.
prompt: -0.10	+0.06	 Prime crowded the air air
-0.02	-0.08	 I get around transportation in the buses so I get use the buses
+0.04	-0.06	 going to Universal cities places like Universal City
+0.02	-0.07	 I write antique shopping travel a little bit
+0.27	+0.19	 my dream job is come
+0.04	-0.04	 tell me about your relationship with your family
+0.06	-0.06	 Brothers Brothers on nieces nephews cordial
+0.11	-0.00	 music maybe and play music go antique shopping
+0.01	-0.07	 watch TV things like that
-0.02	-0.03	 it was about calling him and using the
-0.00	-0.06	 the Star 82 before I call him 2 * 82
-0.39	+0.10	 I can't think of anything right now I can't think right now
-0.25	+0.11	 the hardest decision I ever had to make
+0.02	-0.06	 probably being in the military
+0.01	-0.07	 college education experience things like that
+0.05	+0.01	 how easy was it for you
-0.26	-0.03	 it was not very easy it was not very easy
-0.17	-0.01	 why you probably become very distrustful of some men probably
-0.44	+0.11	 very cranky cranky just cranky cranky can't concentrate too well just cranky
-0.02	-0.02	 have you ever been tag cast
-0.19	+0.07	 waking up jolted from sleeping things like that
-0.02	-0.06	 well it was like that
+0.03	+0.07	 and I'd put in a great big tower
-0.19	+0.01	 and just training and not being able to jump off the tower
-0.07	-0.00	 just counseling counseling in counseling and trying to overcome a fear of heights
-0.20	-0.07	 history of work trouble at work things like that social problems trouble at work things like that
+0.02	+0.04	 you still going to therapy now yes
-0.01	+0.01	 you feel therapy in Hughesville yes
-0.40	+0.30	 well I was shoved off of tower when I went and refused to jump basically I was shoved off when I I froze mentally and physically but not supposed to show jump off this power and I froze I couldn't jump I got afraid I look down and couldn't right ahead and I was just shut off the tower and
-0.39	+0.17	 basically told I was worthless so
-0.01	-0.06	 all starts maybe. On and off during the weeks so just maybe we could Our Song
+0.16	+0.03	 who has been a positive influence in your life
+0.02	-0.05	 there's a there's a psychologist there a psychiatrist at the women's health clinic in West LA
-0.01	-0.04	 like I said antique shopping probably
-0.01	+0.10	 trying to go forward just trying to go for it
+0.24	+0.04	 thanks for sharing your thoughts
-0.16	+0.10	 and just give me a second
  [INFO] Predicted PHQ-8 score: 12.0

[20:30:13] → PID 691
prompt: -0.29	+0.11	 I'm sick of losing my interest in California with more and more everyday so I guess the weather
-0.00	-0.07	 everything I was went to college for some Human Services did some solartech installation studies than high school just general study
-0.13	-0.03	 it's okay you know I don't talk to him much I see him every now and again you know I don't see my kids too much but now it is what it is
+0.10	-0.05	 listen to music play some chess just sit back kind of just relax and let my mind wander
-0.15	+0.05	 what's today Thursday so Monday Tuesday it was about somebody trying to tell me how I felt
-0.31	+0.10	 losing my job and not getting my daughter her birthday present on the day of supposed to be there
-0.31	+0.05	 shit hard to say that I'd rather make leaving my son leaving my son's mother and my son wasn't an easy decision but it was probably for the best because we weren't getting along that much and I wanted to grow up in that type of environment where was always arguing
-0.54	+0.32	 the shit that happened to me when I was a kid when I'm with my family members I wish I could just forget about all that and have it not happen
-0.17	+0.17	 because when I got out of high school that wasn't doing anything I wanted my kids to have something to look up to and it was a promise that me and my buddy made to each other we were going to go in the service together but he died so I went just to keep the promise you know that's it
-0.20	+0.01	 kind of difficult it's kind of hard making add adjustment from being able to tell people what to do and have them do it and then come out and you can't get a job and you don't say if you were telling you what to do you know the structure was different so a little difficult
+0.06	-0.03	 I started working at a power plant Mill doing some painting and I've had a bunch of different job since then
-0.20	+0.13	 yeah I don't want to I don't want to kill people like I used to I'm a little bit more open with people I'm quicker to a talk to him and would not so yeah my big my behavior has changed my attitude
-0.09	+0.05	 how easy is it for you to get a good night sleep I don't know it's almost impossible
-0.46	+0.28	 A little grumpy agitated all the time just so you know all I'm thinking about is I want to get to sleep in my how come I can't sleep what's keeping me from doing it
-0.51	+0.44	 like I said everybody I saw I want to kill or do some kind of bodily harm to him real short fuse I was mad at everything for nothing you know I don't sleep
-0.28	+0.05	 so you know strange places I never been before it's a lot of people I don't like going to
-0.06	+0.04	 you know that's a good read that's a good answer I mean good question I don't know it just crowns and strange people come in and closer to me and everything else I don't know what that might be it. Just
-0.12	+0.17	 what it is but I'm always wondering what the next person is going to do when they get that close to me like especially you think in a crowded room where you can't move around as much and you know I'm always watching the whole everything trying to see who's going to do what and when
-0.03	-0.00	 usually I try and get away from the crowd you know that's how I cope with them that I usually just trying to get away from the crowd not focus so much on it but it ain't hard specially if you got to be there but yeah I just kind of stay to myself and watch everything moving
-0.21	+0.14	 I should go and actually check out what's going on with my back but when I got in there I start talking to the first place I went was the mental health ward and told him what was going on with me, attitudes in my harmful thoughts to other people and that's what got me here but I got to say a friend of mine suggested that I go
+0.05	-0.01	 yeah yes I do well my last therapy session was about a week or two ago but I'm getting scheduled to go back
-0.29	+0.23	 yeah yeah yeah it's it's slow me down you know I'm not so quick to want to hurt nobody no more I'm not so while still defensive but
-0.14	+0.15	 it's a weird feeling I don't know how to describe it it's kind of like describing the taste of milk to somebody it's just anybody I'll be walking in the hallway and a minute I'm looking at them I'm figuring
-0.25	+0.21	 what kind of if I had to encounter that person how would I physically disabled them you know do you know the saying don't show come out do I just strike him in the throat poker I don't say break a leg or arm or something you'll just how can I incapacitate this person
-0.05	+0.11	 it's a trip I'm telling you the alternative just had a thought all the time with a complete stranger who really doesn't pose a threat to you is true
-0.20	+0.08	 I'm a little more tolerant I don't fly off the handle as much as I used to you know stuff that used to piss me off like you don't say little things I don't really get too upset about a may have sent me but
-0.20	+0.11	 my reactions of different I don't like I said I don't explode cuz everything I mean the smallest thing with send me mail saying over the top but not so much no more you know it's kind of breathing take it in stride or try to you know
+0.30	+0.28	 may all that has been some years it's been some years I can't even really put a finger on what I actually felt really happy
-0.01	-0.01	 so you know cuz it's always been I might have moments where you don't say everything's cool and it's a good day or whatever but
+0.33	+0.31	 I'm still throughout the day there's they'll still Bostwick creep in and you know I'm saying I'm looking at people this that another thing I'm saying this way and nut so yeah it's been awful long time since I was just genuinely really happy
+0.18	+0.12	 somebody's been a positive influence in my life my parents you although we have a problems you know I look up to them they've been through with each other for umpteen years and a positive influence to me I mean outside of that there's a old girlfriend of mine named it don't matter who what name is old girlfriend of mine she's
+0.07	+0.16	 kind of show me how to take life as it comes and you'll not everything's a battle because she's going through stuff that I'll never have to go through you know saying she's terminally ill but yet she still has a smile on her face and you know just keeps it going so I got to take a
+0.10	+0.11	 you know but real honest you know and loyal you know crazy are crazy cool loyal fun and you know just
+0.08	+0.04	 all around pretty decent person because he told me that not too long ago you like doing ain't nothing wrong with you man you all right you know you just you human so don't trip
+0.33	+0.17	 had a little cookout for some kids at The Villages where we stay at and I did the cooking for him you know it was for us but I got to cook for them and you know they was happy and we got to work in the garden a couple of days after that or the week after that is something so I kind of duck that real cool Yule saying watching a little kids run around happy you insane still innocent not knowing what life is really about the old saying Thanking us for
+0.13	+0.24	 the shit we went through so hopefully they don't have to go through it but I had a ball with that a lot of kids
+0.25	+0.21	 into wanting to be a cool kid in school start drinking and running around skipping school and all that but now my kids they don't do none of that and I'm so grateful and proud that you don't think they actually make it somewhere in life my daughters have shipped my daughter in the Africa and other places places I was in the service and then go to she went because she was in school you know my son he's a he's a good kid you don't need a lot more like me than he actually knows he is but he's doing
+0.35	+0.25	 so many things that I want to do when I was a kid but I couldn't playing football is playing sports he's going here he's going there you know he's a smart kid he's real smart kid I couldn't be prouder
  [INFO] Predicted PHQ-8 score: 18.0

[20:30:25] → PID 693
/Users/kevinawang/Documents/GitHub/VA-classifier/src/utils/util.py:27: FutureWarning: You are using `torch.load` with `weights_only=False` (the current default value), which uses the default pickle module implicitly. It is possible to construct malicious pickle data which will execute arbitrary code during unpickling (See https://github.com/pytorch/pytorch/blob/main/SECURITY.md#untrusted-models for more details). In a future release, the default value for `weights_only` will be flipped to `True`. This limits the functions that could be executed during unpickling. Arbitrary objects will no longer be allowed to be loaded via this mode unless they are explicitly allowlisted by the user via `torch.serialization.add_safe_globals`. We recommend you start setting `weights_only=True` for any use case where you don't have full control of the loaded file. Please open an issue on GitHub for any issues related to this experimental feature.
  model.load_state_dict(torch.load(model_path, map_location=device))
Participants:  80%|████████  | 45/56 [06:11<01:49,  9.98s/it]Some weights of RobertaModel were not initialized from the model checkpoint at roberta-base and are newly initialized: ['roberta.pooler.dense.bias', 'roberta.pooler.dense.weight']
You should probably TRAIN this model on a down-stream task to be able to use it for predictions and inference.
/Users/kevinawang/Documents/GitHub/VA-classifier/src/utils/util.py:27: FutureWarning: You are using `torch.load` with `weights_only=False` (the current default value), which uses the default pickle module implicitly. It is possible to construct malicious pickle data which will execute arbitrary code during unpickling (See https://github.com/pytorch/pytorch/blob/main/SECURITY.md#untrusted-models for more details). In a future release, the default value for `weights_only` will be flipped to `True`. This limits the functions that could be executed during unpickling. Arbitrary objects will no longer be allowed to be loaded via this mode unless they are explicitly allowlisted by the user via `torch.serialization.add_safe_globals`. We recommend you start setting `weights_only=True` for any use case where you don't have full control of the loaded file. Please open an issue on GitHub for any issues related to this experimental feature.
  model.load_state_dict(torch.load(model_path, map_location=device))
Participants:  82%|████████▏ | 46/56 [06:26<01:54, 11.45s/it]Some weights of RobertaModel were not initialized from the model checkpoint at roberta-base and are newly initialized: ['roberta.pooler.dense.bias', 'roberta.pooler.dense.weight']
You should probably TRAIN this model on a down-stream task to be able to use it for predictions and inference.
/Users/kevinawang/Documents/GitHub/VA-classifier/src/utils/util.py:27: FutureWarning: You are using `torch.load` with `weights_only=False` (the current default value), which uses the default pickle module implicitly. It is possible to construct malicious pickle data which will execute arbitrary code during unpickling (See https://github.com/pytorch/pytorch/blob/main/SECURITY.md#untrusted-models for more details). In a future release, the default value for `weights_only` will be flipped to `True`. This limits the functions that could be executed during unpickling. Arbitrary objects will no longer be allowed to be loaded via this mode unless they are explicitly allowlisted by the user via `torch.serialization.add_safe_globals`. We recommend you start setting `weights_only=True` for any use case where you don't have full control of the loaded file. Please open an issue on GitHub for any issues related to this experimental feature.
  model.load_state_dict(torch.load(model_path, map_location=device))
Participants:  84%|████████▍ | 47/56 [06:34<01:32, 10.32s/it]Some weights of RobertaModel were not initialized from the model checkpoint at roberta-base and are newly initialized: ['roberta.pooler.dense.bias', 'roberta.pooler.dense.weight']
You should probably TRAIN this model on a down-stream task to be able to use it for predictions and inference.
prompt: -0.01	-0.08	play 20 seconds or more
+0.07	-0.01	 allergy her every once in awhile
+0.02	-0.02	 what can go wrong with candy well
+0.00	+0.06	 imma go ahead and start
+0.23	+0.06	 thanks for coming in today
+0.04	+0.06	 are you okay with this yes
+0.04	+0.03	 where are you from originally
-0.16	+0.02	 too much traffic too much traffic
+0.04	-0.04	 tell me about your relationship with your family
+0.08	-0.02	 I turn on the AC
+0.09	+0.04	 hey I know it's not Hawaii but it's the best of guy
-0.11	-0.00	 I try to control it
-0.07	+0.04	 when was the last time you argue with them
-0.02	-0.11	 well about work Mason mostly work
-0.05	-0.02	 my response to people sometime I would hope that I would try to think a little
+0.11	+0.08	 more and save more more kind of things
-0.21	+0.08	 and I don't know what you consider that what what is guilty I mean
-0.01	-0.01	 I don't forget about anything unless you specifically you know time
+0.01	-0.02	 how easy was it for you to go back to civilian life
-0.14	-0.06	 it was the transmission was was challenging
-0.23	-0.00	 went home sick temployment look for a job
+0.02	-0.01	 how did serving in the military change you
-0.11	+0.07	 I rolled my eyes to multi cultures
-0.01	-0.06	 and the way different folks behaved and live
-0.09	-0.09	 just the same old same I guess
+0.00	-0.04	 flare up Jeopardy no irritable
-0.28	+0.01	 I ate comes and goes maybe I have mood swings you know sometimes I can reach highs of good feelings and then sometime I I go into out what I considered Dark Days Lowe's or a depression
+0.04	-0.04	 I have to say my oldest brother and I track coach
-0.17	+0.12	 I would say Fearless but recklessly almost almost recklessly
-0.39	+0.00	 it's hard times in my life
-0.29	+0.03	 I can't think of nothing right now
  [INFO] Predicted PHQ-8 score: 5.0

[20:30:36] → PID 696
prompt: +0.03	-0.01	I'm going to bring her up on the screen
+0.30	+0.06	 okay okay thank you Rachel
+0.37	+0.11	 hi I'm Ellie thanks for coming in today
+0.04	-0.07	 I am from Philadelphia Pennsylvania
+0.17	+0.04	 things I like about the weather to sports teams and the food
+0.05	-0.03	 Riverside County San Bernardino went to see your friends and them on a couple of horses and how to get time on a farm
+0.01	-0.07	 and a military San Diego California
-0.01	-0.07	 go to the weight room
-0.19	+0.12	 Marika to control my temper
+0.00	+0.01	 tell me more about that
-0.14	+0.07	 tell me about the hardest decision you've ever had
+0.39	+0.25	 leave the girl I love
+0.01	-0.03	 have you ever served in the middle
+0.00	+0.03	 yes I've told you that
+0.04	-0.03	 I was 18 years old when I joined the military
+0.36	+0.17	 yes I'm happy I tried the military
+0.02	-0.07	 Pat the military at work at the post office
+0.02	-0.01	 how did serving in the military change you
+0.04	-0.02	 give me a sense of understanding patients
+0.02	-0.08	 day by day take it easy
+0.20	+0.02	 being comfortable where I'm at now facility and
-0.11	+0.06	 I know not worried about my future and I've been concerned plan ahead
+0.09	-0.03	 let things fall into place
+0.06	-0.01	 how easy is it for you to get a good night sleep
-0.07	-0.03	 not too easy stay up a lot
-0.09	-0.07	 often wake up with a Y sleep so
+0.04	-0.09	 take a nap during the day sometimes
+0.10	-0.02	 the same way if I do sleep well
-0.02	-0.04	 have you ever been typing
-0.33	+0.00	 I've been diagnosed with depression yes
-0.18	-0.01	 I don't know I can't
+0.00	+0.01	 tell me more about that
-0.00	+0.00	 work out the other day that it's a donut day parade on the night before I go to sleep
-0.06	+0.09	 I understand and I can't help myself
+0.01	+0.01	 speaking to somebody somebody listening to you
-0.02	+0.09	 told a girl that I left for the military for how I felt after all these years
+0.03	+0.14	 she kept working she's been working ever since 20 years never stop
-0.01	-0.03	 keep on going to work
+0.00	-0.02	 impressive she went to school, bachelor's degree stop smoking cigarettes
+0.04	-0.04	 what's the Orange County Fair
+0.03	-0.06	 travel around the country around the world
  [INFO] Predicted PHQ-8 score: 8.0

[20:30:51] → PID 699
prompt: -0.22	+0.13	 20 seconds or more go ahead and press that button every once in awhile things could go wrong I hope that doesn't happen but I just don't want you to be sitting here wondering what's happening if she is frozen or something okay
-0.07	+0.08	 do I need to see something
-0.20	+0.01	 I don't need to see
-0.03	+0.00	 okay good cuz I'm having a problem saying that's fine
-0.17	-0.00	 for some reason pauses for a very long time okay okay
+0.04	+0.06	 are you okay with this yes
+0.38	+0.09	 how are you doing today pretty good
+0.01	-0.04	 I move around quite a bit
-0.15	+0.02	 I don't understand the question
+0.04	-0.04	 tell me about your relationship with your family
-0.05	-0.01	 sometimes when I'm feeling 10
-0.10	-0.03	 not being a good father
+0.34	+0.09	 thank you for my mother
+0.03	+0.06	 the most presidents organization I've ever been in
-0.02	+0.02	 how easy was it for you to go back
+0.02	-0.01	 we're about a lot of things
+0.01	+0.01	 can you tell me about that
+0.06	-0.01	 how easy is it for you to get a good night sleep
-0.06	-0.06	 trying to get to sleep
-0.21	-0.00	 people not understanding me or my J's
-0.06	-0.01	 how do you cope with them
+0.01	-0.07	 one day at a time
+0.05	-0.03	 I go with the flow
-0.01	-0.04	 you feel therapy in Haysville
+0.07	+0.02	 I get I get a relief with one on one
-0.03	-0.01	 when was the last time
+0.18	+0.02	 I make friends easier now
+0.31	+0.07	 that's a real good guy
+0.22	+0.16	 what are you most proud of
+0.24	+0.04	 thanks for sharing your thoughts
  [INFO] Predicted PHQ-8 score: 8.0

[20:30:58] → PID 705
/Users/kevinawang/Documents/GitHub/VA-classifier/src/utils/util.py:27: FutureWarning: You are using `torch.load` with `weights_only=False` (the current default value), which uses the default pickle module implicitly. It is possible to construct malicious pickle data which will execute arbitrary code during unpickling (See https://github.com/pytorch/pytorch/blob/main/SECURITY.md#untrusted-models for more details). In a future release, the default value for `weights_only` will be flipped to `True`. This limits the functions that could be executed during unpickling. Arbitrary objects will no longer be allowed to be loaded via this mode unless they are explicitly allowlisted by the user via `torch.serialization.add_safe_globals`. We recommend you start setting `weights_only=True` for any use case where you don't have full control of the loaded file. Please open an issue on GitHub for any issues related to this experimental feature.
  model.load_state_dict(torch.load(model_path, map_location=device))
Participants:  86%|████████▌ | 48/56 [06:44<01:22, 10.30s/it]Some weights of RobertaModel were not initialized from the model checkpoint at roberta-base and are newly initialized: ['roberta.pooler.dense.bias', 'roberta.pooler.dense.weight']
You should probably TRAIN this model on a down-stream task to be able to use it for predictions and inference.
/Users/kevinawang/Documents/GitHub/VA-classifier/src/utils/util.py:27: FutureWarning: You are using `torch.load` with `weights_only=False` (the current default value), which uses the default pickle module implicitly. It is possible to construct malicious pickle data which will execute arbitrary code during unpickling (See https://github.com/pytorch/pytorch/blob/main/SECURITY.md#untrusted-models for more details). In a future release, the default value for `weights_only` will be flipped to `True`. This limits the functions that could be executed during unpickling. Arbitrary objects will no longer be allowed to be loaded via this mode unless they are explicitly allowlisted by the user via `torch.serialization.add_safe_globals`. We recommend you start setting `weights_only=True` for any use case where you don't have full control of the loaded file. Please open an issue on GitHub for any issues related to this experimental feature.
  model.load_state_dict(torch.load(model_path, map_location=device))
Participants:  88%|████████▊ | 49/56 [06:49<01:01,  8.80s/it]Some weights of RobertaModel were not initialized from the model checkpoint at roberta-base and are newly initialized: ['roberta.pooler.dense.bias', 'roberta.pooler.dense.weight']
You should probably TRAIN this model on a down-stream task to be able to use it for predictions and inference.
prompt: -0.11	+0.08	causes for 20 seconds from or go ahead and press that button
+0.36	+0.12	 hi thanks for coming in today
+0.10	+0.02	 so how are you doing today fine
-0.02	-0.02	 well memorable good or memorable bad
+0.06	+0.01	 since I'm retired I think my dream job would probably be
+0.04	-0.04	 tell me about your relationship with your family
-0.17	-0.04	 no probably a week ago and it was just an issue over a coffee pot
-0.43	+0.22	 over at a friend's house I really wanted to leave felt it was rude to leave so early so I stuck it out for 6 hours and I just was probably the worst guest
-0.13	-0.00	 something I shouldn't feel guilty about him I'm sure
-0.14	+0.07	 tell me about the hardest decision you've ever had
-0.21	+0.01	 the hardest decision I think was going in for treatment for PTSD
+0.01	-0.01	 tell me about Nevada or something that you were
-0.27	+0.08	 how a couple of things but I think my childhood sexual abuse I'd erase that
-0.05	+0.00	 how old are you when you don't
-0.04	-0.03	 basically it was an escape method
-0.02	+0.01	 how easy was it for you to
-0.22	-0.03	 and it wasn't easy at all especially during that time
+0.01	-0.03	 what did you do after the military
+0.02	-0.01	 how did serving in the military change you
+0.09	+0.01	 I think it helped me to become more mature more sure of myself
+0.03	-0.02	 how have you been feeling lately
-0.12	+0.01	 not really this has been going on for quite some time now
-0.02	-0.03	 how easy is it for you to get a good night sleep not very
-0.42	+0.14	 no I'm even more irritable I have even more of a flash camper it makes depression worse anxiety worse
-0.04	-0.01	 have you ever been tagged us
-0.01	-0.06	 are the formal diagnosis was probably about 4 years ago
-0.15	+0.02	 the dreams are not the nightmares are not
-0.13	+0.04	 generally only touch it triggers me as far as from other people
+0.01	+0.01	 can you tell me about that
-0.23	+0.10	 I want to take a boat load of medications now treatment for PTSD it's also for depression
-0.50	+0.31	 because I knew I was going to kill myself if I didn't
+0.01	+0.03	 do you still go to therapy now yes
-0.18	+0.08	 I know but have never classified myself as a happy in any time in my life
+0.01	+0.01	 can you tell me about that
-0.05	-0.04	 just haven't found anybody that would fit the bill I guess for inspiring or
+0.27	+0.11	 tell me about something you did recently that you really enjoy
+0.27	+0.17	 I haven't done anything in a long time that I've enjoyed
  [INFO] Predicted PHQ-8 score: 22.0

[20:31:09] → PID 708
prompt: +0.46	+0.30	 hi the weather I love the weather I love the people there so many things to do in LA I love La you know it's my home and I wouldn't live anywhere else
+0.18	+0.13	 when I was in the military at job with a lot I haven't traveled too much in the past few years but I'm looking forward to doing some more traveling soon
+0.08	+0.03	 eating eating new foods eating different type of foods depending on where I go maybe the nightlife clubs and stuff like that
-0.00	-0.04	 one of my trips Japan you know when I got to Japan only stayed for 6 months but
+0.05	+0.03	 you start to learn more about yourself I learn more about myself as an American by going overseas and understanding that
+0.02	+0.03	 just because I'm American and I'm from this country this is not the only country in the world in millions of people billions of people actually live a lot different from my dude from we do and just learning to appreciate the differences you know
+0.12	+0.13	 but the trip itself you know actually 6 months is not long enough I think where you go to a foreign country for me because at the six-month Point that's exactly when I started to I really wanted to just wanted to stay but it was time to come back so then again like I said traveling food Customs just learning more about other cultures and it's real exciting this it's it's not to mention educational but
-0.15	+0.04	 I think it's needed I think a lot of Americans are a lot of my family members would never been able to go out of the country need a trip somewhere you know I don't know if America to really understand their place in the world
+0.27	+0.34	 I will probably actually flying to Japan in flying over Alaska the mountain tops in Alaska I need the mountain ranges are so huge and they were all covered with snow but it look like we were close enough to actually put our hands out of the plane and touch the top of us you know snow capped mountains I thought that was really exciting
-0.06	+0.01	 well I have one brother and two sisters I'm close to my younger sister she just had the first grandchild in the group of my siblings you know a couple of years ago so I haven't had a few she lives in Oregon my other sister lives here in the LA area my brother lives in Oakland I would like to visit I would like for us to all be together you know more than we are but we're not so we do the best we can but the relationship is pretty strong my mom she lives down in San Diego and I try to talk to her at least once a week and get to go down and see her every every now and then my father passed away in 04
+0.05	-0.04	 and for the extended family will usually get together on holidays Manny Thanksgiving Christmas and keep in contact like everybody else now on Facebook
+0.15	+0.04	 I'll go to the gym go to the gym or maybe you know sometimes now as I'm getting older I realize when I take a nap that kind of helps me to relax wake up refreshed and ready to go
-0.09	+0.03	 I'm pretty good at controlling my temper you know like everyone else I have I've got pet peeves and if it's one of the peeves that might tend to get a little angrier than some of the other things that you note in the bother me but overall I control my ankle pretty well
-0.27	+0.06	 I've seen I had a laptop and that I was over a acquaintance home and my laptop disappeared
-0.18	+0.06	 and I didn't get angrier and you know I didn't I was just really too, nonchalant about the whole incident and as I look back on it I should have probably be and should have been more assertive about them finding my laptop for you know finding out what happened and I kind of just let that go and
-0.23	+0.06	 staying in LA and not moving back to Philadelphia that was a hard decision you know I lived in Philadelphia for a couple years and I moved back home but I wanted to move back but I did and I stayed here you know that was a hard decision
-0.00	+0.02	 by the members of my family has been in the military and I don't think I was ready for college at that point so I actually sign the papers when I was 17 for the delayed entry program and winning after graduation
-0.14	+0.00	 more difficult than I anticipated it was strange even though I had been in the military for those years and I had really become a different type of person and it took a little while but it happens they have a thing called separation for about the last two months before you're discharged where I kind of helps you get ready or prepared you back to get into civilian life so it takes a little while but it's it's it it happens it takes a while some people takes longer you know some people didn't take us long so
-0.00	+0.05	 it allowed me to mature I don't think I'm I don't know if I would have gotten that when I went to college right after high school or not but it allow me to also be on my own and kind of find out who I was and grow up so
+0.19	+0.03	 how have you been feeling lately been feeling great you know I I don't have any worries or complaints
+0.15	+0.03	 how easy is it for you to get a good night sleep pretty easy I'm a light sleeper but I sleep pretty well
+0.09	+0.08	 well I mean I think one of the things I got from my father was to always be positive and it in and the level determination is basically never give up on what you want to do
  [INFO] Predicted PHQ-8 score: 0.0

[20:31:14] → PID 709
/Users/kevinawang/Documents/GitHub/VA-classifier/src/utils/util.py:27: FutureWarning: You are using `torch.load` with `weights_only=False` (the current default value), which uses the default pickle module implicitly. It is possible to construct malicious pickle data which will execute arbitrary code during unpickling (See https://github.com/pytorch/pytorch/blob/main/SECURITY.md#untrusted-models for more details). In a future release, the default value for `weights_only` will be flipped to `True`. This limits the functions that could be executed during unpickling. Arbitrary objects will no longer be allowed to be loaded via this mode unless they are explicitly allowlisted by the user via `torch.serialization.add_safe_globals`. We recommend you start setting `weights_only=True` for any use case where you don't have full control of the loaded file. Please open an issue on GitHub for any issues related to this experimental feature.
  model.load_state_dict(torch.load(model_path, map_location=device))
Participants:  89%|████████▉ | 50/56 [06:58<00:52,  8.78s/it]Some weights of RobertaModel were not initialized from the model checkpoint at roberta-base and are newly initialized: ['roberta.pooler.dense.bias', 'roberta.pooler.dense.weight']
You should probably TRAIN this model on a down-stream task to be able to use it for predictions and inference.
/Users/kevinawang/Documents/GitHub/VA-classifier/src/utils/util.py:27: FutureWarning: You are using `torch.load` with `weights_only=False` (the current default value), which uses the default pickle module implicitly. It is possible to construct malicious pickle data which will execute arbitrary code during unpickling (See https://github.com/pytorch/pytorch/blob/main/SECURITY.md#untrusted-models for more details). In a future release, the default value for `weights_only` will be flipped to `True`. This limits the functions that could be executed during unpickling. Arbitrary objects will no longer be allowed to be loaded via this mode unless they are explicitly allowlisted by the user via `torch.serialization.add_safe_globals`. We recommend you start setting `weights_only=True` for any use case where you don't have full control of the loaded file. Please open an issue on GitHub for any issues related to this experimental feature.
  model.load_state_dict(torch.load(model_path, map_location=device))
Participants:  91%|█████████ | 51/56 [07:08<00:45,  9.09s/it]Some weights of RobertaModel were not initialized from the model checkpoint at roberta-base and are newly initialized: ['roberta.pooler.dense.bias', 'roberta.pooler.dense.weight']
You should probably TRAIN this model on a down-stream task to be able to use it for predictions and inference.
prompt: -0.17	+0.14	look at you now then go ahead and press that button it might indicate that something has gone wrong with the system
+0.04	-0.02	 the ability to see different places do different things
+0.41	+0.15	 my favorite rivers Dominican Republic love it there
-0.32	+0.22	 but I only got drunk we have to drag him off
-0.00	-0.05	 I do training for a while did training for the oil refinery I'm trying to work at the fire in Carson
+0.00	-0.04	 play basketball till my daughter play video games nothing really major take a drive
-0.21	-0.02	 shoot yesterday in about not coming back to the house
-0.19	+0.06	 well I could have did things a lot differently to actually actually make things better but I didn't
+0.01	+0.04	 my daddy was in the Army and he was in Vietnam so I just decide to go
+0.34	+0.09	 yeah it worked out pretty well for me
-0.22	+0.01	 try going to school for a little bit it was boring and I just can't get into it and so I just decide to go to work
+0.00	-0.03	 may be more responsible may be more attentive and a lot of the things that goes on around me and actually pay attention to things pay attention to the details
-0.17	-0.00	 you know I've been all right been okay seeing worse
-0.16	+0.03	 this is a struggle for everybody's recession right just trying to get it together that's all
+0.04	-0.06	 yeah I'm more of a homebody now before I used to be out partying a lot
-0.16	-0.02	 totally changed only really go out no more
-0.13	+0.09	 the whole city of Los Angeles getting crazy everybody so I just decided to stay inside more and spend time with my family and my daughter
-0.14	-0.10	 it's not easy at all sleep very rarely
-0.41	+0.16	 I don't know can you can you tell me now cuz I haven't slept well last night pretty alert I guess
-0.28	+0.08	 day Terrors can't sleep at night you know I mean
+0.12	+0.02	 traumatic it was a really good I started adjusting to it though
-0.07	-0.04	 it's more or less how you deal with it I guess
-0.25	+0.09	 you know traumatic stuff happens and you have a flashback you don't mean you might be sleep you never know when they're going to when it's going to come it just happens so
+0.06	+0.06	 shit get up start jogging start working out
-0.34	+0.16	 take my mind off of it might take a drive or something I wake up most nights sweating like it's weird I don't know why I used to it
-0.06	-0.01	 I was diagnosed but I never really took medication except for like a while back I just kind of decided to do it on my own I don't feel like medicine is always the key
-0.07	-0.04	 it just depends I don't really think that it works for everybody not everybody wants to talk about the problems some people have different sources Outlets to deal with things you know
+0.08	-0.02	 last week when I took my daughter to the park
+0.40	+0.27	 yeah we was on everything every ride everything I was chasing around heart just have fun enjoy spend time with daughter
+0.28	+0.14	 I have a friend named she's pretty inspirational she keeps me motivated as far as my higher level thinking goes
-0.38	+0.17	 is easy to quit give up you know I mean commit suicide and shit that's for losers for weak people
  [INFO] Predicted PHQ-8 score: 12.0

[20:31:23] → PID 710
prompt: -0.08	+0.02	 the traffic the noise and some of the people
-0.07	-0.07	 not too much I used to in the past but not a lot these days
-0.28	-0.01	 how about working and going to school so it's kind of makes it difficult I don't really have the time
+0.04	-0.04	 I was in the Air Force and did a lot of traveling then most of the Pacific Korea Japan Okinawa a lot of different places there
+0.01	-0.07	 do some electrical work and doing classes also do some residential and construction
+0.17	+0.04	 tell me about your relationship with your family it's a good relationship my mother passed away and fortunately but my dad's up north he's 85 and he stays with my sister now we all get along
+0.08	+0.01	 maybe take you a ride to the ocean and sit there and kind of look out to sea
+0.02	+0.01	 good I used to have a temper years ago when I was younger but I'm a little calmer and older and hopefully wiser these days
-0.06	-0.09	 in the past it has but not as of recent
-0.06	+0.01	 to be honest I don't even remember that's how long ago it's been
-0.15	-0.01	 I guess I probably should have got it sooner
-0.19	+0.05	 probably divorce whether to stay married or to get divorced it was a tough decision definitely
-0.08	+0.03	 tell me about an event or something that you wish you could erase from your memory
-0.22	+0.05	 I guess just seem death in the past and situations that if I could erase some of the visuals of that that would help me
-0.02	+0.09	 I really wanted to get out of my hometown there wasn't much their jobs or advancement in jobs so I want to see the world because my father was in the military
-0.08	-0.04	 because you used to a structured military life and then it come back and have less organization it was
-0.17	-0.01	 transition plus going from different places overseas and coming back in speaking English and not seeing the
+0.02	-0.05	 gas station in Southern California my last assignment so I applied for the power company and was working for them for a while
+0.01	-0.06	 more organization learn more responsibility kind of more of a manly attitude organization and discipline a discipline helps
-0.36	+0.00	 good. Too bad mentally all right physically aches and pains
+0.08	-0.05	 I know I seem a little more calm and
+0.02	-0.06	 more tolerable of situations less arguing or none at all I just try to keep things
-0.36	+0.02	 it's hard of sky can have some nightmares or just thinking too much and can't sleep or can't get comfortable or physical aches and pains so there's a lot that contributes to that
-0.01	-0.12	 thinking like 6 years ago 5 6 years ago
-0.23	-0.03	 I'm not sure I guess lack of sleep and chewing my nails and maybe a lack of concentration on some things
-0.00	-0.03	 I have an experience that much as of recent but that was more like 5 years ago so things are better now
+0.12	+0.06	 I'm a lot more in control and doing better
+0.04	+0.03	 well it's nice to talk to someone about your problems like or tell someone your problems like I have now with you
-0.02	-0.03	 list nightmares probably better sleep and just going through day-to-day a lot calmer without argument or letting little things bother me
+0.22	+0.10	 last night I was with friends and we went to the beach and to a concert
+0.12	+0.00	 who's some of it's been a positive influence in your life
+0.10	+0.03	 just the man that raised me he's also a veteran and
+0.09	-0.03	 instill some discipline and good work and study habits so he was a good father and a good provider
+0.36	+0.18	 last night I was at the beach with friends and saw concert had a good time
  [INFO] Predicted PHQ-8 score: 2.0

[20:31:32] → PID 712
prompt: +0.05	-0.02	 I used to in the Marines and growing up I did y'all all over the east coast and around the country out
+0.03	-0.03	 same thing different different types of people different types of food different types of music seeing different architecture and things like that the east coast and the west coast is very different in terms of how we build our buildings so just different places that you go you see different things like that
+0.13	+0.14	 turkey we visited the oldest church in the world I believe it was called the oldest church in the world they have those the towers the towers and just a different people I ate goat and some other types of food that I had never eaten before
-0.03	-0.01	 and I found out the people or are people just like us it's not just like Americans we might have our perception but people from another country they're just the same they just have a different language and they just look different but they don't they're not different you know
+0.08	+0.03	 I was a trumpet player since third grade and I did that in the mornings so I did that for 15 years of my life music
+0.20	+0.05	 I I have music I love all kinds of music so if I just put on my headphones that usually helps or I go for a bike ride I have my bike downstairs I'll just go as far as I feel like going 10 15 20 miles and then come home that's very relaxing
-0.10	+0.03	 I don't have a temper I used to put it this way my daughter's mother had a temper and I started to learn it from her but I realize that's
-0.13	+0.03	 with her only with her never never like in public or with the police or anything like that I would say that she some girls know that they can use the police
-0.25	+0.17	 they can just say things some girls not all girls and she would do that but no it was never I've never like hit a woman or anything like that no
-0.33	+0.06	 my former landlady I just moved about two months ago where I was before my my landlady was a drug addict she didn't didn't do anything except drug she didn't fix anything she was just lazy and everything was unkempt and and
-0.22	+0.19	 if you are renting to somebody else I had strong views that you should keep up with the property and I which is build up over time and I told her you know I've been here and I've given you so much money so much money and you haven't done anything except drugs and it was we got a little heated
-0.05	+0.01	 I don't know I've learned I've learned you can't have regrets cuz y'all at the end of the day you end up in the right place and that's what you have to look at so I don't think so I've learned from the things that I may have
+0.06	+0.27	 I might as well be honest I know it's looking at it I know you're a person on the other side of that but you don't look like a person but I had a woman that I was chasing and I we were intimate we were together and we were intimate and I shouldn't you know made me promise not to tell anybody at work and I was so excited and I told somebody cuz I thought I could trust that person and
-0.22	+0.12	 I couldn't trust that person and word got out in the hole Restaurant New and she was embarrassed and I broke her trust it was a pretty it was pretty bad but at the same time and again I said that I don't regret things because she admitted she admitted that it hurt and by admitting it heard it kind of said more
-0.19	+0.17	 about the situation if somebody could admit to you that you can hurt them that means they're vulnerable to which said something you know I understand that so I learned something more than maybe had I not done it had I not heard I might not have known
-0.00	+0.12	 probably coming to California my daughter's mother and I like I said we didn't get along and I have a 9 year old daughter who I love and I want the best for so so five years ago she moved out the mother moved out here to meet her new husband and and start a new life and all that and she brought my daughter along and it took me a couple months to get money and everything together for me to do it but I knew when I came out here that I didn't know anybody we're from the East Coast I didn't know anybody I didn't know nothing about California I looked at a map and I said Santa Monica I know that City I'll try to get close to there and when it came time for it like the few days before and I knew I bought a bus ticket and I packed as much as I could and I knew that I was moving to the other side of the country
-0.46	+0.29	 and then I couldn't turn around that that they missed a huge step it was a huge step and I knew why I was doing it but I was terrified I was 10 I got here and I'm still terrified and it took some time to try to get everything together you know to eventually live with a drug addict that I was with but
-0.29	+0.09	 for sure getting up and moving and leaving everything and friends that I knew and starting completely brand new that was that was very difficult
-0.45	+0.10	 a lot of my childhood my parents were abusive and I guess this anonymity thing helps but yeah my parents were my parents were destructive and there's a lot of things that they did to me as a child that that I wouldn't wish on other kids
-0.25	+0.13	 I still wouldn't wish it on somebody else come stronger and I can help other people because of the things I know but but it doesn't completely justify the stuff that happened to you
-0.35	+0.10	 I was actually going to go to college for music for trumpet and my parents didn't help me with any of the decisions and I didn't know how I was going to get there and
-0.09	+0.07	 so I don't know I knew the Marines were something that I could do it would be physical but I could still keep playing and it wasn't going to be so
-0.14	+0.02	 like my parents wouldn't have driven me to college running like that and I had no idea how I was going to make that step I think I fell to the military
-0.04	-0.04	 was going to be an easier step so to speak I don't know if that makes sense but yeah it was more streamlined just to get in the military and keep playing that way
+0.11	+0.18	 you have no regrets you know what I mean I can definitely say that as a marine having been a marine there's nothing that can break me and I learned that for sure for the military
-0.15	+0.04	 yeah the military and one thing they don't tell you they think the whole thing about the GI bill that don't help pay for college but that's for like vocational schools and stuff like that you don't really know that and I'm not a vocational school guy
-0.04	+0.02	 the jobs are quite the same you kind of a little bit older and you already missed that early Windows to get in on a good career
-0.10	-0.04	 so a lot of people don't don't end up where they might have intended to be before they join the military put it that way
+0.13	+0.02	 bunch of jobs different jobs telemarketing pizza delivery old phones for Verizon Wireless warehousing of done thanks and of course traveled for my daughter
-0.05	+0.11	 what's the weather like I said no matter what comes on no matter what comes my way I know I I'll be okay and especially physically but just endurance mental endurance after sleeping in the dirt and and waking up in freezing sleeping bags and digging holes and and and sweating to no end and Twenty Mile and stuff like that
+0.10	+0.08	 life no matter how hard it gets it's still a piece of cake for me most people wouldn't say that
-0.15	+0.00	 City harder to find a better job there's a lot of good in the workforce is not that that you know that this whole thing with the economy it's not as good as they try to paint it in the news there are lots and lots of people looking for jobs in a lot of them don't pay enough and a lot of them don't give enough hours and it's
-0.03	+0.11	 like I said I just I just learned to persevere no matter how hard it gets I'll be okay I'll be alright
+0.01	+0.01	 obviously still pretty good I may be a little bit a tad bit sluggish but if I don't sleep for the night the next night I'll sleep fine and
+0.12	+0.07	 when we fix our bikes we have to mountain bike so we got them both fixed we had a good hour or so very good high-minded conversation two things that that I understand that he wants to understand
+0.19	+0.20	 most times has riding my bike I just now took roughly and I like to just see if I can do that how how hard and we hadn't ridden I had with my bike in like two months so I was curious what it was going to feel like for my legs endurance and all that and as I'm writing and I got it in the best gear and I'm just cranking along on the road now you know on the freeway whatever that feels great that's accomplishment that's physical you know I'm building myself I like doing that
-0.41	+0.13	 I know you're a real person on the other side of that but you don't look like a real person that's a shame
-0.16	+0.07	 having endured my childhood and all that and come out the other side and not be not be violent and not be abusive to learn from those things a lot of people get stuck/Users/kevinawang/Documents/GitHub/VA-classifier/src/utils/util.py:27: FutureWarning: You are using `torch.load` with `weights_only=False` (the current default value), which uses the default pickle module implicitly. It is possible to construct malicious pickle data which will execute arbitrary code during unpickling (See https://github.com/pytorch/pytorch/blob/main/SECURITY.md#untrusted-models for more details). In a future release, the default value for `weights_only` will be flipped to `True`. This limits the functions that could be executed during unpickling. Arbitrary objects will no longer be allowed to be loaded via this mode unless they are explicitly allowlisted by the user via `torch.serialization.add_safe_globals`. We recommend you start setting `weights_only=True` for any use case where you don't have full control of the loaded file. Please open an issue on GitHub for any issues related to this experimental feature.
  model.load_state_dict(torch.load(model_path, map_location=device))
Participants:  93%|█████████▎| 52/56 [07:17<00:36,  9.06s/it]Some weights of RobertaModel were not initialized from the model checkpoint at roberta-base and are newly initialized: ['roberta.pooler.dense.bias', 'roberta.pooler.dense.weight']
You should probably TRAIN this model on a down-stream task to be able to use it for predictions and inference.
/Users/kevinawang/Documents/GitHub/VA-classifier/src/utils/util.py:27: FutureWarning: You are using `torch.load` with `weights_only=False` (the current default value), which uses the default pickle module implicitly. It is possible to construct malicious pickle data which will execute arbitrary code during unpickling (See https://github.com/pytorch/pytorch/blob/main/SECURITY.md#untrusted-models for more details). In a future release, the default value for `weights_only` will be flipped to `True`. This limits the functions that could be executed during unpickling. Arbitrary objects will no longer be allowed to be loaded via this mode unless they are explicitly allowlisted by the user via `torch.serialization.add_safe_globals`. We recommend you start setting `weights_only=True` for any use case where you don't have full control of the loaded file. Please open an issue on GitHub for any issues related to this experimental feature.
  model.load_state_dict(torch.load(model_path, map_location=device))
Participants:  95%|█████████▍| 53/56 [07:28<00:28,  9.64s/it]Some weights of RobertaModel were not initialized from the model checkpoint at roberta-base and are newly initialized: ['roberta.pooler.dense.bias', 'roberta.pooler.dense.weight']
You should probably TRAIN this model on a down-stream task to be able to use it for predictions and inference.

  [INFO] Predicted PHQ-8 score: 2.0

[20:31:41] → PID 715
prompt: -0.06	-0.02	 Forest Bend employable under different circumstances Force going to prison and things like that you know it's just really have to cut through a lot of red tape and are to get back to you noticed in the standings that you were in once before you went to prison
-0.02	-0.07	 for the last two years I haven't been traveling because I haven't had a car but other than that I do travel locally and
-0.02	-0.07	 I guess around here I don't travel from state-to-state I don't have that type of money yet
-0.04	-0.00	 seeing the scenery meeting different people saying you know there are different states and how their bill you know the housing and no different structures like that
+0.00	-0.06	 well Braxton's when I went to Virginia when I was in the service
+0.31	+0.10	 I like to going to Petersburg and Richmond it was nice there the people in The Shopping Bag then in those days things were a lot cheaper
+0.08	+0.02	 hey you buy things at a reasonable price the economy was smell down there and
+0.31	+0.08	 I enjoyed being on the Army grounds when I was in Virginia. I really enjoy that
+0.03	-0.04	 besides other general you know that general education but math was one of my stronger subjects
+0.10	+0.04	 I've just started to go to college today today was my first day I'm studying computers and designing
+0.04	+0.03	 I'm going to see what I can do what designer from their computers I wanted to learn computer so I can have my own computer at home and you know surf the web and the internet and all that
-0.19	+0.10	 well I'm disabled now I have a severe back damage I have a for degenerating discs in my back I don't think I'll be able to go back to work anytime soon so if I could do anything with my hands as I mentioned before by designing clothes or something like that I may be able to do that you know what I mean put something on the market
+0.13	+0.02	 I have a good relationship with my family is for my mother and sisters and have Uncle left you know my cousin's we all we all get along good everybody lives in life you know we have a tendency to you know staying ourselves and get together every now and then you know when it's time for us to get together family reunions and things like that
+0.09	+0.01	 watch a lot of Television I like westerns in different movies like that talk to a lady friends
-0.43	+0.12	 something bothers me. Something that happened in the past and you know I get some alcohol at me and kind of you know I had to get that out you know
-0.25	+0.10	 a serviceman that are in the Bears and they don't want to clean up behind ourselves then it got in a big argument with one of the
-0.08	+0.03	 had it out with one of the staff members there ain't always says something behind my back so I had to let him know
-0.22	+0.11	 where I stood at in and what he shouldn't have said I wish I would have said the words that I said to him but
-0.38	+0.07	 I have a lot of things I feel guilty about five things I've done in the past that I wish I hadn't done
-0.25	+0.21	 I had to make a lot of hard decisions but I can tell you one that I had to make my nephew was living with me what you thought it was going to be able to stay with me for over a. Of time and I had no let him go tell him that you know you stopped you to go you have to man up and do what you have to do for yourself
-0.11	+0.05	 tell me about Nevada or something that you wish you could erase from me
-0.09	+0.01	 Sam being whipped for the extension cord the website on my body and
-0.27	+0.11	 that's going to be there in until I die or have it removed
+0.35	+0.20	 I grew up yes yes I'm happy I did I had grew up and become you know a young man it was time for me to get out and start making my own way for myself
-0.07	+0.04	 no no I just got in at the end of the Vietnam War which I try to go in while I was still happening but I was too young and it will let me go in
-0.15	+0.06	 I really didn't have that much of a problem adjusting to it but I really missed being in the military you know as far as being an active-duty I wish I would have stayed in there instead of coming back
+0.02	+0.01	 you know but Bobby being married I came back to my wife and
+0.03	-0.07	 I worked at the Naval Shipyard I worked as a mechanic and I work doing construction work
+0.03	-0.02	 as far as the things that I was doing as a Young Man
-0.13	+0.10	 I just turn me just completely around backwards go to the way you know do things right in my life instead of what I was doing hanging out in the streets drinking
+0.16	+0.06	 no way my friends and stuff like that so that was a really big help for me
-0.10	-0.03	 living life on life's terms if that's a good enough answer living life on life's terms trying to make it day by day and stay out of the way
-0.06	+0.03	 not that I can think of right off the top of my head no
-0.29	+0.14	 three door four nights okay and then other nights I'm up and anxious waiting to go and do what I have to do the following day and and sometimes I just don't sleep I had to get up and watch television drink coffee and smoke cigarettes and think
-0.31	+0.23	 it's some form but I didn't follow through with it you know you want to give me all the different medications and things like that I took some of her then I stop cuz you're putting me in a whole different different atmosphere
-0.02	+0.03	 and I didn't know what brand I have left I want to keep it and use it
-0.02	-0.07	 probably like five years but more of an event like that last year pass
-0.53	+0.28	 well when you live around people that you know are in gangs and stuff and shooting shooting up and down the street all the time and you see four five six people get killed within a 3-mile. On your street I mean that's it is heartbreaking your your heart goes out to them people
-0.24	+0.22	 you know when you see these people go up and down the street every day and you don't know who's who and what's what so some you have to live with me have to be on your guard at all times
-0.10	-0.03	 well I really don't have her answer for because a lot of times you don't conversate with those type of people you just Pastor buys
-0.07	+0.09	 and you know what to change my environment and also changed myself so I needed to take myself out of that situation and put myself in a different environment and start over again
-0.25	-0.02	 I know I don't know I haven't been I haven't been to therapy since
+0.16	+0.01	 if you use the materials are the tools that they give you say it's very useful
-0.41	+0.31	 and you do that certain thing was said I warned you not to do that then you're going to kick your own self in the behind so it'd be better if you
-0.19	+0.10	 take the advice and not do that thing and you are you know the results and a lot of times you have traveled down that road before it's no good for you so dad in
-0.01	-0.00	 and I'll set up keep going on the roller coaster ride and I'll just leave that little part of life alone and live life on life's terms
+0.47	+0.36	 really really felt happy it's been a long time I couldn't answer that question for you
+0.30	+0.10	 my sister is a positive influence in my life my older sister is she's a
+0.35	+0.28	 I could be a big change it is going to help me down the line and I know it is so I'm looking forward to that
  [INFO] Predicted PHQ-8 score: 7.0

[20:31:52] → PID 716
/Users/kevinawang/Documents/GitHub/VA-classifier/src/utils/util.py:27: FutureWarning: You are using `torch.load` with `weights_only=False` (the current default value), which uses the default pickle module implicitly. It is possible to construct malicious pickle data which will execute arbitrary code during unpickling (See https://github.com/pytorch/pytorch/blob/main/SECURITY.md#untrusted-models for more details). In a future release, the default value for `weights_only` will be flipped to `True`. This limits the functions that could be executed during unpickling. Arbitrary objects will no longer be allowed to be loaded via this mode unless they are explicitly allowlisted by the user via `torch.serialization.add_safe_globals`. We recommend you start setting `weights_only=True` for any use case where you don't have full control of the loaded file. Please open an issue on GitHub for any issues related to this experimental feature.
  model.load_state_dict(torch.load(model_path, map_location=device))
Participants:  96%|█████████▋| 54/56 [07:38<00:19,  9.71s/it]Some weights of RobertaModel were not initialized from the model checkpoint at roberta-base and are newly initialized: ['roberta.pooler.dense.bias', 'roberta.pooler.dense.weight']
You should probably TRAIN this model on a down-stream task to be able to use it for predictions and inference.
prompt: -0.12	+0.06	not very typical to that happen but just in case I kind of have to give you a warning so that you don't sit in here can I go in what's going on so it fits yeah I'd say 30 seconds or more
+0.02	+0.03	 I'm going to go ahead and start her up okay
+0.07	-0.01	 getting around kind of a headache but it's alright buses are pretty good
-0.03	-0.01	 on my own business and what I don't know yet
-0.36	+0.03	 it's not good right now I don't really talk to him
-0.13	-0.08	 certain situations came up I don't really talk to him
+0.04	+0.01	 stress anything that I can possibly do one thing I know going to the gym
-0.06	+0.05	 the only thing I really got right now that relieves anything that I have
+0.15	+0.09	 my girlfriend we are getting pretty good. It was about why I don't call her enough and when I wasn't calling her enough
-0.42	+0.09	 a lot of them I don't even talk about but being close to my family is one of the things that I never did and I and I and I regret that
-0.09	-0.02	 I said there was a lot of decision hard decision that I made but I never made them
-0.12	+0.02	 I can say what you can say I took the easy way out maybe
+0.09	+0.24	 I hit you can say I hit rock bottom and I'm starting my life over again
+0.01	+0.02	 yeah that's because of no longer doing things that I ain't supposed to do
-0.35	+0.10	 I'm not even to share all I know is that I was just doing the wrong things at the wrong time got me to so much trouble
+0.05	+0.05	 it's slow but kind of like an adventure at the same time there's a lot of things that I'm thinking about as well a lot of things that I can't forget
-0.34	+0.10	 how easy is it for you to get a good night sleep I can't I'm under sleep meds
-0.17	+0.20	 two types and sometimes I can't even fall asleep it'll take I can't take more than I
-0.16	+0.09	 you can say sometimes I'll be walking around back if I'm tense from worried about something
+0.03	-0.05	 I believe so yes just currently not too long ago
-0.07	+0.03	 yes that's one thing I didn't been diagnosed with for sure
-0.63	+0.32	 I don't like it I hate it I don't know if I can pull out of it
-0.36	+0.05	 I don't even think the medication that I'm even using even helps
-0.01	-0.01	 I'm still trying to get try different ones apparently there's enough out there that I can go through
-0.08	-0.03	 I wouldn't really be so like a people person communication wasn't all time low
-0.10	-0.04	 I will be mainly staying at the house I wouldn't be going out I wouldn't be doing events or doing the things that I would like to do
-0.30	+0.08	 none of us was alone with my addiction as well
-0.19	+0.09	 that's one thing I can't figure out is what the hell trigger though
-0.10	+0.03	 why am I actually doing things or did the things that I do or did
+0.07	+0.11	 the only thing I got on my side of the gym it's the one place that I know I can release a lot of tension
+0.17	+0.15	 that one place where I know I don't have to talk to people but we're all together they're doing the same thing we're all doing the same thing and exercising and getting physically well
+0.13	+0.02	 the only place where I know that I can relax
-0.33	-0.01	 I don't talk to my family and I think I said that already
-0.07	+0.01	 or we're probably talking about the same thing over again
+0.12	+0.02	 the changes that I've noticed maybe a little bit less stress knowing that I have a couple more skills or tools to cope with my depression PTSD
-0.14	+0.03	 but it's it's a long process also on my recovery is going to be a forever process
+0.03	+0.05	 when I made up with my girlfriend that was what two days ago
+0.36	+0.23	 we are you and I talked about it with her and she was able to hear me out and I was able to hear her out and we fix things so that was the happiest moment so far
+0.12	+0.08	 and my girlfriend even though it's much of a bitch she is she still good person
-0.05	+0.02	 he asks why I have one best friend right now
+0.14	+0.12	 and it's funny that you have because now that I remember he referred me as a saint which I don't think I do that I don't think I am that but I'm sure everybody's trying to say is that I'm a good person and I'm trying to do right and I don't want to inflict harm on nobody and I just want to get myself put back together and continue on you know start a new life yeah he did tell me something like that and I do consider you my best friend pretty cool they said that
+0.36	+0.19	 fishing I went with my friend Mikey fishing you caught a couple fish very quiet very fun
+0.12	-0.03	 but it is relaxing it does take the edge off no one there to talk to no one there too
  [INFO] Predicted PHQ-8 score: 17.0

[20:32:02] → PID 717
/Users/kevinawang/Documents/GitHub/VA-classifier/src/utils/util.py:27: FutureWarning: You are using `torch.load` with `weights_only=False` (the current default value), which uses the default pickle module implicitly. It is possible to construct malicious pickle data which will execute arbitrary code during unpickling (See https://github.com/pytorch/pytorch/blob/main/SECURITY.md#untrusted-models for more details). In a future release, the default value for `weights_only` will be flipped to `True`. This limits the functions that could be executed during unpickling. Arbitrary objects will no longer be allowed to be loaded via this mode unless they are explicitly allowlisted by the user via `torch.serialization.add_safe_globals`. We recommend you start setting `weights_only=True` for any use case where you don't have full control of the loaded file. Please open an issue on GitHub for any issues related to this experimental feature.
  model.load_state_dict(torch.load(model_path, map_location=device))
Participants:  98%|█████████▊| 55/56 [07:47<00:09,  9.49s/it]Some weights of RobertaModel were not initialized from the model checkpoint at roberta-base and are newly initialized: ['roberta.pooler.dense.bias', 'roberta.pooler.dense.weight']
You should probably TRAIN this model on a down-stream task to be able to use it for predictions and inference.
prompt: -0.16	+0.07	okay if you notice that she pauses for more than about 20 30 seconds ahead and press that button it may be an indication that something's gone wrong
+0.05	-0.01	 no I used to I used to be a truck driver but now I'm a student at La Trade Tech so I'm home base now
+0.33	+0.24	 an experience when I went to North Carolina being there for the weekend the atmosphere was great so different beats type lifestyle imagine where to put it up
+0.27	+0.17	 there's a lot of clubs over there so I mean I really had a night time during the weekend that I was there made a lot of nice people got laid
-0.06	-0.01	 I really don't know which one to pick out for you I've been a lot of places and done a lot of things and a lot of time as far as me having asthma I have an attack it's a lot of things that I do forget but overall my past has been very good
+0.36	+0.17	 diesel technology and learn how to do how to be a repair technician for like the buses diesel trucks anything is running out diesel they've taught me how to repair engines take them apart and put back together troubleshooting electrical work I'm really enjoying it because I like doing things with my hands and the thing is that they're teaching me I can use it for the rest of my life and I really is something that I can probably pass on the others so you know I really like it
+0.18	+0.05	 all right now leave the time I ride my bike a lot going to do some parts of LA a lot of time to go to the beach I like Venice and Santa Monica Beach a lot
+0.33	+0.22	 just Ashley just seeing this country and not the country but the city has a lot of places I haven't been I don't have a driver's license but just being able to ride my bike and go over the freedom to go where I want to I really love that
-0.18	-0.07	 me and my family with distant I'm in touch with my dad but as far as cousins and my mom we don't talk
-0.40	+0.24	 it takes a lot to make me angry but if it's something that I know is someone that done something wrong I just simply try to tell them about it to correct them but being physical I tried not to get into that but you know you got people out there to really don't care about your feelings so sometimes I ain't walking away not dealing with him anymore
-0.39	+0.23	 I'm going through a divorce I just experienced a domestic violence incident where me and her got nervous about who's going to clean the house so I took it upon myself to I punched in the shoulder and call the police on myself if I'm two days in jail I can order the home has been since January or right now I'm working on my divorce
-0.09	+0.06	 and at home if they have an apartment now on they're doing good but I feel that she should have been more friendly about the way we broke up because she changed the locks on the apartment and I didn't get a chance to get any of my like my tools and put paperwork birth certificate and whatnot she still has that but you know I feel like they to pick my life up and continue on you know I don't wish nothing bad about her hopefully she's happy I know that she's with the baby's daddy's come from Louisiana he's staying with her now and you know it is
-0.24	+0.11	 I just did I wouldn't have got physical with her I felt it there was going this way so I called myself being away from the home a lot and she kind of noticed it but yeah he got me the convinced that you know me being a husband or you know a father figure that I'm supposed to be spending more time with the family so they can I change my perspective but when I done that my daddy call it putting all my ducks in the basket where she's got my social security number you know my information everything I just open myself up to her which have fell today you know it was a waste of time is a bad move but you know
-0.08	+0.04	 oh I don't do that in life I don't steal I mean live by the Bible so guilt I don't have that
-0.03	+0.04	 I just made the decision that actually out of a reaction in a sense it's not hard for me to make a decision that's not like me
+0.01	-0.01	 I know it in the future that you know women are different that the ones who have done such is that individual is not an all-woman type thing but
-0.23	+0.09	 I don't like being by myself I felt that me being married would alleviate that but I married the wrong one evidently hopefully that if I decide to take that step again that it be the right one this time because you don't you know you're getting old and time than went by and you can't bring that back
+0.37	+0.20	 I never thought about it but me I feel good I mean I'm healthy I'm just glad you know you my freedom maybe in Black you really think about the fact of your other race being locked up a lot of history and I feel that me I'm doing good
-0.16	+0.00	 I don't like whole conversation with women that don't know like I used to it's hard for me to like how you say start a relationship or friendship rather with a female now when it comes to men I'm not gay and I don't do gay things so we don't get that out of the way but as far as me and you know I don't have friends but when it comes to being advice you know I experienced that a lot of God few students classmates rather that kind of like leaning toward me when it comes to how would you say me helping them and I kind of like get in trouble for that so I guess you would say of me being outgoing I rather think about other people more than myself
-0.07	+0.11	 my dad told me it's time for me to start thinking about me so I'm trying to get my mind into that frame where you know I'm just concentrating on better in life for myself now
-0.20	+0.04	 find out what I had due to doing the day is no problem but I sometimes worry about the next day in about you know what's going to happen or how I'm going to handle it
+0.01	+0.00	 I thought you know you sometimes get the dreaming about how thing is going to be in if it goes to the world
-0.12	+0.12	 you know the dream leads to Didion or a bad situation you'll wake up from it it's not considered a nightmare but my body I wake up
+0.06	-0.00	 emotionally unstable but I don't have problems sleeping if I sit too long in one spot and I know that I'm going to be there for more than 30 minutes I can go to sleep it's no problem for me
-0.08	+0.09	 I really can't think of any way to slow down a floor that would be my daddy I mean you know he's made it to life and then made a lot of good things for people where you can sit back now and not really worried about things you know he just taking his last few days once you know one day at a time in a sense he really concerned about how I'm doing because the time of the seasons I made you know when it gets to the point where I ran into a problem I'll call him and give me advice about it and sometimes I don't do what he asked me to do or tell me to do it make you mad you know
  [INFO] Predicted PHQ-8 score: 0.0

[20:32:11] → PID 718
prompt: +0.22	+0.09	 I like the weather in general it does kind of hot and sometimes it's a little overbearing but I like that you could go from the beach within an hour to the mountains with their self so that's that's pretty that's that's pretty diverse I guess I like that
-0.34	+0.12	 an unbearable also don't like the the weather conditions given the smog and so forth which can be a little bit if you live in the valley it's just me I was just a big Heat ball be a little bit unbearable as well
+0.01	-0.03	 I used to travel a lot I used to when I was in the Army I lived in in Germany so I used to travel every chance I could take over every weekend I would travel throughout Germany now so much so I don't travel this much since I'm still married and so forth but I used to travel more or less more International than than anything
+0.20	+0.09	 I mostly in George's hanging out and meeting new people I also I love history so when I remember when I was in Prague I would love taking a reading about something in the context of my travels and and and and applying at to the the current meow Museum or whatever I remember when I went to South Africa when I was in Cape Town at the same thing you did you know you're reading a lot of books in the contacts and then you go and you see it and it's like well you know it's not just getting it off the internet or anything like that so I enjoy that
+0.21	+0.09	 couple years back I was in South Africa and I was doing research for for for college until I was there working for a private Equity Firm and even before I got there at Nelson Mandela's book with 500 page biopic kind of thing in action making it to the movie but I read it and I was like you know I'm going to check this out so I went to Robben Island which was pretty cool where it was Kept For about 25-30 years and the city reminds me of San Francisco and if you're going to San Francisco but the city reminds me of San Francisco steep Bluffs right off the coast of the Indian Ocean there but I enjoyed it I had a I had a great great time taking in the sights and you get to see a lot of the Dutch Colonial stuff and you know and all that kind of just mix in
+0.01	-0.05	 I kind of had a minor in military studies are military science is what it was called and undergrad but for the most part I studied finance and in grad school I studied Finance and Accounting
+0.12	+0.11	 my dream job is to be JJ Abrams so that's my dream job actually I would love to do just got to do something more creative flashlight but I consider is creative is is is the thing that interests me is because you get to create all these different packages and bundle them and derivatives that's no different from writing to me you know so it's the same thing so I just want to do something that's kind of creative and that's kind of aligned to just looking at new things in a different way and that's the way I've always been
+0.03	-0.02	 I'm in general Eminem Morven I'm more of an outgoing kind of guy that's just but you know I don't mind you know when I'm home I'm kind I don't turn on the TV and and do whatever I'll pick up a book and I'll read a book as opposed to you know
+0.03	+0.00	 why because the other stuff doesn't seem it's interesting you know I think there's a lot of things that are really interesting and and and and and usually using your imagination and then picking up a book it's just kind of raw it's just you know Sun filter kind of thing so that's that's me
+0.18	+0.08	 have a wife and kids I also have a family is back in Alabama and Georgia and for my immediate family we we know I have to divide my time between that my only interest in my family but we do a lot of great things that are centered around the kids my wife is moral as an East coaster so she's from New York area so we do things that are
+0.17	+0.06	 turn around her and him do things for the kids cuz the kids have interest so we I just tried to balance it and I have my stuff do some kind of last but we do have a lot of diverse interests which is great
+0.04	-0.03	 I I like I think I'm pretty good at controlling my temper I'm more of a laid-back kind of guy I mean I'm that kind of guy you know I'm a little bit you know you just you know at some point you know it enough is enough but I I'm pretty I'm pretty polished and how I have done you know you know being an army been an army officer when I was in the military and going through all the cadet training and stuff you really do a lot and how they interact with management and so forth so I'm okay with track with my temper and everybody has their breaking point and what I do to relax I like to go for a walk mostly I like to be outside
-0.06	+0.02	 I probably shan't argue with ya sure I could say I argue with my wife and it probably was about something related to the kids are the kids in money or something like that we have kid at for kids and integrate kids but but kids are a little expensive at times and then so I don't remember what it was but it was a ballet class or something like that and it wasn't necessarily free I'll put it that way and you know so we can if we had an argument about it because she was just one of those things where you know my wife you know you know you know if she if the kids has an interest and anything related to anything you say let's let's invest all of this in it and it's see what happens after while you like okay fine
-0.29	+0.13	 okay that's even the hardest decision I've ever had to make was when I was in the Army and I had to fire someone who has been in the service for 15 years that was pretty tough because this person went out and he had I guess made a bad decision you had a DUI and he had the family and he had people that depended on him and we had to remove them from this position and I was a junior officer at the time and I wasn't charged with with doing the firing so it's kind of weird size you know if someone you go out you have beer with there a drink with than and actually you know you got as far as first so that was hard because you know it's one of those things where are you
-0.08	+0.04	 you really wanted things about the military at you you always hear the stories of where you shouldn't I guess been an officer you shouldn't be so involved with your peers are your subordinates and that's what the thing and it's it was true for me because I I was a cool laid-back kind of guy and and when it's time to make decisions like that their tot interpersonal because you you realize that you're affecting someone to livelihood and and that stuff
-0.13	+0.02	 the older I get the older I get I'm just more like you know inpatient about certain things you know just get you know you're you know you think that when you're younger or more
+0.44	+0.26	 I felt really happy I can say last weekend although I did have some down on me but I took my is my wedding anniversary and I took the wife and kids went to Disneyland and I guess it is a happiest place on Earth whatever but really young age where everything is you know you know everything is fun for them so that that makes me happy
+0.15	+0.05	 my mom is been a positive influence in my life I did mention a group in Alabama group in a single-family household and she's always been encouraging and I think when they're so much discouragement around in many different package
+0.10	+0.07	 they have someone that supportive it's always great you know it's always good to have that in your corner because you you going to get it you going to get rejection enough so but to have someone support you and your decisions is always good
+0.36	+0.26	 I like when my kids now my oldest kid you know wants to show me something you worked on it's cool I mean I think that's great and he's eight and then it's just great and it's good because one day he's going to grow up and he's going to have a kid of his owner of a family of his own and so you know I I think the best thing I can do is give him that example of what it's like to be a dad and to be responsible that's something I never I never had I never saw so I'm kind of it's not like I have a textbook to go back in reference or anything but I think you know it makes me proud because you have little Minds that you're shaping you know a little people that that see what you're doing and and and that kind of want to be like you so that's kind of cool/Users/kevinawang/Documents/GitHub/VA-classifier/src/utils/util.py:27: FutureWarning: You are using `torch.load` with `weights_only=False` (the current default value), which uses the default pickle module implicitly. It is possible to construct malicious pickle data which will execute arbitrary code during unpickling (See https://github.com/pytorch/pytorch/blob/main/SECURITY.md#untrusted-models for more details). In a future release, the default value for `weights_only` will be flipped to `True`. This limits the functions that could be executed during unpickling. Arbitrary objects will no longer be allowed to be loaded via this mode unless they are explicitly allowlisted by the user via `torch.serialization.add_safe_globals`. We recommend you start setting `weights_only=True` for any use case where you don't have full control of the loaded file. Please open an issue on GitHub for any issues related to this experimental feature.
  model.load_state_dict(torch.load(model_path, map_location=device))
Participants: 100%|██████████| 56/56 [07:51<00:00,  8.00s/it]Participants: 100%|██████████| 56/56 [07:51<00:00,  8.42s/it]

  [INFO] Predicted PHQ-8 score: 0.0

Participants evaluated : 56/56
MAE                   : 4.125
RMSE                  : 5.433
