Participants:   0%|          | 0/56 [00:00<?, ?it/s]Participants:   2%|▏         | 1/56 [00:04<04:21,  4.75s/it]Participants:   4%|▎         | 2/56 [00:12<06:05,  6.76s/it]Participants:   5%|▌         | 3/56 [00:19<06:03,  6.85s/it]
[20:22:11] → PID 600
prompt: there she is coming to go ahead and Shrink her back down while I continue setting something's out okay
 I don't know what that means
 about a week ago my husband over cigarettes
 she wants to stop and I don't
 I dropped out when I was in 11th grade
 I would like to become a famous poetry writer
 when I was little I used to play with my friends and we should have fun
 can you tell me about
 I used to be a drug addict and he'll help me overcome my addiction
 I'm not attending therapy right now
 I'm not going to be right now I don't go
 I'm not comfortable talking about this
 I don't feel comfortable talking about this
 I helped me a lot
 no one to do anything
 erotic poetry helps me a lot
 when I get inspired I just start right riding what's on my mind
 yes it's been a big change I feel happy hour now
 I just go lay down and just to the music for a little while and you'll fall asleep
 I don't know I'm just in a happy mood today
  [INFO] Predicted PHQ-8 score: 2.0

[20:22:16] → PID 602
prompt:  I don't like people to walk in front of me don't excuse me cut me off in traffic when I'm driving I don't like a Tailgater little small small, small remarks that people make them upset me I just don't want to be I'm Easily Aggravated so I don't have to be aggravated
 I'm pretty good at controlling it sometimes but at times I can get very irate so I'm working on that right now
 do I have an argument almost a year but when I did it was over a girl that was my ex boyfriend it was over female but it's over now so I haven't had any real argument since almost a year
 right now I'm a homemaker I don't work at all I haven't been working in about 3 months now was laid off but I was doing receptionist work so I'm currently looking for employment at this moment
 my dream job is all my own design Graphics computer shop which means I'm when you do your you grab your designs online and you send them to different distributors and what they do is they approve or they approve or disapprove what you put they like or dislike about the design so they went ahead with it they'll buy them for me and then they'll go from there
 when I was with my daughter my mom it was very delightful we stay from was 2 weeks and it was not even two years ago it was very very nice and I wish I can go back to the beaches for beautiful the food is great the blue owls are great at night it was really really nice a great experience
 my parents my grandparents who have now gone there if they're past but they were a very positive influence in my life my guy friend that I'm dating now he's very positive in my life so
 I don't right now because I'm living with my mother step dad I'm trying to move someplace on my own now but it's kind of hard not working at all so I just have to wing it out so I can do better
 just always feeling down and out cleaning myself in not want to be bothered with other the outside world just a little mood swings and just can't sleep at night all all kind of little stuff that kind of got me feeling like something wasn't right about me
 reason why I feel like it's helping me is because the lady NYC there the therapy place she's very nice she she's willing to help out in any way she can she's almost to be like a psychiatrist she's very good I mean she talked to me about things encourage me to what not to do what you do to help calm down to feel better and she's very nice or all-in-all I always leave their confidence all the time
 affected me in a great way I would never say negative because I like like I said it goes back to the helpfulness after scene from The Lady and I'm a therapist and
 the different ways I was coached on how to improve my lifestyle to avoid the problem that I do have right now or suffer with so that's how it affected me that way
 the attitudes and mood swings can't sleep at night depressed all the time no outside company at all didn't want to be bothered with anybody friends or family locked up in my room all the time halfway not wanting to eat or overeating it was just a lot
 maybe like any little thing would trigger me off like somebody say something wrong to me that I would think was wrong it would just figured I would just get triggered and just snapped for no reason it's just I don't know what would cause it besides that
 well now I'm doing I'm coping with it by not snapping his medicine just trying to stay calm and I just need a lot of positive environment around me not negativity that helps to so with that being said I just kind of maintain and keep my high self-esteem up is As much as I can
 yes I have very positive thoughts very positive behavior much better than what it was very big improvement from before
 it's not very easy but I try but for the past few nights I have a sleepy the full night so that's a positive for me
 yesterday that we see something was up over the phone and I was happy the whole day I'm still kind of happy about a tattoo so that was very good for me
  [INFO] Predicted PHQ-8 score: 12.0

[20:22:24] → PID 604
prompt: I passed out to make sure that our audio recognition system is working so if you could just say
 I'll pray to speed dating I'm 604 my name is Justin
 and you catch everything was only home and I wasn't even thinking about that
 doing okay I'm a little tired
 I don't really buy that too much
 what do I do when I'm annoyed I usually
 think about the situation and see if I'm really annoyed or if I'm just having a
 I'm pretty good most of the time I don't think I get angry often
 I think it was I was arguing with my girlfriend about moving out
 what do you do now I'm an actor
 not as often as I'd like
 I don't know how to answer that
 I'm pretty close with my family
 what do you want to know
 a little short but I think that's just due to being tired
 no this is been busy lately
 no not down not depressed just
 not easy lately but I think after this week I'll be able to get better sleep
 a little more cranky than normal a little more introverted
 on the fact that I don't remember
 loyal creative likes you know extroverted
  [INFO] Predicted PHQ-8 score: 2.0

[20:22:31] → PID 605
Participants:   7%|▋         | 4/56 [00:42<11:21, 13.10s/it]Participants:   9%|▉         | 5/56 [00:45<08:00,  9.42s/it]Participants:  11%|█         | 6/56 [00:51<06:45,  8.11s/it]prompt: remember to bring up a virtual human for a second here he's been here
 I'll just let you know the way it's going to work as I'm in a I'm going to leave the room and she's just going to ask you some questions and then when she's done she's going to say goodbye and then you're going to press this button
 I just saw I heard in the background blurred on TV about the use of robots robots in with autistic children
 the weather and that it's a little bit laid back some people say that in terms of musical beat LA to little bit behind the beat or just little laid back
 it can be some people think that it's a little bit surface in terms of people's attitude I don't run into that that much I can't say that there's much I don't like these two days recently
 there's a meditation tape that has a fire burning in the background and then kind of stress reduction dialogue I listen to that
 people being inconsiderate or unconscious about their effects on others
 when people will drop trash without any regard and leave it for somebody else to pick up
 I tend to internalize it and try and move past it
 it's been a long time that I can charge me to recall
 I think as a family dispute we were just talking about a disagreement in terms of understanding out something was taking place and having different points of view
 most recently as a cost and risk analyst in the construction industry
 I love seeing new things and new experiences meeting new people
 I think reasonably close I'm a little distant right now just cuz of circumstances
 oh just somebody who is an example of a way to move in the world and a compassionate manner
 not just having a persistent low mood and wanting to find out what that it was about
 just an improvement in my ability to recognize some changes in my emotional state
 it's improved my ability to move through various emotions as they occur
 I'm sleeping too much not getting the same pleasure out of things that I normally got pleasure out of
 process it go through and think about it and work my way through whatever issue it is
 within the last couple of weeks I can't think of it the exact. Or occasion but
  [INFO] Predicted PHQ-8 score: 7.0

[20:22:53] → PID 606
prompt: hey I just got it I just got a new so okay so
 now there's a new phone so it's kind of hard to kind of like two trippy
 so is Sheba psychologist and a psychiatrist psychologist psychologist and then what is the other one
 and then the other one is not
 is that my phone I thought I turned it off
 I'm going to bring her back up again
 and then you going to press this button and let me know okay
 back in the 70s
 I want every 5 years
 tell me the weather
 can't can't think of any right now
 all right I guess
 yeah that was weird
  [INFO] Predicted PHQ-8 score: 0.0

[20:22:56] → PID 607
prompt: bring her up for a quick second here
 bring her back down as I can when I leave
 I like the weather I like the beach
 lots of people on two different people
 I'm either running my own nonprofit organization or having my own blog
 I'm making that money off of it
 I'm going to care for it at
 when I was in high school I went to Ethiopia with a youth group and that was probably the most memorable
 yeah they're not physically but pretty close
 I mean my parents have they've been there very good parents
 well my dad and I didn't get along for part of my teenage years and same with my mom but as I got older and appreciated their advice more and their opinions I see them as you know having valuable impact in my life
 I'm trying to find a place to live right now so not the greatest right now
 while I was in a car accident and and then it was too hard to drive and stuff so I went and saw someone
 I'm at how it helps when I was going not going at the moment
 it's just good to prevent to have a someone to talk to you but it's not biased
 had like panic attacks anxiety about getting in the car driving the car being in the passenger seat someone else is driving if they broke too fast
 while I was in a car accident where a drunk driver hit me and I had to
 get I mean I was injured the physically but also had some the post-traumatic stress and anxiety coming from that
 it's gone away it helps time helps
 when I don't live in the same place where it happened anymore
 I think I'm just as stressed out as I have been for the past several months
 yeah I would say for the past several months
 well before it was planning to move then I moved and my husband is not with me he's still in Wisconsin
 and now I'm here by myself and financial stress huge
 yes I want to trip to Texas for the NBA finals and my husband and I got to see each other there so that was fun it was just good to get away
  [INFO] Predicted PHQ-8 score: 3.0

[20:23:02] → PID 609
Participants:  12%|█▎        | 7/56 [00:54<05:25,  6.65s/it]prompt:  mawamba Children's Choir from Uganda to the VA grounds on August 3rd to open to the public lots of good food and entertainment we're honoring World War 2 veterans so I'm going to send it to her for everyone it's there's no charge and if you want to get a preview go onto YouTube and look at mawamba mwamba mawamba children there may I saw them a month ago and I said I got to find a way the first time ever on the west coast they've been in the United States on east coast once before and they are 20 of them from 9 to 14 Summer from an orphanage summer have their families and to just the energy if it is totally a man blew me away I watch 400 people's jumping to their feet cheering as I have to bring that to the veterans so they're coming they'll be at the Seventh Day Adventist Church sometime middle of July they'll be at the veterans home where I am
 the 18th of July and then they'll be out on the Great Lawn on August 3rd so it'll be the August 3rd event and crate they're bringing a trailer ring in BBQ for everybody and it's going to be a wonderful time we have anything will send it in or you're more than happy and I okay at night I don't think I do but I met you sent me an email and I noticed you have the military would have to understand it from West Point okay and they would I mean that we're going to have generals were going to be on during World War two people they might love to come oh yeah
 people first and foremost I'm very involved with the veteran community and I'm a chaplain answering my 52nd year
 and travel to France Spain Morocco live in Germany is part of my chaplaincy service it was unbelievably exciting
 visiting SEC liqueur in that my Mart in Paris on my first day in France in Europe
 what do you do now I'm retired but I'm still very active as a volunteer at the prison in Chino women's prison and I can deck services at
 actually I've been living my dream job since I was 17 years old serving in the chaplain city as a Jewish chaplain is what I wanted to do from the time I was early five or six years old I want to become a rabbi
 why because I'm able to be dropped into a room of 500 or a thousand total strangers and get to know them and have them get to know me without discomfort
 my she's been there at the light of my life my entire life I have a brother and sister-in-law and living back in Boston my parents are deceased
 sometimes when I'm feeling 10 I turn on the fish tank screensaver hey I know it's not Hawaii but it's the best I've got
 I actually have a fish tank and aquarium and instead of turning it on and seeing Virtual Fish shine watch the real thing
 dating someone and I thought her language was inappropriate and at first I thought I would say nothing and then I decided I should tell her what I was thinking and so I did
 the last time I saw my former wife she has created some legal problems for me and
 I felt she was totally wrong and out of line it's been a very difficult and acrimonious divorce took 13 years to resolve
 that I in the last few years have not spent as much time with my daughter I was quite ill and ended up having open heart surgery and that was time when really she was abandoned I was always there to be buffer between my former wife and my daughter and when I was suddenly taken ill took me about two years to really become healthy again and during those two years she had to fend for herself from the ages of 15 to 17 difficult time for a daughter to be on her own with the mother who
 that was the hardest decision ironically was going to do I have the surgery now and try to save my life knowing that I would be abandoning my daughter abandoning in the Lesser sense of the word we were still in contact but I couldn't be there to run interference for her or put it off and maybe suffered the consequences so I I made the decision to have the surgery
 the only real negatives in my life have been in connection with the divorce I never thought I would be divorced I always wanted to be married and have four children and the white picket fence now I got married and I had a child and had the white picket fence actually built it
 adjusting to divorce I never thought it would have I nobody in my family on either side has ever been divorced
 17 I was going to go to Hebrew Union college-jewish Seminary in Cincinnati Ohio the war was raging in Vietnam and there was a need for chaplains and I was asked if I would serve and so I did and I originally thought it would be two years and then it was three and it was a four and then they had more time shows for years and two months I don't regret a day of it
 unfortunately I served in Europe not in Vietnam I was never shot at I never had to kill anybody but I really enjoyed my military service
 yes going into the military was an opportunity for me to travel the world and do what I love doing and I've continued doing it for the rest of my adult life
 but it was the luck of the draw when you put on the uniform you go where the government send you I could have just as easily been shipped off to Vietnam about 55 of the 60 people with who like trained went to Vietnam and fewer than 50 returned
 very easy because of the type of service I had it was as close to Miller cech's civilian life is one cat have
 started a business ran the business and while I continued as a volunteer chaplain and I've been doing that I still do it to this day
 it didn't change me as much as it allowed me I guess it did change me at a lot of Peter broaden my horizons here I was coming from Boston basically a kid and I find myself traveling the world and in a very responsible position conducting religious services and teaching and working with other chaplains of other faiths a lot of interfaith work in the military
 marvelous experience I don't know anyone else who's ever done it quite the way I've done it
 I hold the record in Europe for on Passover we had 16 Passover seder is in 8 days in five countries
 I got a feeling good I've been very fortunate since having open heart surgery I've been relatively healthy and I'm very involved in the community and I enjoy every every aspect of that sometimes it's very tiring but it's a good tired
 have you noticed any changes in her behavior or softly I don't understand have I ever done what
 how easy is it for you to get a good night's sleep very easy I usually retire about 11:30 12:00 at night and sleep through for 6 to 7 hours
 and it's usually as a result of being ill if I have the flu or cold or whatever then I'm sluggish the next day or for two days but I'm usually able to bounce back
 you're asking me questions that I've already answered that I've not been diagnosed with PTSD so they're not triggered since they don't exist
 turn of the frustrations of dealing with it a virtual person is your pre-program just so you're not asking the right question
 many of the veterans with whom I live in work I have had extensive therapy and it's proven to be very successful
 went to a birthday party there somebody 85 years old and there was a great great granddaughter who were just celebrating her first birthday
 all of them 20 or 30 40 years older than I and that's I was growing up they were my mentors
 follow through if I start something I finish it and if I make it commitment I honor it
 I'm connected Services a week ago Friday night and then this past Friday conducted services at my own community
  [INFO] Predicted PHQ-8 score: 1.0

[20:23:06] → PID 615
Participants:  14%|█▍        | 8/56 [01:00<05:00,  6.26s/it]Participants:  16%|█▌        | 9/56 [01:02<04:04,  5.21s/it]prompt:  well the weather is fairly consistent I like the surfing probably the most I like about it allies the surfing the beach surf can't do that anywhere else
 you're a different culture than the East Coast education's more valued back East so what I don't like is probably the personality is people here in traffic
 not currently but I have traveled a lot in the past but currently not really traveling
 changes the environment seeing different yo meeting different people that different cultures obviously depending where I'm traveling from traveling to Orange County it's not an entirely different deal in here but I mean like your upper would have would have you just different cultures different environments seeing different things
 David I've been to Europe many times in 2003 I went to Europe for several months just traveling around and I went to places I've never been before like Scandinavia and parts of Eastern Europe and I was interesting cuz I'd never know the typical Spain Italy London France trip I've done a million times but I've never been to Scandinavia which is a little bit different than Western Europe and obviously Eastern Europe is very different to
 okay not that particular trip but running with the bulls in Pamplona Spain that's very memorable which is actually going on right now as we speak
 equipment my main job that is my main job so I guess it's Logistics you can call it so basically the logistics of moving goods from point A to point B Freight forwarding you could call it
 because I am not shy I can talk to any stranger in a room on the street I'm not really afraid of people that I'm I'm not nervous or afraid so I'm comfortable talking to strangers
 not that I'm going up to every person on the street and having a conversation but if I'm at a party I don't know anybody I can strike up a conversation very easily
 it's good. But I'm the only one out here my family lives on the east coast and in abroad so but with technology it's easy to communicate with the email Facebook Skype so even though distance wise
 whatever like to yeah I just to relax and avoid stress I go surfing big stress reliever
 I go surfing and it's pretty intense pain can be dangerous and that relaxes me
 cuz what I'm in the water and when I forgot whenever I was stressed out about
 enough looking it up screensavers going to do it for me I got to do something physical
 you know for real for my buttons to get pushed they really have to get pushed so I don't even have a temperature control so
 action the excitement there is a war a conflict going on and it seemed like the right thing to do with the time and
 like that was more of an important thing to do then yes it in a job working
 it was easy I mean the transition was easy after I made a transition by going to graduate school after the military to ease into that transition and that was a that probably made it easier than going right for the military right to civilian life so I had a transitional phase for several years
 go after the military I'm sorry after the military went to graduate school and then I started working
 I wouldn't say it change me because it probably just fine-tuned whatever I had I was an officer and so you can't let go in and you're not going in when you're 18 you're going in after college so you got to have a little bit of discipline to go in and especially the branch that I went in so it didn't radically change me it just basically you know fine tune me
 you couldn't go in if I maybe if I wanted 18 it would have been something different but it did just fine tune me
 but I've been feeling fine I give you stress just looking anything but I intend to have a good way of managing stress
 cuz I guess I'm used to the stress so I can guide have learned to manage it well
 it's easy and other times extremely difficult so I'm Hit or Miss. I wouldn't say it's always easy for me to get a good night's sleep but
 hit or miss so it's like every night I can't go to sleep but I
 if I work out enough and surf enough I'm tired enough that I just sleep regardless so I guess it would say it's moderately easy for me to get a good night sleep
 otherwise I'll have too much energy too much on my mind that I'm able to go to sleep if I
 worked out enough surf for 4 hours 3 hours literally I'll be so exhausted that I have no doubt I'll fall asleep on the couch so
 if I don't I'll have a lot of energy and I'll get antsy and I have a lot of thoughts going through my head when I'm laying down at night. It'll be hard to go to sleep because too much stuff is racing through my head
 so what I got to do what I didn't do what I need to do
 I don't sleep well I just I'm probably I wouldn't say I'm like you're the bull I'm not an irritable person but I just feel like crap so I'm probably not as happy when I don't sleep well
 can I get a good night sleep and my body feels like crap if I don't get a good night sleep
 you tend to eat at me personally I tend you eat worse when I don't get a good night sleep
 but I got an answer the question probably don't know about a month ago I when I caught a really good big wave I felt really happy when I cut this big wave
 yeah I'm never upset or pissed off when I'm surfing I'm very happy when I'm surfing if I catch a big way very happy
 oh yesterday I can say surfing again but I'll keep repeating myself yesterday I went to Hollywood do a independent bookstore where they had a book reading and I was kind of cool
 physical abilities I'm very proud of so I've worked hard to be able to
 yo I do what I can do surfing and other things I'm a very good athlete I'm proud that I'm a very good athlete cuz I worked hard to be a good athlete
 yeah. I guess I'm proud that I'm an intelligent person to not just whatever born with an innate intelligence but fairly well-educated that and I worked hard for that so I'm proud that I'm an intelligent person
  [INFO] Predicted PHQ-8 score: 1.0

[20:23:11] → PID 618
prompt:  what are you going to go out there
 so I'm going to
 ignition to recognize what you say and
 so that she can also
 what school in New York to go to
 are you from the area
 so she could ask you a series of questions and when she's done she should say goodbye and then you can press a button man
 near Pennsylvania Great Lakes
 the diversity the coacher
 Bender Costa Rica spray beautiful and nice
 down there I went white-water rafting pretty fun
 I have my Master's in education
 I like it I like teaching it's so good job
 it's okay probably better
 Parenthood in Ohio Stow
 repeat few weeks ago
 the tire when I was younger college running discipline
 for the most part
 came back in and work to a job
 help me grow more mature
 you're going to write I suppose
 I can't think of anything different
 I think it was like
 two or three years
 fun experiences they just give me drugs and up the dosage
 I don't know it's just I've heard that question many times and I don't I can't think of
 I know if my daughter is supposed
 well she's 2 and 1/2 she's great she's fun most of the time
 yes but I don't know if we're still everything still
  [INFO] Predicted PHQ-8 score: 0.0

[20:23:14] → PID 619
Participants:  18%|█▊        | 10/56 [01:10<04:39,  6.07s/it]prompt:  I love the weather the diversity of the people that are here and just a sense of Entrepreneurship that you can accomplish anything if you're from LA
 sing something new I would like to see everything that my eyes can explore so experiencing new cultures and new environments
 okay the last trip that I can think of that I went on was to North Carolina which is somewhere that I lived before I went back to visit for a weekend and it was kind of like a party welcome home back time and then I came back to LA
 having my children I was I would probably be the most memorable experiences I've had I had both of my children natural childbirth without any medication so quite memorable
 in high school I was in a music Magnum I was a dancer and I sang a bit but primarily dance and in college my major is business with entrepreneurial I don't know I've stopped in college right now but I want to pursue business
 primarily stay at home with my newborn baby while she's not a newborn she's 9 months now and I just work part-time mostly from home
 my dream job would definitely incorporate helping people on some type of platform may be working for a non-profit but where I could really juggle and balance being at home taking care of my family and incorporating that with providing a service that provides income
 I make direct eye contact I'm not afraid to engage in conversation with people I enjoy meeting new people and conversation so I think that just really being willing to actually go out and talk and Explorer makes me all going
 I have my mother I was raised with and my sister will 10 years younger than me those remind me dear family and my own family as I have a 12 year old son a 9 month old daughter and my boyfriend is my current family that I live with and I'm very close to my family
 I do like to read sometimes it definitely listen to music same thing just try to get my mind away I enjoy all types of music or sometimes I play games on my computer or just playing with my kids
 needs Improvement for sure I think that I displayed too much email emotion be a good or bad so I was have a little bit of a temper
 the last time I argue with someone was over the weekend and it was with my boyfriend and it was really about contemplating breaking up and moving away from each other
 in most arguments when I reflect back the main thing that I wish I would handle differently is not losing my cool controlling my temper I wish that even In the Heat of the Moment that this is the temperament and type of communication that I use
 I guess making what I feel like our bad decisions not being able to provide enough for my children or not feeling like I am where I'm capable of being a should be at this point in life
 whether to go to a memorial for my aunt or to work that I guess in retrospect wasn't including but really it was a decision for me on business or family and I chose family and it's made me
 an event or space or something I could have raised for my memory would be a 911 the whole experience of 9/11 and I wish I could erase it for the entire country
 I got being born and raised in Los Angeles I kind of feel that a very free spirit and I'd say maybe hippie personality and when I graduated from high school I just felt that I wasn't reaching my potential and thought I could help myself by trying to establish some discipline I thought that was something that the military put off for me and it did
 support for the air portion of the war was being it's his was being it happened it was happening from Saudi Arabia
 not very easy I think that was a very very hard time or scary time to be away from my family my son was only 12 months when I left 13 months when I left at the time it was very hard to adjust to get back to establishing trust with him again and just from being gone for 4 months it was difficult to readjust with such a big thing that had affected our entire country and in the entire world
 after the military I started working for the restaurant industry I became a restaurant manager and eventually a training manager and ran I'm training for a restaurant for for the house and back of house employees all aspects of the restaurant
 aggressive I don't know if that's the best word to use may be confident I'm very aware of eye contact paying attention to detail and timeliness things of that nature I'd say the positive factors of the military are being very disciplined and again paying attention to detail
 lately I've been pretty hard on myself I haven't been working much just taking care of the baby and I'm really really trying to figure out which direction I went next in life howling forward
 I feel like I need a lot more encouragement I feel like I'm a lot more needy and clingy Than I Used to Be however at the same time I've been isolating myself a whole lot more than I usually do
 it depends on what's happening with my daughter if my baby is awake I'm awake when she sleeps I sleep
 you know I've been talking to a therapist for about the past 3 months I have not had a full psychological evaluation but she definitely said I was just playing fine of PTSD depression and anxiety
 definitely what I had my baby 9 months ago really happy lately I can't think of an exact time or experience
 my grandmother has been a very positive influence in my life my mother have expended a lot of strong women I look up to have been very powerful influences on my life
 well on the 4th of July I took my baby out to the park and just played with bubbles I know that's a little but that really makes me happy spend time with my kids and just being in the moment and being still and feel like I have no needs to be met just enjoying my time with my children
 I am most proud of Taking Chances even though I think I'm hard on myself sometimes I think I've been very courageous I joined the military young Ace I left my family I moved to different parts of the country by myself I most proud of myself for Taking Chances
  [INFO] Predicted PHQ-8 score: 6.0

[20:23:22] → PID 620
Participants:  20%|█▉        | 11/56 [01:13<03:46,  5.03s/it]Participants:  21%|██▏       | 12/56 [01:18<03:34,  4.88s/it]prompt:  oh okay my cousin went Upstate but Cornell he has a beautiful waterfalls blah blah blah
 he was he was the lawyer for the deposed Governor Patterson of New York
 she's at an angle which is okay but I'm just going to just observe
 I've been doing it for 6 weeks and the technology failed us every time except the last time
 are you running three or four rooms at the same time
 I am extremely happy to be in La I'm extremely happy to be not on the East Coast so I'm going to say that I have no complaints
 I pretty much live in a village and my Village is a couple square miles and
 I travel by bicycle and I enjoy the fitness that I drive
 I have the same trip everyday jump on the bike by Sunset Strip roll to my downhill to the farmer's market for lunch tell three more miles uphill to the post office and shopping and roll down Sunset back home again
 I used to attend the Little League World Series and that was a memorable experience
 I have involved in politics and writing and I just launched an internet radio show
 it might be reasonable to say that I have that dream job right now in terms of I'm fully immersed in the media and I have an outlet
 I'm a pretty perfect combination of both but I'm not going as a public persona
 well it is necessary to be out going to communicate to persuade to function in society and to entertain and to have Lively up friendships
 I'm the oldest of nine we're in pretty good shape I talk to my brother John each week my sister Mary each week my sister Patty each week my sister Dolores every couple weeks so what we're in pretty good shape
 watch MSNBC I watched all of them any of the political shows
 but I would say that I'm okay if controlling my temper I I don't have fights and I've never had any trouble with the law so perhaps I'm doing something right
 oh I had a minor disagreement with my brother last night just about
 the Dynamics of the radio show and the concept of a permanent co-host versus rotating guest hosts and we each look at it differently and I really didn't fight with him I let him have his opinion
 nothing really leaps to mind I am old enough that I
 well that's the hardest decision I ever made was the easiest decision I ever made which was leaving the confines of the East Coast traveling 3000 Miles without family or friends because it was important to do for to fulfill myself
 you know it's hard to respond to that because even negative images and experiences I learn from you know I'm going to be philosophical and say I'm happy for
 it was not much of a decision that was essentially a forced on me and others we had a draft at that time
 did I see combat we were rocketed and I was never a med Evac hospital I've seen
 don't know I went back to civilian life I worked a job and went to school and function
 I came home to Pennsylvania finished my college and and then moved to California
 I didn't quite hear that one how did the military treat me fairly and I got to the benefit of the GI bill for my education and I currently have the medical benefit of the VA so I suppose the deal worked out favorably for each of us
 I'm getting more done being more productive and more fulfilled lately
 when I typically do sleep well if I don't get enough sleep it impacts my day of course
 I felt really happy on Sunday having achieved a radio program and I got on the internet and shared it with my friends
 gave me my first job and radio and up to with a wonderful thing
 you might have to ask him I think people find me pretty upbeat cheerful enthusiastic they certainly would say smart
 10 mile bike ride in the Heat and I'm happy that I'm physically able to do that
 that I have survived the most proud that I've survived all manner of dangers
 and I have endured I have persevered I'll even be bold enough to say that I have a Triumph
  [INFO] Predicted PHQ-8 score: 0.0

[20:23:25] → PID 622
prompt:  would love to learn about you I'll ask if you
 what are some things you really like about a lie
 I have traveled extensively in the military and driving truck cross country
 seeing the sights of the world and the United States
 one of my most memorable trips was the first time I went to Germany
 and I was in the Army in the American Army but I joined an American army or German army
 what you study at school what most guys study
 what do you do now I've retired from the military from driving truck and Social Security
 I figured if I can make it this long I must have some luck with me
 they're just being my sister and an older brother left my parents are both dead my grandparents are dead
 I get along real good with my sister our brother lives up north we have some communication with him but not much
 when was the last time you argue with someone and what was it about last time I had an argument
 what much of an argument it would just
 where are you I wanted to go to dinner and where she wanted to go
 she still wants to go out on dates and I try but
 I've been out of the area for 50 years I just moved back 2 years ago so she knows wherever everything sat and I'm still trying to learn it again
 can't think of any right off the top
 tell me about the hardest decision you've ever had
 DARS decisions that I've ever had to make
 you're going a little fast for me but the hardest decision I've ever had to make was saying goodbye to my dad
 have you ever served in the military yes
 how old were you when you join the military
 well I was a mechanic for a while worked in Supply
 I turned my last ten years I was a military policeman
 how is the weather for you to go back to civilian life I miss the military for a while the the discipline but I kind of got over there
 I was a deputy sheriff for a while then I went to drive a truck local then I went to drive and truck cross country
 pretty good and a little bout with with cancer and that's been taken care of that's partially why I can't talk real good
 I exercise everyday I ate good and I do just about whatever I want to do
 have you noticed any changes in your behavior or thoughts lately no excuse me
 how easy is it for you to get a good night sleep
 you go to bed and go to sleep all I can do is lay down and close my eyes
 what are you like when you don't sleep well if it's too warm
 sometimes I'll wake up and it'll just be too hot I'll turn on the fan go back to sleep
 when is the last time you felt really happy and really a penis
 and I've been with her ever since and I've been happier since I met her than I ever have in my life
 who's some of it's been a positive influence in your life
 something you did recently that you really enjoyed
 I really enjoyed going to Julian with my lady this last weekend had a blast
 what are you most proud of in your life
 okay I think I've asked everything I need to
 thanks for sharing your thoughts with me okay bye bye
  [INFO] Predicted PHQ-8 score: 0.0

[20:23:29] → PID 623
Participants:  23%|██▎       | 13/56 [01:23<03:37,  5.05s/it]prompt:  I sometime like the fast-paced of it I like the weather the beaches and I like the opportunities that you have here versus
 any other cities that I've been that I lived in so loved the weather is nice city to live in
 pretty spread out city is hard to kind of get two things if you don't have a car that makes it hard and the mass the transportation here is not as good so are those are just a few things that I I don't like about la
 what I enjoy about traveling is boarding a plane and going somewhere that you possibly never been before I like the idea of where you going you may experience new things meet new people and just a overall fact of getting out of your environment
 one of my trips is been such a long long time ago I went to your particular I flew into Belgium that was a great experience and I went to visit my brother that stayed in Belgium Brussels and I was over there for two weeks I got to visit I actually drove from Belgium
 why didn't further my education in college but I did finish high school and some of the subject that I liked and I was in high school was I love American history
 and I enjoyed science stairs with some to a my top subjects when I was in high school
 and now I work in real estate I work for a guy in real estate and I find property's or properties that has been abandoned by their owners or whoever that live there and if we can find the people we we we offered them a contract on the property then once they agree to that everybody signs off on it and then we start to go in and rehabitat the place fix it up clean it up and turn around and sell it at all and I put up Advertising Signs for the business also so I'm evolve a little bit into real estate
 real estate can bring that once I start to achieve it so I guess my dream job would be to
 how my own slower properties throughout California and possibly throughout some other states in our country and just doing very well in real estate
 I love to engage in intellectual conversations I like to debate I'm not sure I'm very open to any Topic in the subject that anyone want to speak about or speak on
 maybe 11 12 years now my mother is still alive she's live back in Georgia. Believe she's 75 years old now for social switch still resides in Georgia or brother that lives in outside Detroit
 so that makes up my family I contact them on a weekly basis via email or text
 or phone call or very close very close Southern family and I love them very much just don't get to see them as much as I like to
 I'm what I do to relax is to connect with on some close friends also I found out if I
 do my thing is sort of really stressed I like to work out so a lot of times I go and take the dog for a walk or I'll watch a nice comedy on television so that's sort of how I get to
 I'm very easy I'm I'm very hard to get upset so it's nothing to control their but when I do feel like there is a temple coming on I sort of think about something else to do or
 always think of something positive to do when I feel like my temper is starting to escalate
 just last night my girlfriend where it was an argument but she felt like I wasn't giving her enough attention and I felt like I was giving her a lot of attention so neither one of us was willing to give an inch that's that's a trademark of aquarius so we sort of Argyll way to sleep
 not a big argument but we just couldn't agree on what we wanted to get across to one another
 I did I went through about 7 years ago I should have thought it out
 I guess if that's the case I guess that would be something that I wish I could have done different
 agreeing to go into the military and I thought about it I didn't want to do it so it was a really hard decision because I knew once I had agreed to do it
 to sign my name then I was obligated to go so that was a very hard decision
 I felt like actually going back to that first question I was about 19 years old when I joined the military I felt good about it
 it was something I thought about doing and I wanted to do it I felt like it was
 becoming of a man back then to join the military and I thought good about it and as I look at it today really kind of
 set me up to the point that I'm in my life now with the discipline and the structure of your life and your your family life so it really kind of
 in 1985 I spent six six months in a cup of Romaine in 1985 and that was a really
 I was really easy because after 4 years of serving in military I was I was done I was I was over it I was right to get back into civilian world and see what
 and so far as been good but I'm glad at the same time I'm glad I had that military experience you know that that military back and I have in my back pocket but I was ready for civilian life in
 about 14 years as a security officer real nice job good pay unfortunate in 2005
 my department was cut out due to the company not willing to negotiate our contract again so after 14 years of that I was let go
 see things a little different and civilian life it makes you a little bit stronger and make sure a little bit more discipline than the regular
 better person all the way around how to accept things I have to accept different peoples in different cultures and it just makes you open up with your your thinking process
 and I'm pretty good lately not as good as I want to feel but I've been I've been I've been feeling okay
 lately has been little bit hard because for some reason my neck have been tightening up on me so it's been a little bit difficult to get a good night sleep. Over the last couple weeks or so
 those are some of the things that you know normally happens to me when I don't sleep well
 when I was able to move away from my mother-in-law's house and move into my own house which is about 4 years ago
 and I made me really happy because me and my four kids and Kearney at that time my wife was all staying with
 my mother-in-law and which we stay there for five years so I thought when we got our house I was so happy because I could do what I want to do I could move around as I wanted to in until
 I would say my mother course and my brother and my mother course because she's the one that brought me
 and my brothers because I sort of see how he goes about his business and I sort of
 so I don't want to go down that same road as he's gone down and so those are my two
  [INFO] Predicted PHQ-8 score: 2.0

[20:23:35] → PID 624
Participants:  25%|██▌       | 14/56 [01:35<05:02,  7.20s/it]Participants:  27%|██▋       | 15/56 [01:44<05:18,  7.77s/it]Participants:  29%|██▊       | 16/56 [01:46<04:02,  6.06s/it]prompt: so I'm going to bring up
I understand I know how it is
so she's going to ask you a few questions
 and then what you think she should say goodbye
 no that's a lot of people
 don't see the same people every day
 one employee currently I was working in the field of recovery
 but I'm not doing that any longer
 my dream job be to work for myself
 working with children trying to give him a better quality of life I know that's important to start early
 always have been something that was developing me early
 Goodwill opening up showing my emotions and feelings
 and that's not good and I have three sons and
 very tired with a relationship
 workout if I can swim
 play basketball while used to play basketball can't anymore
 I guess people trying to run my life
 wow so many I wish I would have
 spend more time trying to be with my sunshine
 reach out to him or trying to be there for them
 when I try to commit suicide
 I really wanted to do it but I'm glad I didn't
 want to get out of that small-town want to try to make something of myself
 thought the Army was the way to go
 please do The Hideout in the blend in
 I ran for myself for years
 I'm pleased with my life
 travel to many different places that I can never get away from me
 a man with many problems
 health-wise I miss feeling too hot either
 but I'm coming back together
 yeah I feel like more
 very cautious of people surroundings
 sleep medication I'm taking doesn't work anymore
 haven't seen my doctor it is very difficult I'm up most of the night
 up the next morning early
 I don't know it feel funny I just
 months ago 6 7 months ago and I felt really happy
 that's what my medication was working
 I didn't have any cares
 my mother always let me know when I did something wrong
 she always have found me
 want me to be better and I know she love me
 and that was huge for me cuz
 she's about the only one that did
  [INFO] Predicted PHQ-8 score: 13.0

[20:23:47] → PID 625
prompt:  then Italy speech speech recognition to like I register what you say and then he's a series of
 I know what to do back in the reason that the connection webcam is so that it can also take into account your facial expressions and your posture
 I kind of wish that was really cool I am not doing so yet because I have just finished my second year so
 no not not anymore I used to but no not not lately in the last few years now
 working on a movie set and getting to meet one of my favorite actors and also when I was in the military having being able to travel in Europe in a lot of places I thought I'd never be able to see
 actually right now I work part-time I don't have to actually have a steady job but you know I do some work with family members on Home Improvements but the primarily I'm I'm disabled so I don't get a chance to go to work very often at regular job
 oh probably work in some type of entertainment film music that's probably been my dream for years and years and I've kind of dabbled in a little bit but never really made
 I just love people always have been a people person like to talk to people probably don't talk to people as much as I used to since it ain't got this missing tooth in my in my smile so it kind of takes away from me being as outgoing as I used to be
 it's pretty good I have three children have to Mom baby moms meaning you know I have two mothers of my kids but primarily my mom and I are pretty close but I have a very large family but we really don't interact that much
 play videogames right read I wish I could get enough get-up-and-go to write a screenplay I've always been wanting to write and you never know what may happen with that but you know if I ever get some get up and go I'll write something but that's primarily what I do
 pretty good I haven't done anything crazy or nothing in my life I guess but I do have a tendency to have a little bad temper
 this was recently argue with a friend over something very silly it was a sports question of something about sports and you know over the years my family are some people in my family have told me there's three things you really don't discuss with people that's politics Sports and religion so I try to stay away from those subjects
 that's a great question I worked for a restaurant downtown who was which was owned by a very affluent lawyer in Los Angeles
 the only reason I'm mentioning his name because he's very prominent lawyer and not only in California but this what's this country and I lost a job they're getting into an argument with the manager of the restaurant but in actuality the owners is partner we're very very kind and they really liked me a lot and I should have never let that situation get to that
 probably not spending more time with my children or actually spending time with my oldest daughter who lives in Maryland I feel guilty for not having been more of a success in my life
 not having as much drive and determination as I should have that's probably my biggest no regret or what I feel is guilty about
 probably the hardest decision I've ever had to make was to join the military I had heard a lot of bad things about it at her good things about it but at that particular time of my life I had a you know a fork in the road and I had to choose where they go left to right and I chose to go left and joined the army and turned out it wasn't that bad of a decision
 that's 20 years to be exact and it hasn't really affected me employment wise or anything like that but it's but it's it was on my record and it was something that should have been avoided but it happened and I just wish I could take that one back
 well three reasons one I needed a change in my life to I had some personal things going on I felt it was time to like you know just taking advantage of her and try something different and I just wasn't really happy in my college experience so I thought I'd try it
 I worked I was in the military when the Russians were still prevalent in Eastern Europe and we did some board of Duty between the East and West Germany and there are few incidences On the Border that could have gotten out of hand but never did
 since since leaving the military in 1990 I found myself not being able to kind of interact with people as much as I used to you know things being that I was in the military you think that was a would be a little easier having live with people so close to you all the time but it actually made me a little bit more anxious and have little more anxiety around people
 I came back to Los Angeles and decided to move to Georgia and spent four years in Georgia working and going to school a little bit and then came back to Los Angeles four years later after 1990
 on the positive side I was physically fit when I got out very physically fit and enjoy being that way for several years until you know of some things happened in my life to where I kind of let myself go
 go to sleep and sleep well some nights I toss and turn but it's rare and I would say it's rare but you know once I get to sleep I sleep fairly well
 hello are visible in the mornings but since I live alone and a lot of people don't really feel that so
 but that ain't none of my kids are around it's it's always more enjoyable to wake up cuz you know I can see their faces and and enjoy their company
 no I haven't actually been diagnosed with depression but I have bats of that every now and then
 fairly recently I have my kids over for the weekend and I we had a good time enjoying each other's company so I was pretty happy man
 I would probably say Pastor from my church her name is Pastor Beverly Allan she's been kind of a mentor for me for several years and she's a bit of a really big influence in my life and always kind of been there for me
 hopefully well they would say I was funny you know reliable steady and you know primarily upbeat person
 play begin a bunch of guys will go out we'll go bowling just have a good evening and you know enjoying each other's company and trying to kick each other's butt on the Bowling
 they're my pride and joy then extension of me once I pass away the bill live on I live on through them so it's just an honor to know your have three healthy children that are happy very intelligent and maybe make a good Market Society
  [INFO] Predicted PHQ-8 score: 5.0

[20:23:56] → PID 626
prompt:  I like beach the city have a closed everything is do anything here
 sometimes I've been quite a few places
 getting away trying to go see other places other historical sightings
 just recently I went to Italy we went and saw Pisa and Rome and Florence and Natalie
 I like to be at the middle of things
 it's all right if you know my mom's left
 I play video games or watch movies
 I really can't think of anything
 I don't really feel guilty about anything
 that would be joining the Army
 don't really have anything that like to erase my memory
 my wife was kind of stuck so I needed to change something up for me was a good choice
 yeah I did one combat tour
 pretty easy it wasn't a real rough deployment
 I am going back to school
 I don't really think it changed me all that much I met him might be more responsible now
 not much to tell just going day-by-day I feel fine
 mint shape makes me want to be better
 I spend most of my time working on my cars that got to project cars are a lot of fun
  [INFO] Predicted PHQ-8 score: 0.0

[20:23:58] → PID 629
Participants:  30%|███       | 17/56 [01:48<03:06,  4.79s/it]Participants:  32%|███▏      | 18/56 [01:54<03:08,  4.97s/it]prompt:  and so she can ask you a series of questions and then at the end she'll say goodbye and then you'll press this button
 no not right now I am in a job that they're just commute back and forth about 12 miles so that's about as the extent of my traveling
 what do I enjoy about traveling probably seeing new places when I due to trouble seeing new places and people from different states different countries and picking up on their cultures
 I have a friend in Atlanta Georgia and he works for the TV that work down there and when the Dodgers were playing in Atlanta I took a trip to go see him and we went to go see the games as well Atlanta is a good nice Sports Town hot and muggy but we could deal with it as much like here the expressways are about the same traffic they have their own traffic problems but it was really good experience I got to see and meet people from Atlanta Georgia and it was really nice time
 we had a little resistance and trouble from Saudi Arabia into Kuwait and liberate Kuwait City and there was it was great
 what I studied at school basically was broadcasting and the radio and cuz I was a radio operator in the Marine Corps so I could study broadcasting I am but I also love history
 similar to what I have in the Marine Corps I was a Sergeant Marine Corps had my own Squad so if I could have being in a management position where I have my own crew and take care of my own crew and look after their needs that would probably be my dream position
 it depends on the kind of mood I'm in sometimes I am I feel shy and just want to stay home other times I'm a little
 outgoing I want to go out with my friends and and go to dinner and have drinks and watch a sporting event
 why cuz I'm feeling good and I want to feel company of my friends and just want to talk and Converse
 how good relationship with my family my mother is like one of my best friends I have confide in her with basically all of my problems and good things my dad is is very good man we get along very well and I have three sisters that the two of them I see on a regular basis and one of them I really don't but we're all we're close family
 is a my apartment complex I have a Jacuzzi so I spend 20 minutes in the jacuzzi and go for a swim afterwards or I will go on a bike ride I have my own mountain bike and I like to travel 5 miles then get to work out it so when I'm feeling since I go get a workout
 concussion I'm sometimes it's it's very hard but I have to look at myself in and limit myself on what the possible consequences of an uproar of my upper could could lead to so whether to be with my family or my co-workers I have to always look at my soft before I get very angry and and temperament that temperamental
 was probably with my Dad we I go visit my parents and they have a pool and a pond trying to clean the pool we had a disagreement so we had an argument
 and I think I could have probably avoided it if I read the signs probably work a little harder and
 hardest decision I've ever had to make sure she probably when I was 17 years old sign a contract to join the Marine Corps and it was a six-year contract and
 I know that was probably a lot for my family but it's something I wanted to do but it was a really hard one and
 I've got into to bar fights so probably limiting the alcohol use some of those some of those times and avoided trouble in the bars
 I wanted the toughest challenge for an 18 year old and I thought the and I knew that the Marine Corps would give it to me so I took it
 pretty easy to get used to growing my hair out again cuz I had it really short for 6 years and I really didn't like getting haircuts every week
 other than that I went too soon as I got out I went to broadcasting school and everything pretty much went back to normal
 I went to broadcasting school and then I I got a radio job in Palm Desert California and that was my first grader job but I don't know I work there for three months and I forgot a job in Riverside so after that I kept getting jobs and till now I've worked in radio for 22 years
 it changed me because I am more disciplined self this fund pay attention to detail more attention to detail than I ever have kind of a mental thing paying attention to detail but they drilled it into our heads
 four times a week either swimming or bike riding and or both so I've been I've been feeling really well I can't complain
 I know I've always stated pretty even Keel and I like to like to keep it that way I don't like to get too low or get too high I like to stay stay even-keeled
 it is pretty pretty easy when I work out a lot but there are sometimes when I I do if I'm not a 5-mile bike ride and then I I I swim like 10 laps in the pool those days are easy for me to get a good night's sleep and some of the other days where I just do a bike ride or a swim but not both of those are pretty easy to sew
 what am I like when I don't sleep well well I get up and I am really groggy and tired and I have to have at least three cups of coffee and that usually gives me the energy that I need for the whole day
 I recently had a checkup from the from the VA and everything was was perfect so I'd I do not have PTSD
 again I am at my last physical I was asked if I was feeling depressed and I told him no and they did tests and determined that I wasn't wasn't a depressed person so I never feel depressed I always feel you killed it and never feel depressed
 the last time I felt really happy and well I'm a big sports fan so whenever sports teams do well especially the Dodgers which they have been doing really well lately keeps me happy and I like to see my favorite teams do well because I feel on the part of the team because I attend the games and support the team and I like to do like to see them succeed so basically it's baseball season right now but football season is around the Home Run basketball teams in the hockey season so epic sports fans to one of my teams do album I am I am feeling really really good
 somebody that's been a positive influence in my life I would say my parents they've been married since 1955 so I'm going up on almost 70 years 60 years 60 years so
 I think my parents my mom is a big influence and she's a very good woman and taught us to be very good people so I would say my parents
 toys for game with my boss and it was a couple weeks ago and we had really good seats from from the team and we had a great night. The food we had hot dogs and and french fries and the and the Dodgers won in the bottom of the night so it was a really really good game and it was a good experience
 most proud of being a marine serve six years in the Marine Corps around the Desert Storm veteran so Tuesday to the rank of Sergeant at the at 22 years old so I am grateful and most proud to be a United States Marine
  [INFO] Predicted PHQ-8 score: 0.0

[20:24:00] → PID 631
prompt: can I go ahead
 it's Friday or is it
 she wants to get out and take vacation
 okay I'm going to start at the recording and what's going to happen if she's going to ask you questions and then at the end she'll say goodbye and you'll press this button
 where are you from
 the beach is Venice
 working for Disney ride
 I know it's not much but it's the best
 I don't have a temper
 I hardly ever argue so I don't remember
 I have known I could remember
 I can't remember any
 losing my relationship with my sister
 tell me about the hardest.
 try to help her out
 I need a kiss to my head together
 my opinions of people
 I'm happy to be alive
 I hardly ever not sleep or get sleep
 I was at Disneyland with friends
 it's simple knowing is an A+ affect my life
 you could get along with
  [INFO] Predicted PHQ-8 score: 2.0

[20:24:05] → PID 634
Participants:  34%|███▍      | 19/56 [01:59<03:10,  5.14s/it]Participants:  36%|███▌      | 20/56 [02:04<02:59,  4.99s/it]prompt:  I don't like the smog I don't like the traffic and that might be those might be the thing at the top of my list
 we enjoy packing the kids up getting them in a different environment helping them to learn about different cultures and experiencing those cultures to the fullest and just getting away
 a couple years ago we took the kids to Acapulco for Thanksgiving and it's not normally a time of the year that we travel but we thought we try something different and it was a great experience for them we did all kinds of things that we normally wouldn't would not have done so with an opportunity to sort of stretch our Horizons and experience some new things and we actually had a really great time
 one of my most memorable experiences in terms of travel I guess was the time that my luggage got lost in front of Vallarta and I spent the week I'm wearing my husband shorts and t-shirt
 now I'm a real estate agent that has nothing to do with the subject that I studied in college but it's as the great career nonetheless
 my dream job would still be in real estate but it might be such that I have the financial means that I can just do it because I love it I love helping people secure their first properties I work with a lot of first-time buyers it's their way into wealth management I like educating people on the process I would probably still want to be in the business of real estate I might actually delve more into income property ownership but it would still be something in real estate
 I work out to relax usually three to five times a week I work out in the mornings and it does help to manage stress and in real estate and being a mom there is lots of stress in my life
 getting better at it not the best at it I tend to be very outwardly with my emotions and I'm learning to try to check them out the door a lot more than I used to so I can work in progress
 it probably was the person was probably my husband and the timeframe may have been a month or so ago and quite honestly I don't remember what it was about so that I told you that it was probably something that was not even important
 I feel guilty about arguing with my husband in front of my kids is something that they should be apart from and separate from and not even not even be included in that
 It was probably the decisions had let my daughter move forward with the heart surgery that the doctor says that she need it but it was it was a very scary time and place for us but we we move forward with it was a decision that I did not make a loan I made it along with my husband
 I've been feeling fine this summer the work stress is still there but my kids are out of school so our household is a lot more relaxed my son is actually in Sacramento for the past couple of weeks so it's just my husband and my daughter and I and we're sort of taking a little bit of a laid-back approach to Summer before our vacation comes up
 I'm pretty easy over the last two to three weeks I think there was one night or I had so much on my mind I just find it hard to fall asleep but in general I do sleep well
 today or yesterday just the ability to be blessed to wake up every day and I have an opportunity to make the best day that I can
 my mother is definitely a positive influence in my life she is someone that I go to and confidence all the time she's a very spiritual woman and always seems to lead me appointment in the right direction
 my best friend actually passed away so I will I will use my husband who was a really good friend actually in at this point he is my best friend and he would probably describe me as someone who lives my life passionately who is very dedicated and loyal and who wears her emotions on her sleeve
 on Saturday my husband my daughter and I just we were in Burbank handling some business and after that it was so hot and my daughter asked if we could go to Sherman Oaks Galleria to hang out and it was not something that was my choice but it was just really nice to be able to hang out and I really casual environment and do something that that she wanted to do and I really please her and we went shopping and we had a we had a really good time but ordinarily I would have never chose that activity but because my husband and I were able to throw whatever other plans we head out the window and just enjoy her and ended up being a nice family outing
 I'm proud of my children I have a 7 year old daughter and a nine-year-old son and I'm very proud of the way that they are are growing up and that their character and their academic skills and really that the little people that they have become
  [INFO] Predicted PHQ-8 score: 1.0

[20:24:11] → PID 635
prompt:  and then you're going to respond normally into the microphone and then she was a speech recognition
 shared ICT to decide how to respond back to you and keep the conversation going she also use the software that incorporates the webcam and the Xbox Kinect
 to recognize your facial expressions in your posture so she can take your feelings into account as the interview progresses as well
 I'm going to go ahead and bring her up for just a second so you can see what she looks like and them and have to train her back down as I continue setting up some of our recording
 that's alright a lot of my dates are and that's never stopped me before
 then you're going to press this button to let me
 she's looking at me so flirtatiously
 please press the button and let me
 chance that you may say so
 here with us hopefully everything will go smooth
 I don't know I have to think about it
 maybe a month ago with my father
 I saw I saw this girl in the store the other day and I wish I'd asked her out
 I have to think about that
 how have you been feeling lately
 she's a teacher that I had
 had a date the other day
  [INFO] Predicted PHQ-8 score: 0.0

[20:24:15] → PID 636
prompt:  I was born in Philadelphia but we lived all over that the place so I'm not from Philadelphia to just before in there and live there for a year
 I love the weather people are generally more friendly than where I've lived on the East Coast the scenery the environment the beach the mountains the bike paths and the availability of fresh fruits and vegetables
 the usual the traffic I guess some of the people in the entertainment business a bit of the materialism and you know when you meet like the stereotypical deaths
 it doesn't you don't have to fit in your already a weirdo so it doesn't matter that you're not from the place and I just really enjoy eating meeting people from different cultures I love seeing new environments I love seeing historical things are now just things been credible Beauty I love meeting different types of people food I love different food so any foods for money foreign Land Rovers fun and any other thing I secretly like that I try not to get too wrapped up in is that if you can completely and utterly escaped and forget about your real life
 I'm trying to think in my head I probably shouldn't be overthinking I'm trying to think do I pick a horrible one to give you guys more emotion or do I pick a normal what are my traveling companion was my
 so we went to to Singapore and it was just fabulous I except for the parts having to deal with him I loved being there and you know the variety of delicious unbelievable food I'm a huge kraylix I've been so that was really fun it's a big shopping place so I kind of wished I were a bit younger cuz they had fabulous fashions
 let's see for some reason I'm thinking of a bad one nothing I assume you mean towards travel when I was traveling through Vietnam and Cambodia I got a really bad case of hemorrhoids hemorrhagic dengue fever
 I said please go get me some water I was in a really sweating profusely and I've been very sick for a while and he went out to get the water I don't know sometime in the morning and he came back and I don't know 7 at night or something and said that he some fellow on a motorbike instead let me take you somewhere where you can get some water and I don't know what the hell you did all day long so I just think back to then and I remember coming in and out of Consciousness and thinking I'm going to die here and I wondered if I would ever be and I found in this hotel we were staying so I don't know how I survived and I'm probably over dramatizing it but
 it was just memorable because I often think back and when I see people sick or whatever and think she why the heck did I survive
 film as an undergrad while I started off and dance and then I realized I wasn't really that talented I mean I was okay but not really that good so I moved over to film and I really enjoyed that and then later on in life I went back to school and I became a lawyer
 lawyer I guess I I got tossed out with many people you know I Now understand why the what-do-you-call-it the the age discrimination laws kick in after 40 well you know it's extremely difficult to get rehired so now I have a couple of clients I make a couple of pennies you know
 does after paying off all those loans and everything for law school because I stupidly took one of the more expensive law schools in the country so many of you students listening don't do that I mean don't pick an expensive grad school if you don't get financial aid and you don't have a financial help from your family so anyway I because I was spent all my life paying off my undergrad and my graduate schools I now find myself looking down the barrel of long-term unemployment and retirement and not having any you know any insurance or any
 when I was younger and my dream job is to be an ambassador because I thought it would just be so much fun to you no have contact with different countries and to get to be friendly and meet people all the time and to represent your country in a positive way
 well it's embarrassing when people say what do you do to say you're unemployed people think I've had so many people say well why don't you just go out and get a job will what are they assume that you're being lazy or something like that where it's like okay assholes at work since I was 12 you know right I didn't have fun during college I worked three jobs to pay for it all and my lungs I don't know I guess I'd I just stopped trying because and I'm a little embarrassed about my situation you know I'm
 on occasion I will drink have a drink have a low alcohol tolerance so basically one or two will pretty much knocked me out I don't know I used to do yoga and stuff like that nowadays I try to do deep breathing
 physically and emotionally abusive and I finally learned recently on the last maybe 10 years or so that that's the stuff they had that I accepted as normal was not normal so I did all the assertiveness thing where you say this is not no please don't lie to me or whatever the thing they were doing and you know the person supposed to say oh I didn't know that was hurting you let me change but of course that never actually works in real life so now I find that if I must have contact with these people of HIV one of them have to I get extremely if they lie to me I just get fed up and you know
 what can you give me a chance I guess it was my husband since I'm paying the cell phone bill and he's on the family plan it turned out that he had 44 pages of text while he's off on the secret trip to some summer camp don't ask I don't I don't even want to think about it I don't know who these people are that he's texting with so I asked him what the f are you these text who are you doing this with and I tried calling some of the numbers and the people would just hang up on me so you know my imagination started thinking what the hell is he doing at this summer camp why did the people that he's texting and texting photos to not respond you know draw your own conclusions so you know any wasn't answering me and he kept lying and he's one sentence emails he was sending back so I
 you know I started getting these threats in the e-mails back like oh yeah well if you don't tell me I'm going to call up this number and find out who they were which he wouldn't answer me and then as I said I called and they're just hung up on me so who knows who these people
 I actually was a head lawyer for a company probably won't believe it now you guys were out there watching this and the the president started doing all these things that were ethically wrong and going against my advice and I should have gotten the Hades out of there I should have quit immediately but I was still paying off you know $200,000 worth of student loan so but I just should have gotten out of there
 I just see the only real thing I feel guilty about is something I prefer not to discuss on tape I mean I've had enough drinks tell me over the years that I was justified
 hardest decision I tried to make I don't know I mean every stupid a lot of decisions have been difficult the hardest one I've no idea
 that's made things doubly difficult the second thing is that I because I'm always plagued by these horrible nightmares they're actually just actual events of actually happen to me just replaying over and over I am an internet addict and I just put stuff on YouTube or or whatever on all night long and you know I frequently have loud loud sounds so I don't sleep that well and I have a horrible horrible that at the moment and live in a very noisy place
 why do I live in a noisy place because I have been unemployed as I told her underemployed as I told you when I don't have money to live in a place that should be the equal of all the hard work I've done in my life
 I don't know I I I developed anxiety and I freaked out you know if I think I'm going to run out of gas I get short of breath and
 I don't know in the soup I used to be able to handle anything now something stupid happens and I catastrophize it and think that it's going to be horrific so I have to talk myself out of it
 I think my PTSD I was fine and I had it after the eighteen-year-old incident I just fine and dandy and then something happens in the last like decade I just had hit after hit after hit and it just brought everything back up and or maybe it's cuz I'm not that busy anymore so I'm time to ruminate over all these horrible things and I've said Elaine thing I'm way worse now than I was after the you know escaping from a serial killer I mean
 so any more you know even if I have just one causes a lot of pain and stuff or I try to do stuff to relax or you know if I'm having a really really bad day I might
 threat because after you after you do that releases all in all you're all freaked out and then if you hurt yourself you got really distracted like how come you know this really hurts and then you don't really think about the horrible thing that was in your head anymore you're thinking about I've got this
 I have tried to get help I can't get any help now I don't have any insurance I can't I'm not poor enough I would need to go through all of my retirement savings and be penniless to get any free help so I mean I'd like to be a normal person again and I'd like to be happy I'd like to be a functioning human you know like I used to be
 you know I've been to a zillion cerum not a gazillion but you know I don't know 15 therapist maybe over my 30 years or whatever it is been sometimes you got somebody that's good
 and I found that the younger the person the better actually like a cup one when I was in law school I went to see someone or when my father died when I was 18 at the same time that other thing happens I I saw some students they were actually the best ones the worst ones seem to be the ones that are like in my age category or older cuz it kind of checked out and they just want somebody who's there but in terms of like I don't know how I did that young MD whatever think it was called once and
 I'm really work sometimes you get a new gets like wants some therapist said to me you don't want to kill yourself you just want a different life so when I am suicidal I just think of that sends I don't want to kill myself I just want a different life so is sometimes you get a nougat but you know generally it hasn't really saved me yet
 do I have to I just did sometimes you get us a good therapist oh one thing I learned is that most therapists are actually more screwed up than me you know I may seem screwed up to you guys here but you know at least I used to be able to function I was somewhat successful and I I've never intentionally hurt people I don't screw people over I'm not dishonest in my work compassionate and I found so many therapists you know they live their little teeny lives in Suburbia or whatever the heck they're from and they're totally incapable of
 I haven't been as I told you so but I did go I noticed that it was fun to go somewhere once a week and have somebody listen to your for Tales of Woe although sometimes it got frustrating the person was not helpful
 I've been trying to cultivate it the last night I was on the bike path and I looked around at the beautiful nature things and there were briefs literally seconds where I had it and then him some aggressive bike ride or somebody else to come along and that would be destroyed but otherwise more than perhaps a brief second or a couple of seconds
 show the happiness that was a question sometimes I've had half my happiest moment was when I climbed up inside the Great Pyramid of Giza that was extremely hot I don't know it's just wonderfulParticipants:  38%|███▊      | 21/56 [02:08<02:46,  4.75s/it]Participants:  39%|███▉      | 22/56 [02:21<04:00,  7.08s/it]Participants:  41%|████      | 23/56 [02:28<03:54,  7.11s/it]
  [INFO] Predicted PHQ-8 score: 19.0

[20:24:19] → PID 637
prompt:  I'm studying acting and I'm working a day job that doesn't pay enough money so I'm trying to find additional day jobs or I don't know how to I'm trying to figure out how to live with joy
 that's how to live with joy that's when your life flows is when you do more of what brings you Joy that's my current
 I think my dream job would be weighing 70 lbs less and being a really emotionally diverse actress so I can play comedy roles which is easier for me and too heavy drama rolls which is more of a challenge to be vulnerable and to open up emotionally kind of what I'm standing right now and I would look thousand percent better cuz my hair would be long
 I really am thinking I don't have a family anymore my father passed away and there's no relationship with my sister and a very poor one with my mother so it's almost like not having any family anymore
 if you can imagine it was more than a cat it was like being a very large entity in the body of a cat and my cat passed away and I had to I wanted to have a proper burial at an animal cemetery and have a memorial service for my cat and my mother was against these ideas that was too much for a cat and so it took me two and a half months to come up with the money to find his casket and to decide on what style of casket I wanted because it was so hard to own that decision when I didn't get any support over it
 but eventually I triumphed and I found an artisan in Tennessee that makes Cedar chests and he made me the most beautiful Cedar casket octagono
 octagon all with Ivory lining and plush padding on the inside of the casket and the people at the animal Cemetery said that in 20 years of business they'd never seen such a beautiful casket and they'd never seen someone that gave so much to their animal
 so I felt really really good when I saw the way that I was sort of like a sending my cat and I went to the cemetery
 then I get erased from my memory I think I have erased a lot of events from my memory
 well you know I'm a very determined human being so I work myself into being in positive states of mind but overall I think that definitely realizing I have some deep depression and essentially I just need more of a support network here in La I need to create a new family and that's basically what I need to renew a really do which is difficult because it's hard to have a family and family and friends you know people that you can really really trust and it's just hard to get around La without a car
 any changes yeah I walk to work which is in Beverly Hills and I walk through Beverly Hills and I noticed that even though I'm walking around nice places I'm a joyless when I'm walking to work doesn't really make me that happy makes me happier when I get to the commercial part and there's more people around and there's lots of kind of like activity and shops it does nothing for me like walking through the neighborhoods I noticed
 I'm really working hard at going to sleep before midnight and I noticed that it makes a big difference when I do get enough sleep
 I'm fine I'm just tired but I think I'm pretty fine energy-wise in terms of interacting with other people
 to do extra things that would you know help make your life better it's just sort of get into the struggle of just getting through the day
 yeah I think I know what my overall trigger what the overall thing is but it's deeper than the overall thing itself
 you guys are going to think I'm a complete whack job but honestly I'm really not I called my mother yesterday and I left her a message and at the end of the message I said I love you and that's a month since she called me which was my birthday when she called me I didn't answer but she didn't say she loves me the year before that she didn't even call me on my birthday and she said she wasn't feeling well
 and we had a falling out in November so I haven't spoken to her since the following out but essentially what I realized in November was just a tremendous amount of inability to love that she has towards me and I think it's a lifelong thing so I think it's hard for me to get close to people and to bond with people because if you can't trust your mother who can you trust and if you haven't received love from your mother
 receiving self-worth or validation or something like that I think that lack of support you know throughout my whole life regardless of how ambitious or determined I am the there's an underpinning really everyday you know of sadness about that not having a mother and so that's I think the main challenge to workout in my psyche or Soul or emotions
 how do I cope with my emotions well I sit with them alone mainly since there's no one to
 but I do interact with my emotions a lot when I'm turning my instrument and in acting class and so that's a big you know workout emotionally
 a couple months ago I went through a patch where I didn't have a place to stay and ended up staying with someone that I thought was the student friend she turned out to be crazy and I had to leave there and as a result
 it's a reflective experience so your reflective throughout the week before you see your therapist and then you sort of start thinking on a deeper level about a seam occurrence seeing that's like what's really the issue and then it feels very look forward to having someone to talk to you that can really listen so the gift of active listening
 when I was in my acting class which was well I took some classes I audited some classes last week and it does moments lot of joy, and when I was at my school studying which was at two and a half months ago
 I'm most proud of my relationship with my cat and I'm most proud of that I have been making a lot of progress in a working on my career stuff and I have a positive attitude even though it's very difficult growing up with the family that doesn't give you the kind of emotional or financial support so grown up with a lot of jealousy and negativity and lack of support
  [INFO] Predicted PHQ-8 score: 12.0

[20:24:32] → PID 638
prompt: when she sounds you should say
 and if not when she's done
 I went to Walt Disney World for my 21st birthday
 I get along well with my father I don't get along so great with my brother
 I'm very good at controlling my temper
 I argued maybe two weeks ago with my father because he didn't put the dishwashers the dishes correctly in the dishwasher
 I wish I would have done much better in college
 I feel guilty about spending my money on stupid things
 tell me about the hardest decision
 pulling the plug on my mother
 I wish I could erase my final year in college when my mother passed away
 I've been feeling a bit down in the dumps
 yes I'm a little bit more upbeat
 I recently got involved in a book club
 I went to a ladies luncheon and I enjoyed myself
 I don't have many positive influences in my life
 can you tell me about that
 my home is filled with a lot of negative energy and I don't have any friends to rely on
 how would your best friend describe
 I don't have a best friend
 I went to the movies and saw Monsters University
 being the first person in my family to graduate from college
  [INFO] Predicted PHQ-8 score: 4.0

[20:24:39] → PID 640
Participants:  43%|████▎     | 24/56 [02:33<03:33,  6.68s/it]prompt:  so she's going to ask you some questions and then when she's done you're going to press you to say goodbye and then you're going to press this button
 I went to Spain recently and that's a little bit of a more laid-back lifestyle they don't work the same hours As Americans different culture they take a lot of breaks rests during the middle of the day especially in the summer when it's really hot totally different food style culture they go out to bars and restaurants a lot later stays open later and you know something new exciting and you know I look forward to seeing other types of destinations like that
 going to Spain with the all my old high school friends I hadn't seen them in a while and we did a big tour of Spain went to Madrid Barcelona Valencia had a great time you know spent a couple weeks out there and
 dream job probably I want to I want to start moving into Finance I want to do something financial-related investment-banking I think I'm going to switch course pretty soon here
 my family is good we're a little bit closed we don't we don't show a lot of emotion and we're not is as loving you know over the phone or in person but you know we have other ways to show our emotions
 I usually I'll just watch a movie or go to the movies go to the park I have a small dog so I like taking him around the block so that they usually relaxes me a bit
 I'm usually pretty good I don't really get extremely angry very often and I keep a lot of my emotions inside which isn't always good but you know I never have crazy angry outbursts and get violent or anything like that
 the last time I argued with someone was a few weeks ago we are actually in Las Vegas and you know we were with a big group of people and we are just trying to decide where to go and one of my friends was pretty adamant about one place and it was unappealing to the rest of the group so you know I got a little confrontational but everything worked out in the end
 I think the passing of my my mom's dad I wish I would have been a little more loving and an emotional to my mom about it you know it was a very difficult time for her friend
 I feel guilty about just not being as as loving and caring to my parents I mean they've they've done a lot for me and provided a lot and I don't know he's really show my appreciation to them I think as much as I wish I should so
 something that I wish was erased would certainly be when I was pulled over for a DUI very embarrassing moment but you know I wish that it never happened
 I've been a little bit sad I had another death in the family recently my uncle passed away a couple weeks ago so it's been a little bit difficult on all of us and you know we're all spread out around the country so it's
 you know down a little bit more than you know normal so you know I'm sure it'll turn around soon but some of these things just take time to heal
 well you know whenever you lose someone close to you in a family you know it's very difficult for everyone and the you know different people show their emotions differently so you know for me I tend to keep a lot of it in and then I'll be a little more beneficial if I was able to express it to someone more but you know I don't really feel comfortable doing that all the time so
 how easy is it for you to get a good night sleep it's very difficult cuz I work a lot of strange hours to so I'm up in a working late and then got to get up early and sometimes I can sleep in more so you know if I'm not in a set routine it makes it a little more difficult but you know I usually get a decent amount of sleep as often as possible so I usually don't have too much trouble in that sense
 fell asleep while I'm usually a little just bit more irritable more grumpy you know smaller things can set me off a little bit but you know I have certain techniques to relax a little bit more so you know whenever that happens I'm I'm usually able to handle myself appropriately
 the last time was probably about three weeks ago when I was in Las Vegas visiting some friends and had some other friends come out to visit that I hadn't seen in a while so that was a fun happy time for the weekend
 my dad is always been you know of a good role model to me professional and you know I always been there regardless of what I've been going through so I certainly look up to him and appreciate everything he's done for me
 he would describe me as being pretty social outgoing but a little bit more shy and reserved so you know friendly caring honest and unreliable
 something that I recently did that they enjoyed was completing a big project for someone I built a large website that have been a big project for a while and it's been taking up a lot of my time so finally getting that finished and taken care of was a big relief and weight off my shoulders
 most proud of my family they've always been there for me I've gone through a lot of tough times when I was younger and you know they've always been there to support me and that's really meant a lot so that's really kept me going yeah I've got great friends around me as well but he'll family first and you know they've always been there when I needed them
  [INFO] Predicted PHQ-8 score: 6.0

[20:24:45] → PID 649
Participants:  45%|████▍     | 25/56 [02:43<03:52,  7.49s/it]Participants:  46%|████▋     | 26/56 [02:45<03:01,  6.03s/it]prompt: but when you deal with humans got to deal with feelings and emotions not with this though
 well I did most of my traveling in the military so I been around the world twice already so I
 people that were survive the bomb attack the head
 disfigured parts of their body is was asking my brain forever
 and whatever I can do to make money legally
 locked out of town North Broadway and East Los Angeles
 I've been known to fly off the handle but the older I get the less I do it
 tell me about a situation that you wish you would have
 I struggle with mental health issues due to the military and
 sometimes I say the wrong thing or I I make
 naughty things that I've said that I didn't really mean to say I probably from being paranoid about things and
 weather where I was going to live after I was discharged from the military
 my brother was a sergeant major active in the military and I hate my parents are both deceased and I basically had nowhere to go upon graduation from high school
 yeah I say sad I got out it's just stayed in 20 years
 I was in a combat situation twice I was in the United States Marine Corps and
 I was activated for Attack on Libya and it never transpired President Reagan cancel it and I was also recall for the Gulf War to work on the 20 millimeter gun and Ice that was on a l p h a naval vessel fairly close to the combats in the Middle East in the Persian Gulf
 how easy was it for you to go back to
 pretty easy at first I was angry man when I when I made the adjustment but I don't have a drinking problem and
 is experienced a traumatic when it that but you know I pulled through
 biomedical corporations and and software manufacturing companies is shipping receiving inventory analyst material handler stuff like that I also work part-time as a security guard and
 give me some good qualities like punctuality and then attention to detail and
 but I struggle with mental health issues like ADHD depression
 I take some Schedule II narcotics and feta means for the ADHD so that doesn't help and I basically they don't pass out more than I fall asleep
 I've learned to deal with it okay I'm not I'm not grouchy or irritable I've just I don't have anything nice to say don't say anything at all but it was times when I was a little edgy
 we living we living our experiences that were in the past
 not being able to fall back asleep and and
 fits of Rage in an unconscious fits of rage and stuff like that
 combat training in the Marine Corps and in in
 almost entering a situation like that it is is pretty traumatic is even though you don't answer this situated at the training up to that point is
 is safe and then all the sudden you have to use what you were trained in a safe environment and take it into an unsafe environment is is pretty traumatic
 it's not so much anymore either the time heals everything I have firm believer that and then I actually had a dream just recently about
 about it and it's been the first one I've had in maybe a year to this subsiding slowly
 the VA when it when I when I first went to get primary care and and
 they look at my file. Maybe I should be examined
 no I don't not not for PTSD and I was going to some classes briefly
 it wasn't it wasn't really an issue with me anymore Ahmad coping with it well and it's it's like I said Time Heals everything I do believe that and it's
 the nightmares are few and far between now and
 well if you if you're forced to do something you're not really going to put your heart into it but if you really want to see kelp and I really want I really want something you'll try to get it
 eat better I take care of my physical and mental health needs better and
 I don't avoid doctors or hospitals anymore I go and get help
 well I been in a relationship now for about 6 months with
 I've got it I got a good woman by my side and I was alone for many years from
 fish with respect and in and genuinely try to help you
 thanks for sharing your thoughts with me and my pleasure alley
  [INFO] Predicted PHQ-8 score: 7.0

[20:24:54] → PID 650
prompt:  not recently I traveled mostly while I was in the military
 the military is always on the go so most of the travel being so expensive
 I could only afford it through traveling on Military business
 probably in the same industry private security that would be high paying
 or something along the lines of mental health for
 was it helps provide for the family pay the bills
 I watch TV and spend time with my family
 very good actually very very controlled I have two in my field
 it was with my wife and it was about finances
 coming to California and leaving my oldest daughter's in Florida
 tell me about the hardest decision you've ever had
 and I knew I had to go so I 1997 I made the choice and all I had known was the military so that was pretty hard
 not a not a girlfriend boyfriend relationship I was
 basically victimized by my mother I wish I could erase that but in a way it kind of makes me who I am
 had no other choice it was either go in the military or stay out on the streets in New York City I had no money for college and no chance of getting a good job so I enlisted
 are you happy you did that yes absolutely probably the best choice Inn in fixing
 I had some Growing Pains at first it was a little bit difficult in the beginning but I adjusted
 structure that I wouldn't have otherwise gotten and I believe as far as within people
 and in just the the general population that does set you aside with set you apart
 alright I guess in a bit of a struggle sometimes
 just seeking employment and it's very difficult especially with the way things are
 not really just trying to trying to land that dream job as you said before
 pretty easy especially if I've been active throughout the day and that's usually every day
 following one of my combat experiences in South America
 wait we had to live in the jungle and while in the jungle we also had to take a couple of lives while we were there we so that was one of the three instances that I saw Combat Action
 I learned a long time ago that you have to put your past behind you so
 I I just do I had to put it behind me it was
 to do and it was so That Others May Live so it was it may not have felt right at the time but it was the right thing to do
 in the military when you have a combat-related experience you always go through a debrief
 at the debrief you are asked if you need help coping with the situation
 so of course I immediately raised my hand told him I need help with coping with the situation it took roughly about
 want to say somewhere around three weeks to a month of seeing a therapist
 once they they gave me some key exercises to do the the acuteness of the night terrors in the nightmares went away
 and very seldom am I bothered by it now because it was so long ago
 I didn't need it anymore I learned enough coping skills that we're good enough to be able to cast that aside and not depend upon any facet of treatment or anything else
 sometimes it's necessary but in my case I don't feel it is and I will not be dependent upon medications but the therapy 100% I agree especially speaking to somebody when I'm one it does help
 tell you about the therapy and how effective it is
 I only went for a months after my Combat Action in Columbia
 didn't have very many positive role models of very few especially in my childhood I had a lot of negative examples on what not to be
 so positive role models are probably say most of my superiors in the military that was my biggest growth experience in my life
 as his big brother the guy who taught him everything my best friend feels that
 I helped him out in building himself up work-wise
 do some martial arts at her school I really enjoy that all the time
  [INFO] Predicted PHQ-8 score: 2.0

[20:24:57] → PID 651
Participants:  48%|████▊     | 27/56 [02:50<02:41,  5.59s/it]Participants:  50%|█████     | 28/56 [02:56<02:40,  5.73s/it]Participants:  52%|█████▏    | 29/56 [03:08<03:27,  7.67s/it]prompt:  tell me to bring up a virtual human for justice
 I'm okay with that
 so how are you doing today I'm doing very well thank you
 you travel a lot
 I would like to own my own company
 I have not been having a disagreement a kind of argument anytime recently I've mostly only been having regular discussions
 I don't know I can't recall there isn't one that stands out
 I don't know eating meat
 tell me about the hardest decision
 I don't think decisions work that way
 I don't have one
 how have you been feeling lately
 how easy is it for you to get a good night sleep
 what are you like
 have you ever been diagnosed with PTSD
 have you been diagnosed
 when was the last
 I took pleasure in a small thing
 influence is constant and so then there isn't a person
 surfing I went surfing
 and I caught a wave
 and it was very fun
 because it was difficult
 what are you most proud of
  [INFO] Predicted PHQ-8 score: 0.0

[20:25:01] → PID 652
prompt:  you know what the dod is going to use it for though
 bring up a virtual human for a second here you go
 and what's going to happen if she can ask you some questions and then when she's done she's going to say goodbye and then you're going to press this button over here let me know okay alright
 do you know how many questions or is it different for each person
 I'm experiencing different cultures and no different ways other people live
 oh okay I just got back from Belize Honduras and Cozumel went scuba diving Jets gang repelling ziplining had a great time
 wow I had a lot of those cruise to Alaska the Inside passage Cruise
 I got my undergraduate in communication studies and I'm working on my master's degree in public administration
 right now I am working on a web series I'm shooting a film
 somewhere in the middle neither wide sometimes I'm shy and sometimes I'm outgoing so it's somewhere in the middle of goes back and forth
 very close we were all on a cruise together 18 family members
 turn on the television and veg in front of the couch
 or keep it off and just lay down and have total silence close the window shades
 I'm pretty good at it even though I feel like I'm going to explode sometimes
 friend of mine kept calling and asking me the same question over and over again and he keeps failing to do anything about it but it's the same problem all the time
 tell me about a situation that you wish you would have all different
 dealing with my younger brother I think I could have had a closer relationship with him growing up did more things with him I feel guilty that I didn't spend more time with them when we were younger
 tell me about the hardest decision you've ever had
 travel education benefits to having a hard time dealing with the rest of the world so I wanted to get away
 actual is very easy it's say but even though I
 like the military it was very easy transition for me
 I worked for the dod for a little while and then I
 worked as a nursing assistant and went back to school
 kept me physically fit show me the importance of physical fitness
 how to deal with problems how to adapt to things I'll become
 just okay not great somewhere in between not bad not good
 fear of forgetting something for getting details so I go over go through them over and over in my head
 how easy is it for you to get a good night sleep
 back and forth and sometimes it's really very difficult for me to sleep even if I've had a long day and didn't sleep the night before sometimes I still have trouble falling asleep or I don't sleep throughout the night
 I feel hungry all the time even though I've just eaten
 when I before I got out of the army so it's back in 1992
 I don't know just makes me feel bad sometimes depression feel down don't feel like getting out doing anything just rather climb into bed and pull the covers over my head
 I just the realization that it's just one of my moods and eventually it's going to sometimes I'm down I feel down and I just deal with it
 I learned over course of time that it just comes and goes and I just wish for it to go away
 the feelings that I was going to hurt somebody or hurt someone else
 I'm going to start therapy again but I haven't been going for about a year or two years
 when I was on the cruise so that will be between July 14th and 21st and when I was driving the speedboat down in Cozumel
 my best friend probably would describe me as being driven dependable
 working on my Master's Degree my service in the military
 yeah I can tell it's a little work-in-progress there yeah
 just bear with me for a second on sling TV
  [INFO] Predicted PHQ-8 score: 14.0

[20:25:07] → PID 655
prompt:  I'm a librarian at a elementary school part-time
 prior to this month I was pretty good
 maybe a week ago I was on the bus and somebody invaded my private space
 tell me about a situation that you wish you would handle
 I wish that I would have handled being raped in the military differently
 tell me about the hardest decision I've ever had to
 getting a restraining order against my children's father when I was trying to exit the relationship and he didn't want me to leave
 tell me about Nevada or something that you were
 my mother threatened me that once I graduated high school that I had to do something and I didn't want to go to college and so I knew from the 10th grade on that I wanted to be in the Air Force
 I got pregnant I ended up going to college anyway
 how did serving in the military change you
 gave me a discipline that I wouldn't have gotten otherwise but it damage me tremendously
 I had basically buried my memory of the military for 30 years now and I only recently started acknowledging that I'm a bit since my youngest son my 21 year-old join the Army in April and as a result of doing that
 my memories have slowly but surely started coming back to
 Guess that my rape in the military and then how I interned got discharged because I was reporting it
 how easy is it for you to get a good night sleep
 irritable cranky a journalist and the bed the next day not sleeping but just too tired to get up
 nothing in general just it's just been coming down on me
 I was recently prescribed some medication that I've been taking for a week now I still have emotional outbursts disappointments just take me over the edge things that I can't control
 you feel therapy and beautiful yes I do
 I'm in group therapy at the veterans hospital and
 being in a group situation it just lets me see that the things that I'm going through in the things that I'm feeling or not just me I'm not crazy
 the rape in the military and how I eventually got put out and now I'm having to fight for my benefits because I serve less than 2 years so it kind of feels like the fight is continuing
 it was probably January 1st of this year it was my granddaughter's 4th birthday
 in my 88 year old grandmother who still lives in Detroit
 aloof a loner I don't hang out I don't communicate with him as much
 I took my granddaughter to the Natural History Museum
 what are you most proud of in your
 the fact that I'm good at my job and I am a loving mother and grandmother
 thanks for sharing your thoughts with me you're welcome
  [INFO] Predicted PHQ-8 score: 13.0

[20:25:20] → PID 656
Participants:  54%|█████▎    | 30/56 [03:12<02:48,  6.48s/it]Participants:  55%|█████▌    | 31/56 [03:17<02:27,  5.90s/it]prompt: I'll bring it by virtue of human for a second here so you can see what she looks like
 I forgot my the weather the people and just a nice place to live
 I'm just the adventure of a going to new places and just getting away from Los Angeles and time
 have you been a recent one by one in the path of just last one was to San Francisco who had the opportunity to drive up the Pacific coast and to just take my time and drive up the coast enjoy the views and just enjoy the stops along the way the food and the people
 maybe just driving up the coast with friends taking your time in a really good time to talk into
 I envision myself being a photographer 100% of the time eventually that's my dream position
 a very strong relationship with my family or my mom passed away a couple years back so we're extra extra clothes clothes with all my brothers and sisters Dance With My Father for very close family and I miss him right now they're all back East but you know we're pretty close
 I read a lot of reading meditating sometimes praying but basically reading
 really can't remember I haven't argued with anyone in such a long time it's just not
 prudent thing to do is only going to cause you stress so I don't I don't think that a part of my daily ritual I can't even remember the last time I argue with someone
 tell me about a situation that you wish you would have
 tell me about the hardest decision you've ever had to make
 probably moving moving away from east coast to West Coast being away from my family
 there's nothing that I wish to erase for my memory everything that's there is there for a reason and I accept it that way and so there's that's just how I see it so it's just a part of your life part of the journey that you taken there's no reason for me to try to erase anything that already happened just as a part of me it makes me the person I am
 I have but logical in the fat in my family that have been in the military but I felt obligated to you know the one of those who protected the country as well
 getting used to again you know it's something you miss for a while for yesterday 3 or treat yourself to that type of life again but it wasn't and it wasn't as easy but it was doable
 I might be more disciplined any more appreciation for my country and then maybe put things into priority right to life in the life events in how I do things HealthEast see things open up my eyes to bigger world and could help me in those respects
 I've been okay just a little tired cuz I've been sick recently but other than that but okay
 free v i don't toss and turn if I'm sleepy I'll go back I was asleep immediately so that issue right now
 probably when I was with my family back East a couple of months ago
 someone's you grow up to be that they put morals and they put a standard tennis and they live their life with Integrity so they're my examples for life right now
 of some clients at the beach and we had a really pretty good time doing that project lot of creativity of thought went into it and real fun enjoy.
 The fact that I've managed to achieve what I've done first education and my career status as well as via areas that I've worked in with a photography and with a helping other people out
  [INFO] Predicted PHQ-8 score: 1.0

[20:25:23] → PID 658
prompt: I just upgraded to a present
 to let me know it's all over
 and also just a caveat if at any point she pauses for an extraordinary long. Of time you know every everyone
 so how are you doing today
 I don't really care for LA
 as much as I used to Growing Up
 B vent sir are not like they used to be
 so I am not back in the workforce so I'm not making the money to really do some of the things that you like that just traveling
 wow I have quite a few I guess joining the military what do you want
 I'm a student yeah I'm still completing my AA degree
 actually it will be to help make decisions to help
 eradicate a lot of homeless is also helping those with co-occurring disorders
 sometimes when I'm feeling 10 I turn on the fish tank screensaver
 I know it's not Hawaii but it's the best I've got
 watch a good movie Take a Walk go to the beach
 maybe a couple months ago it was about my money I have paid someone in advance to perform a job for me and
 they they backed out but I let them go go ahead with the money just keep the money and just out yet
 it wasn't necessarily a big argument but it was a disagreement
 sometime I'm very candid with people
 I really need to be more mindful of
 a career opportunity chance to travel
 are you happy you did that
 yes I wish it would have been a different experience but yes
 I think the sense of Pride from
 back and forth sometime anxious nervous
 how easy is it for you to get a good night sleep
 not I take medication to sleep
 always in fight or flight mode
 that crowds me in where I can't leave
 I get out of bed area I mean that yeah
 I try to stay away from
 trying to make sense of my feelings yeah my emotions yeah
 do you still go to therapy
 not in the last 6 months
 had a child and she had to step down and I just haven't found anyone I know that I feel comfortable with
 feeling like I released a load of emotions
 and maybe gotten some other out ternative yeah methods
 can you tell me about the
 did joyful time of the year
 well I've had people that have encouraged me
 to seek more positive behavior and and encourage me to
 find out who I was and
 you know I make a better life for myself yeah
 probably funny six and two humor
 what are you most proud of
 my sobriety and in working my education working at my education
  [INFO] Predicted PHQ-8 score: 8.0

[20:25:28] → PID 659
Participants:  57%|█████▋    | 32/56 [03:25<02:37,  6.57s/it]prompt: now I'm going to pull up over to human yoga to see what she looks like I'm going to go ahead and start the camera recording up here
 well feel that I don't live in LA I live in Long Beach I like that there's
 activity going on lot and a lot more people but generally I'm a small-town type of person
 that's really hard to say I had a lot of good experiences in the military lot of good experiences in my marriage different traveling places camping raise children I was all good things
 I just say it depends on the circumstances sometimes I can be quite withdrawn velvetizer iron would really outgoing I guess it just depends on this time
 sometimes I'm in really deep thought or have something going on internally so I don't really say a lot I got more observant at that time then I think there's something that needs to be said I'm not I'm not afraid of saying it
 I have a really good relationship with my family we all speak on the weekly basis I come from a large family have a lot of brothers and sisters my mother and father still living so I talked to them my mother lives not too far away from your father lives in the back
 I got two older brothers that I talk to on a regular basis and my younger sisters that I talked to lots of nieces and nephews
 sometimes when I'm feeling 10 I turn on the fish tank screensaver hey I know it's not Hawaii but it's the best I've got
 read something maybe watch a movie that's good that's a good Escape read something go to I'm involved with Alcoholics Anonymous I might go to a meeting that that helps me the interact with others
 I rarely have an outburst it imma call him person my demeanor sometimes tells people otherwise but I'm really calm person that people say that I look mean but I'm not
 just a disagreement with how somebody was being treated and I'm really that really bothers me when someone is being mistreated and I don't even really know that it really point it out but I know that's probably what it was about
 I wish I would have just accepted it a lot sooner than I did and moved on with my life but it took what I had been I've been married for over 20 years and I was hard for me to accept to accept the fact that my wife wanted a divorce and I tried to hang in a lot longer than just got myself used and abused so I wish I would have just grabbed that situation and moved on a lot faster
 that's when my wife and I took our granddaughters and I promise to raise them and then see them through their upbringing that I didn't have the opportunity to do that by law that was my fault and I feel I feel guilty about that
 white goes back to acceptance of accepting my the end of my marriage that was that was the hardest decision was so when I finally just decided that to stop fighting the the
 I wouldn't ask say that probably wouldn't want to erase anything from my memory because I have grown and learned from every experience I've ever had in my life so I wouldn't say that I want to erase anything
 have you ever served in the military yes I have veteran of the United States Army
 financially the idea of having a college money once I was very motivated to go to college having that money to to fund my college education was very
 appetizing and also I felt like I needed a break from academics but I knew I wanted to start it up again at some point but that didn't happen you know life happened I got married and then another. I say I'm still trying to complete a college education now at age 47 so
 yes it's the best of the best experience best thing I've ever done for myself but joining the Army I still paying dividends it it's my living today's helps me pay my bills today my pension that I receive
 taught me a lot I got to got to meet people from all over the country see places that I've never seen before getting a lot of opportunities
 it's a little of this a bit of a struggle you know when you serve in your car after you get used to being regimented and having a place to be every day and then all of a sudden you're free basically in and you don't don't have that that discipline in your life anymore so it's it's hard to to readjust
 gave me a lot of self-confidence I was never a very athletic inclined but that's the most physical activity that ever had I develop my body
 develop my mind show that much metal 42. I had that I had got me over a lot of things show me a lot of strength about myself
 it's been going pretty well I've been very a lot more active than I had been
 I'm searching for an apartment right now moving out of my lips are current living situation that's very exciting just been more active in my daily life
 I'm just not on the same lines I'm seem to be a little bit happier the depression isn't there it's so
 overwhelmingly still have some bad days but not take my medication and then I go to my counseling and its everything seems to be working out pretty well
 how easy is it for you to get a good night sleep is very difficult I toss and turn I have night sweats probably having nightmares and I don't recall
 actually I'm not more overly energetic adrenaline takes over and Ida zip through my day with and then at the end of the day I'm exhausted then that makes it hard to sleep again so it's just too
 so I don't know I don't know what to do about it I do not talk to my doctors later want to put me on too much sleep medication and so I just try to get a good night's sleep and just take as much rest as I can try not to nap during the day hopefully having a better sleep during the night
 time it's been over 10 years cuz all probably longer than that I don't remember the exact date
 I don't recall everything that they say that cuz I have a lot of overlapping problems so
 I feeling down after I talk to people I get out and I do things going to help somebody else get out of my get out of self and get service to others if I get out of self and it's quite helpful
 well what brought me this would have gotten me to seek the help is that was an alcoholic and I was drinking and
 and I wanted to quit drinking and then I had to discover the reasons that I was drinking and now you know I was drinking alcohol as a as self medication for different problems and I had to get away from the alcohol and other substances you know other drugs and once I did that I was able to
 professionals who are more able to differentiate with the alcohol problems from the other problems and
 prescribed the right medications prescribed the right then type the right type of treatment or group therapy individual therapy those things have been quite helpful
 yes I do have group therapy 5 days a week and individual therapy once a week
 old heavy luggage and leave it somewhere not carry it around you know it's like a
 situations by negative thoughts everything and every time I'm in therapy or I mean the AA meeting or see a meeting I get to empty that vallone out not carry to carry out such a burden to get leave that luggage that garbage somewhere else and I got to carry it around and have it be a burden on myself so I was quite helpful
 limited they still are there but I do feel better about myself that I like myself better today than I did say 2 years ago
 happy Sunday with the California Angels play the Oakland A's went out to a baseball game with a sober group and
 what are the eight hot dogs and nachos and drink Pepsi and enjoyed advice Sunday afternoon baseball game that was really a good time
 I don't have any biological children by have a stepdaughter and then her kids and they all call me so I'm even though my wife and I aren't together I'm still acting a part of their life and
  [INFO] Predicted PHQ-8 score: 8.0

[20:25:36] → PID 661
Participants:  59%|█████▉    | 33/56 [03:45<04:04, 10.63s/it]prompt:  okay so there's no she does look like comic character she looks like one of those like if you play The Sims
 all right time to go ahead and start her up
 and the Hollywood movie stars and stuff being around very liberal really
 and you know that we meet people you don't takes awhile to learn to trust him now I'll players in LA
 Rite Aid travel I was it was just to go somewhere else and leave it's a certain group of people doing workshops and stuff but now I don't like I wouldn't want to fly anymore because of all the restrictions and problems I've had since 9/11
 why you so fly a lot of the San Francisco area
 proclaiming we did rituals and workshops and I spent some time going to work shops
 you are outside so I kind of like we have a week of camping out and have a little workshops and get to know people from different parts of the country find out what's going on
 I have 11 surgeries that kind of tumors breast cancer to come back but I've had two tumors I've had 11 surgeries cuz of tumors
 tumors on my ovary tumor on my kidney I've been had a
 well I was an accounting major but I end up getting an apprenticeship working orthotics-prosthetics so I work this our side prosthetic technician for 16 years I enjoyed that
 now I get a veteran's pension kind of retired cuz I got PTSD and freshen it
 I just to tell me I'm 90% disabled I really do know
 yeah I'm somewhat shy internet is an F I'm working or something I'm not because I know what I got to do and I know it's communicate but just on it
 play video games I get on the computer and play some games and it I get focused on that and it is relaxing for me and takes my mind off stuff
 well I saw a therapist for 6 years dealing with anger issues after Vietnam veteran
 I'm on psych meds so I guess that controls it
 schedule to come over Wednesday tomorrow and somebody else came up with something they wanted to do and she just felt like she could call me and cancel with me and go out with a friend and I told her say it's not going to work you got to have to stick with you you made it you made it you made
 appointment with me first so you going to have to deal with that
 yeah I'll call make make plans and cancel anytime and I don't like it
 probably way I handle depressed when I found out I have breast cancer stage 3 I would have gotten a support group right away I didn't see a social worker right away I was in didn't
 has running prosthetic lab in I couldn't I was more worried about that in my breast cancer I think I would have done that different
 that I did try to be more involved with my sisters lives and stay closer to home. The Pacific Northwest
 but I was self-medicating so I wish I could have not done that
 well my mother thought it would be a good I was more of a hippie and stuff I got in the military with
 it would help straighten me out which I did help someone I did change after that but I had some problems after I left two
 no during the Vietnam era women weren't allowed to go to combat
 learning to fly the M16 was optional so I never I was in Communications
 well I look back now I can see where some of the start drinking and
 as acting goofy and I can see back it was a PTSD in the trauma stuff like I never saw it that way then but I can look back now and see why some things happen
 well the first thing I did was get a job as a bartender mixed with people that I went to work for an insurance company
 for about 4 years I took some college business college classes
 I left work at 16 years and Prosthetics and Orthotics
 but I didn't drink for 15 years I didn't smoke cigarettes for 10 years and then so if I don't have breast cancer stage 3 so can I change my plans
 I got tires on a bus and fell asleep in something startled me in the bus driver knew right away since you're a veteran aren't you and I need just the way I was acting you knew
 little depressed little depressed I don't know High holidays are coming up this is lots of Aloo starting tonight and it's time for interspec introspection
 sorry I look at the past year when I'm done
 I want more depressed I'm taking medication for it but
 a couple people I know died in front of my moved out
 it's been depressing to see that have a three people I know died in The Lacs
 34 months and I said speak a little depressing there
 so I try to play a computer game finally answer to getting my mind off stuff
 I like I don't like people standing too close to me and
 I have social anxiety now I don't like to be around a lot of people like going to the like if they had a jazz festival or something I wouldn't want to be there cuz of all those people I am isolated more
 where are veteran in the substance abuse Treatment Center at the VA
 I told me about the VA in so I went up there and do
 I figured that was my last resort really cuz I was lost for what to do
 yes I go to group therapy once a week of it psichiatra sexy
 I said I worked in a field process I fabricate a lot artificial limbs and braces and something people could use
  [INFO] Predicted PHQ-8 score: 12.0

[20:25:56] → PID 663
Participants:  61%|██████    | 34/56 [03:51<03:27,  9.44s/it]Participants:  62%|██████▎   | 35/56 [03:55<02:42,  7.73s/it]prompt:  Killer Queen shut down 7 to bring her up now
 location of the blowing lines in a picture right
 where are you from originally Silicon Valley San Jose California Sunnyvale that area
 no there's more things I dislike him kind of late but never the less you know the proximity to the beaches of snow multi
 the multiple Court cultures that live here diverse excuse me diversity of it
 Romero's living up north is it snowed in Malibu it's a long time ago and it turns around and says as if there isn't already enough Flakes and I'll lay it snowing in Malibu
 Moma most recent trip I want to Denver Colorado to sometime in Vail Las Vegas wife two kids have been separated for Wallace's the first time in quite some time that we spend some time together we drove out there just found out there have that out there so it's all good
 nothing in particular nothing individually jumps out of me
 Lord some college my college made me focused on Logistics and what not I took a lot of college prep courses they focused on Aviation Ground School for astrophysics oceanography classes like that
 can overcome it so you cannot so I will not be dependent upon the social services
 good morning sky but I've learned overcome that when it's necessary
 wife and I are trying to keep things together and I love her very close to her brothers and sisters with Dad
 I know it's not much but it's the best I've got
 snowball game is not his I can't do right now because my disability it's been a scuba diver like cycling swimming lot of stuff you can do right now and try to get it back
 it's better to respond than it is to reactants very hard to learn how to do
 it's been a while he started with my life
 tell me about the hardest decision you've ever had
 yes I did Sir do Navy 78 to 1983
 see places I was a diver at the time it was in the Navy to become a diver what not
 as you would think of it to be not on non-combat with a different country now lot of combat in the streets but
 no I told you things I did love alarm security work
 not just some carpentry work and finally got into sales and marketing refrigerant companies so I've been pretty much the sales and marketing most of my life
 now we don't know if it was Trey and I don't ever read to change me so
 about that it's nobody to question that means multiply answer but no lately I've been feeling pretty good after the vacation on the wife and two kids so
 no of course vacation with the family always does good
 no it's always good to spend time with people that matter your life that would always good to spend time quality time with people in the life that matter the most
 how easy is it for you to get a good night sleep
 nobody's pretty easy but lately I take something to help me sleep a little bit so
 I've been told him had a symptoms of that but I have been diagnosed with it
 I am seeking therapy to avoid depression get worse but not clinically diagnosed depression that I've had in the past as a result of my separation everything was pretty much determined situation arrived
 no way to avoid depression when I do is keep myself busy and accomplishing things being productive
 now we decide that question if occasion with my family
  [INFO] Predicted PHQ-8 score: 1.0

[20:26:03] → PID 664
prompt: kind of flies in here a little bit virtual of Mortal Kombat first real reality
 I'm quite certain that utilize a female for you know and soft touch or something
 well if it gets any better I'm going to have to take the straps off and shoot straight up
 well I enjoy life itself so and doesn't matter if I'm in LA but some of the things Hollywood you know some of the tourist attractions
 well I don't like the games the violence those type of you know behaviors associated with life but it is what it is part of the structure in the city so
 no not today I used to travel a lot but I'm kind of cold out today
 why well job so I've been off work for a little while I'm self-employed and it's primarily I'm building my home based business in Long Beach so that kind of restrict my movement at this point in time but that's going to change in the next couple of months I believe
 it would be traveling all over the world I will be at something where I can interact with various cultures and and you know get to know their traditions and how they live and you know it just experienced other people's you know Lifestyles living skills and whatnot
 do you consider yourself more shy or outgoing well it depends on the circumstances you know I believe God you know gave us two ears and one mouth one you know Mom to talk
 at appropriate times and two ears to listen more so you can understand what's going on and how to respond
 tell me about your relationship with your family it's all good you know I stay interactive with my sons daughters sisters and I enjoy it
 what primarily I play sports and you know I stay active watch a movie go to the movies or go to dinner
 well I think I'm pretty cool calm collected type of guy you know there aren't I am human and I do have feelings and you know I try to control those and respond not react but responding appropriately and you know kind of analyze my feelings emotions and and the origin of I'm feeling went when I'm discomfort it when I'm cool and when I'm in the flow I'm just you know an alignment with her
 my greatest source of strength and courage you know the divine order things for me
 well I try to nip our arguments in the butt before they get to not a hand or misconstrued or misinterpreted so I don't really argue if I see it coming on take your time I'll remove myself from you from the discomfort and come back in the dresser later
 and you know that when there's a decline in the overall anxiety frustration whatever
 well you know there's several in our coming up through life but in retrospect I don't have to say any time there was a physical confrontation I think I could have handled that a more appropriately more healthy if you will
 well you know what I really don't feel guilty about my life I feel as though I received or had opportunities to recognize my challenges you know my my frailties my strengths as a human being so I take it head-on in a square off with in recognized where can I become better and so and no one's perfect but you know I strive to become better a better man better you know friend a better husband or better whatever overall for me they're just challenges and I have to recognize him a sandwich and you know correct the errors of the past and set new disciplines into my future and it works for me it's been working for me since I acknowledge that
 I should go and the hardest decision I would have ever had to make
 when actuality I don't have any events like that because it is what it is
 you know the past it can be a thief if you live in the past the future is unknown so I live towards today you know what I say the present you know is a gift life itself is a gift on a daily basis and that's why they call it the present so I try to stay in the present I do you know right now it's the pass and mistakes and you know achievements as well overall
 percentage-wise I'm winning so it's learning experiences I've accumulated in my journey and as I proceed forward
 I knew I was headed for trouble and actuality I realized the path I was on wouldn't lie to you know Financial struggles at that time song
 military was an option I can get an education and pursued see some of the world and you know there were multiple vinegar benefits available and I think that's what prompted me to
 relatively easy because I came out and I got a job with the VA
 within a couple of months I'm so it made my transition no more smoother and whatnot
 live life and you know experience the highs the lows and in between sand
 well overall I'm happy with my life my mom over all achievements is where I'm headed and you know what I look forward to and and you know I'm all wrong
 well that's pretty good you know I kind of exhaust myself I'm up early in the morning by 11 I'm trying to get this slave which I you know I read a little better or watch a movie or
 well when I don't sleep well I would be tired you know my body would tell me hey you didn't get enough sleep
 you know pay attention to that because that's the essential to your you know performance and when I'm so I'm aware of that and
 really really really happy I guess when I was in love I don't know about
 but I'm happy today I mean really excitingly happy would be when I recognized you know virtual
 well you know my sister is my daughter is my son's somebody no close friends tonight interact with
 learning web juice a contributing to the development of life and what it stands for what it really means they understand that and they participate in the housing meaningful weighing and those are some of the influences that you know if Center my center of influence that you know I kind of kind of inspire me
 I didn't even respond yet I took my daughter's skating and then took him to dinner afterwards we had a good time
 well I'm proud that you know I'm a human being with compassion for my fellow man a good understanding of Virtues and and
 then I will pay you and walk you back over so you can just finish up with that post survey and Beads and
  [INFO] Predicted PHQ-8 score: 0.0

[20:26:07] → PID 666
Participants:  64%|██████▍   | 36/56 [03:59<02:13,  6.66s/it]prompt:  I was born in Oklahoma race here in Los Angeles South Bay District area Gardena Torrance Redondo Beach Hermosa Beach
 sometimes you feel like you're amazed cuz it La just keeps growing and growing and growing in the space is getting smaller and smaller and smaller
 other than that though I don't have any problems with the Los Angeles I like the fish I'm right here by the coast so that's never a problem
 you travel a lot no I pretty I'm pretty much a homebody I pretty much stay in the area I used to travel a lot
 but I've gotten older I've become more of a I wouldn't say couch potato but I like to stick close to home
 well I used to when I get a 3-day weekend when I was younger I would just jump on my car throw my fishing tackle in the trunk and just take off I need to go from here to San Diego from here to the Oregon or whatever on a three-day weekend wouldn't tell anybody where I was I come back and everybody would be freaked out but I used to do just to get away from everything
 what's the island over there where the Navy Seals train there's a big hotel over there and was in the middle of the week and was like I was the only one there on the beach really Pleasant
 I'm qualified as both quality manager and quality engineering fo I pretty much handle both
 actually I am in my dream job I've always pictured myself having my own office being in charge of what it is I do
 I have three children are drawn one of them is a doctor she's a biologist she lives in Colorado two of them live in Arkansas I'm divorced for so many years I keep in contact with my kids my parents are both deceased my grandparents a deceased my older sister just moved back
 an entertaining movie hello the guys where I live I like to watch like TruTV cops things like that because you face it every day
 being able to focus on something it'll take your mind off other things that might you might be having a problem with her might be stressing you out that work for instance
 it's not that I get angry at I don't get angry at idiosyncrasies that type of situation or people's habits or anything it's
 I got angry at a lot of society I see things popping popping up popping up in society that seem to be going towards the out-of-control direction is opposed to the getting things under control and
 picked up my mother was spent the last four years of her life and a sub Acute Care Center here at to Little Company of Mary from diabetes and stroke to pick my dad up
 every morning drop him off in an hour or so with my mother and then go on to work and then after work I pick him up and come to drop him off and then I'd go back all the night she passed away
 I picked him up and dropped him off and then I had to go home for a little while and I was going to go back that night and I fell asleep on the couch
 that situation that I just explained about the night my mother passed away at falling asleep and when I got back up that this morning to go pick up my daddy said your mother passed away last night
 what made it really difficult and she was by her Capel mental capabilities were were completely there she or cognitive awareness everything she knew what was going on but her body just gave out
 is actually pretty good Duty I made rate really quick I just spent a couple days in the brig here and there but I got out with my fully five status
 that's one of the big that's really the only true regret I have is I should have stayed in and and been retired by now
 for a needle Academy and but my physical exam worse me out of that my exam because of bad depth perception and it kind of wanted me to come in just as the general duty officer but I wanted to be a pilot that's a No-No No-No and I backed out of the whole thing and your later
 oh yes it was definitely a better choice that put me through my school my education and Ladder years
 not as such we arrested a few people on drug bust in that type of thing back in the 70s
 it was great cuz the last like I said the last 18 months was right here in
 Los Angeles Los Angeles County so it was basically a 9 to 5 job to me
 so I had no problem going back in the transition anyway what were the six years that I was in the service I saved a lot of money u.s. savings bonds of course so I saved enough money to be able to relax for a couple years to decide what I really wanted to do and that's when I decided to go back to college get a couple degrees saying manufacturing mechanical engineering quality engineering and I've been doing that
 quite a lot it made me realize I had a future instead of just when I was younger you know just kicking around thinking you were going to live forever and not really focusing on anything for the future
 you got the military has been a very good benefits touch with the GI bills
 back then like I said it paid for your education so I had that option and I took that option
 you're sorry to hear that but I took the option to use the GI bill for my education
 fire during their I'm going through some side effects with my new inhalers I have a COPD bronchitis chronic bronchitis and they've been giving me some dizzy spells and coughing spells in the morning when I get up and have to take these inhalers and it really it exhaust you it takes a lot out of you
 but I'm getting up there and unfortunately I'm still smoking on the lighter side of that I'm not as smoking as much as I used to
 but other than that I'm doing pretty good I'll be moving out of US Vets in a couple of months and I need to pick up with the pace on that to find an apartment
 usually it's usually it's pretty easy I have those times when I'm tired to the point of where it's hard to fall asleep and sometimes I can just go to sleep right away
 how long does thinking of maybe something that happened during the day like you mentioned earlier in this conversation things I could have handled better things I could have done a little differently
 little grouchy I guess a little grouchy but a cup of coffee and I'm usually through it and over it
 back before I go to the service I was diagnosed with what do they call it bipolarism
 Oasis spend a lot of time with him on summer vacations when I was a teenager
 my dad was in his retired army so he was away so I guess my grandfather was more of my my father's been the male figure in my in my life
 I have three kids three children $2 to $2 one son I'm really proud of my oldest daughter I was able back in 1986 I came into a significant amount of money to be able to put them all through college if they wanted and my oldest daughter took me up on it
 thanks for sharing your thoughts with me you're very welcome I feel like I'm in an episode of The Matrix
 you know the first thing I thought of when I said I didn't realize she was sitting there in that chair was The Matrix
  [INFO] Predicted PHQ-8 score: 4.0

[20:26:11] → PID 669
prompt:  oh there she has where's your face we're not going to see your face wow
 so once again I ministered her up and then went to after she's done she'll tell you the environment
 oh I'm feeling pretty good I had a little I was a little bit
 I wasn't sure what to expect when I got here but I feel pretty comfortable now
 where are you from originally I'm from New Jersey born and raised in New Jersey
 went to basic training in New Jersey at Fort Dix drafted into the army when I was 17
 I don't like it's just too crowded in La there's just too many people and it's just everybody to rush rush and
 but I do like the weather here so that's where I'm here and my family is here
 I traveled when I was younger when I got out of the military because I wasn't sure exactly what I was
 looking to do with my life and but now I'm kind of settled in and going to school for culinary arts
 in Hollywood and I have a fiance who graduated from USC and I'm pretty happy with my life
 going to new places and meeting new people and seeing other parts of the country I haven't been to Europe but I hope to get there someday
 for credit number years I lived in Louis in New Orleans Louisiana took a trip there
 and enjoyed the food was fantastic and the music was fantastic and the weather was great
 my dream job is to own a bed and breakfast with my fiance that's my dream job
 and I hope to make that come true within the next year or two
 probably more shy than not going I was much I was very shy when I was growing up but I'm still shy but I'm trying to break out of my shell so to speak
 well my mom and dad are no longer with us they passed on
 which is probably partially my fault parsley her fault we just don't seem to have a lot in common to show
 my mom passed away and that was pretty rough she was pretty sick by dad passed away about 9 years ago from Alzheimer's so
 to relax I just like to go take walks take long walks on the beach
 I love the outdoors so I love to get out and exercise whenever I can that's what I do
 I don't have a temper I don't get mad very out it takes a lot for me to get very very mad at somebody I'm cutting easygoing guy
 no not really and I I try to avoid trouble whenever I can sometimes you can't avoid it but I try
 probably arguing about with my roommate about making too much noise when he gets up in the morning and you know silly things like that but
 when you live in that kind of environment you have to learn to live with other people and
 I like you. I don't really want to discuss that later would rather not I'd rather avoid that question
 not getting enough education when I was younger and I had problems in school and
 disappointing my family things like that I had a bad childhood due to my fault though she not theirs but I made the wrong decision which I'm paying for now so
 thought that was the hardest and it's been about 2 years now but
 my early years before I went into the military I didn't have many friends I was very shy very bad in school I wish I would have paid more attention
 it's too late to worry about that now so we have to move on
 and with the acquisition support and help with my fiance that's what I'm doing
 yes I was in the Army in Vietnam back in the day when I was 17
 7 / 70 or 71 I can remember it's been a long time
 yeah and now I'm getting help from the military so that's a good thing
 no I was Stateside all the time I was in the military I was stationed in New Jersey
 it was well do the fact that I didn't go overseas or she combat it was fairly easy you know it was hard leaving home at that young age but it was fairly easy I didn't have much, I had some problems in the military but
 I missed him a lot and miss my family but it was okay it was a good experience I'm glad I did it
 are we still young and I wanted to see the country and travel around work here work there good job you got a job there just thought I should have been going to the school and while I was young and getting it having a decent job now instead of starting at the age of 60 but they say it's never too late so here I am
 well I have my good days and bad days because I'm on this new medication for depression so some days I don't feel good and
 some other medical issues but most of the time I feel pretty good but there are they there are good days and bad days
 well I just know I don't sleep well matter fact I hardly sleep at all which is not good
 and then like I say I have my depressing days and days where I just don't have any energy and don't feel like doing anything and then
 I have my good days with my fiance to go to the best because she's my
 how easy is it for you to get a good night sleep very difficult very difficult about 3 to 4 hours a night last night I woke up at about 3 in the morning and I never could go back to sleep
 I'm not quite sure how I guess just I don't have the answer to that question I don't know
 well I don't know what that is I was never diagnosed with anything but you know they want to put me on some sleeping pills but I try and stay away from as much pills as I can I really don't like to take a lot of medications but there's some medications I have to take
 such as I have medications for my anxiety and my depression things like that I have to have those but other than that I'd rather stay away from medications if possible
 attacks that I've had for the last three or four years would you put me in the hospital but as long as I stay up on my medication I'm okay but I have stomach problems
 so it's just a day-to-day thing I deal with it the best I can
 I don't know I'm not an I really don't know I just like I started do some
 problems when I was losing my I thought I was losing my eyesight because I had my iPod with popping out to do a thyroid problem I had and so they put me on this medication that I can't get off of now I've been on it for about 4 years 5 years and I'll probably out the rest of my life I have to take it twice a day or I will end up in the emergency room which I have before
 I just try and I just deal with it the best I can go out and
 engaging some physical activities you know go to the beach like I said before and things like that keep my mind occupied
 well because I wasn't sure what was wrong with me and I was just because I was feeling sick every day
 which is not natural so I had to go see a doctor psychiatrist not because I'm crazy just because I needed some help some medication and they gave me this medication that they did tell me that it was addictive
 and it's highly addictive and I've been on it for like I said about four years now and I'll probably be out of the rest of my life so but it keeps me
 well I have an appointment tomorrow is a psychiatrist and yes I do
 not that often as long as I keep on my medication I'm okay
 well the last time I was in therapy with the psychiatrist all they did was
 it wasn't very much of a help because they were talking to me about my family and things like that and they weren't really helping me any so
 I just go to see a psychiatrist and that was the first time I've gone and it just all session lasted about 10 minutes how's your family where they live blah blah blah blah blah blah
 nothing about me and my problems and I never went back so I do have an appointment tomorrow with a different psychiatrist to see if I can get some more help and because I find Working is very hard because of my problems with my stomach and my breathing and if so I'm trying to
 finding a job especially in these times is not that easy so we'll see what happens
 because I don't I need it I need some income you know and I can't be little bit too young to retire so I need to be put on disability
 like I said I don't go on a regular basis so it's been a while I will see what happens tomorrow
 and we want I want to wish my fiance I'm always happy because she's a very puppy positive person and we're in love and
 so that's what I'm most happy when I'm with her because we have a lot in common and we have fun together
 well I met her when she she's a paralegal and I met her during the time when my mom passed away and she was worth for the attorney that was helping us with the selling of the house Friday of the money in this and that we kind of went out for a cup of coffee and we started to
 and show me my fiance made me a nice dinner and we spent the weekend together and we went to the beach and
 well that I'm 60 years old and still have a full head of hair and still fairly healthy andParticipants:  66%|██████▌   | 37/56 [04:09<02:25,  7.66s/it]Participants:  68%|██████▊   | 38/56 [04:12<01:51,  6.21s/it]Participants:  70%|██████▉   | 39/56 [04:21<01:56,  6.87s/it]Participants:  71%|███████▏  | 40/56 [04:30<02:03,  7.70s/it]
  [INFO] Predicted PHQ-8 score: 12.0

[20:26:21] → PID 676
prompt:  are you okay with this yes I am
 so how are you doing today I feel pretty good and yourself
 melo's nice places Big Lots of events here this last oceans around surrounding it
 going to school going back to school getting ready voice
 payment to student right now back in school
 tell me about your relationship with your family
 me and my family gets along very well I have one brother at two brothers and one sister and we're doing pretty good
 how do you look at TV or listen to music
 pretty good I do not lose control of my temper
 when was the last time you argue with them
 I don't even remember the last time I argue with you today though you're made my sister about the spending habits
 I wish I had applied for position a lot earlier than I did so wasting my time and procrastinating with it
 tell me about the hardest decision you've ever had to make
 I'm going back to school I guess
 how have you been feeling lately a blessing fine
 have you noticed any changes in her behavior
 how easy is it for you to get a good night sleep
 pretty good I use you fall asleep the same time every night to go to Santana every morning
 have you ever been diagnosed with PTSD no
 who's the one that's been a positive influence in your life
 shooting billiards and pool with a friend of mine
 what are you most proud of in your
 in a job as a computer programmer
 thanks for sharing your thoughts with me
  [INFO] Predicted PHQ-8 score: 0.0

[20:26:24] → PID 679
prompt:  I live in Kansas but I grew up in Long Beach
 and that's kind of it and police like police
 and I don't travel I would like to though
 I don't really have the means to travel right now
 like it's hard to get around without certain things I don't know I'm just not a big Traveler
 well I'm a truck driver work in transportation
 I've been doing it for about 3 months now kind of new today to the industry but I like it
 I don't think I have a dream job
 why cuz I don't know how I used to be shy with not no more
 scientist are just opening up you know guess you ain't going to help you do nothing
 it ain't going to get you if you know how to spell you know I hear so you got to be outgoing
 I don't really have a relationship with them
 I'm good at controlling I just ignore people with most time anyway
 well you have before not lately. Couple years you know
 a long time ago it was about money of course as usual about
 I wish I would have handled differently maybe when I start stop talk to my family you know I probably could have been little more easygoing about me I kind of went hard on him in a little bit. FM you know I kind of told him if I'm and I don't want to hear from you no more
 I was already did that different but you know I did it so
 not that I can think of right now
 hard decision I've ever had to make was a
 I'm only 27 so I'll probably be half some more stuff in the future
 email the service you know what I want to go there or not but I want to stay home so I'm glad I went
 my friend's death I had a friend that died
 I watch them die and kind of blame myself
 I was on 17 about to be 18
 my mom let me have a job I have no job
 so I'll just join the service so you don't put me out I don't know why but you know I went to the service
 and I know yeah so yeah I'm glad on it
 how do I do last day of my life
 kind of easy because I don't want to be in service anyway
 you know that I mean I was used to it by then that when I was in the 3-4 years already I was used to it but you know it's easy to transition back to civilian life
 I just stay with my parents for a while
 my real parents my biological parents and I got just got into security work
 and learn got me out of respect life and take life for what it is you know I always got to be proactive and
 and I'm doing something with yourself paint me like I said just made with your
 no made me learn how to protect myself to
 oh I feel cool you know just to myself and I don't talk much at this point as long as conversation I have it
 start my behavior just became more you know isolated
 dealing with people who in dealing with stuff in life
 I'm not too easy Obby we see I can't stop shaking down you know
 that is hardly getting nice cuz I sleep but I take meds and stuff
 but it still be hard to without the man
 what am I like when I don't I don't sleep well I hope that's what you said
 asshole I'm a sophomore but not really I just retired you know I have to get some sleep but I'll try to sneak some sleep into today
 I don't know why when I went to Magic Mountain I'm happy but not really happy you like I don't know about the lottery I'll be really happy you know me I play so much
 you are a couple people with really nobody cuz nobody like
 me you know I mean I have the info with myself to do good
 I don't have a best friend but people would describe me as nice person quiet you know take tries to take care of his business
 you know I'm trying to just treat people Fair that's it
 went on a little vacation by the week ago with the Vegas I really enjoyed that
 Okay miss lady I put the thing I liked
 maybe she left one in here and one minute
  [INFO] Predicted PHQ-8 score: 14.0

[20:26:32] → PID 682
prompt:  she feeling before it is that enough space
 so again when she's done she's going to say goodbye and then you're going to press this button let me know you okay
 so how are you doing today I'm doing good thank you
 which one of your most memorable experiences
 the day my first son was born
 I was a medic in the army
 I want to be a private investigator
 you consider yourself more shy or outgoing more outgoing
 have a good relationship with my brother and right now
 I think I argue with my brother about going back to work
 I wish I had communicated better with my ex
 not being a better dad for my boys
 probably going into the army that was a tough decision
 not being a part of my daughter's life
 have you ever served in the military yes
 the last couple weeks actually see a light at the end of the tunnel
 no I've actually got the same maybe a little bit more positive
 how easy is it for you to get a good night sleep
 it's kind of difficult I haven't slept 6 to 8 hours straight in a long time
 I don't know cuz it been a long time not the same
 have you ever been diagnosed with PTSD no
 about a month ago when I went to the VA who was situational depression
 my 8 months ago when I was with my boys at the park
 tell me about something you did recently that you really enjoy
 most recently I just finished a really good novel
 thanks for sharing your thoughts with me you're welcome
 I think you are so delicate I Want to Break Free
  [INFO] Predicted PHQ-8 score: 7.0

[20:26:42] → PID 683
Participants:  73%|███████▎  | 41/56 [04:34<01:38,  6.55s/it]prompt:  it made it onto the camera so Jesus asked the other lady if she wanted me to put it on my forehead
 that you utilize different birds with him at the date today so everyone has been speaking to this young lady what's her name
 so I'm going to go ahead and start her up and then again when she says goodbye press that button okay
 open spaces for me coming from a different city it's just a completely new environment than that it was exciting
 not in the form of sense but I work in transportation so I was on the road a lot doing a lot of covered a lot of territory over 800,000 miles and the last six years just in Southern California
 Hoag traveling cross-country coming out here I've traveled across country from here from California to the Midwest Indiana Chicago area three times by vehicle car and it is just a profound experience the the the openness is vast and just you have to experience it how you can explain it
 and I'm currently a student 20 years later again business management and cinematographer cinematography cinematography as well as a minor
 you consider yourself more shy or outgoing shy outgoing because I have to be
 You know if I can get myself out there I do a little exercise
 that's really not to relax that's really to unwind and get myself out of the tension that I might be in
 do all of my options before I chose and it was a bad decision
 oh there was no decision in this this is but something that I'd like to relate erased from my memory was in that accident with my brother a long time ago
 in a manner of speaking I was in Korea when they stomped one of my Majors to death and from that point forward everywhere we went we went fully loaded meaning armed with ammunition
 and just really was a pretty much the same as just changing jobs now
 went back to the job that I had before when I was working with the u.s. steel
 appreciation or the opportunity to work with stuff that I never probably would have worked with him so I travel a little bit around the world and we're working on the Korea and that may be more aware and appreciative of all of the things that are out there I got a chance to see him and touch him a little bit
 living environment where people are insecure so homeless and environment and there's a lot of stress that goes along with that if you're trying to do something that's a lot of you know you're beautiful you don't you're not sitting with the other people because the downtrodden and
 the same size if I get a lot of sleep in my own opinion but I think probably less focused
 less able to focus but not getting sleep lately has been tough or go to sleep okay but I just wake up in a few hours then back to sleep you probably a lot of other things too
 yeah that was one of the questions on there but it is it needs clarification and that's why I checked know on that yes but it was I was part of an experiment with taking interferon and ribavirin to try to cure hepatitis and those those two drugs cause depression so I was chemically depressed as opposed to clinically and as a difference so there was some the psychiatric help and some medication to help me get beyond that 311 months of treatment with that it was tough don't recommend it to anybody interferon is a killer don't do it
 that treatment ended probably and all of the symptoms with it probably 3 to 5 years ago 3 years ago I think
 interferon and ribavirin to drugs that they used to treat cancer and also in the treatment of hepatitis-c currently
 in addition to a third drug that they used can't think of the name of it
 well I seem to be okay now has skin damage my body broke out in a full-body rash
 the itching we're talkin about chemical cause being chemically induced as opposed to psychologically
 most worthless piece of crap I have a 20 out of 10 therapist that I talk to whoever said that the VA maybe to actually knew what they were doing or and then two were sincerely concerned about what they were doing the rest was just collecting a paycheck
 well they were incompetent just asking foolish questions why I'm even we were supposed to be talking about some of my personal things in life and she was playing little games like sitting a person purposely leave the person on the table to see your nose still use using Psychology 101 the book bad about through the by the Numbers at the way that she was taught to proceed with someone as opposed to actually knowing how to proceed with someone if they just it was it was it was a funny actually actually funny
 nothing you know all of that depression stuff kind of eased off and so I'm back to trying to do the things that I was doing before I took that 11 months to go in that experiment
 I usually get a little bit of that daily somewhere I get a little bit of happiness in here
 there are elected without being you know listing of the risk of being casciac my father but other than that of positive influence in my life have been many mostly the men that I worked with while working it was a younger man
 there was some of the best the best work experience I've had in my experience is my 30 or 40 years of working with the team and ship those men and it was probably the same kinship that you would gain from being in combat because it was dangerous work and these guys looked out for each other they took care of each other I'm pretty sure it's pretty much the same way for a guy that experienced combat and the camaraderie that they had to have with each other because their lives were on the line
 but I really enjoyed I get a lot of those could be going too many things I enjoy the moment you know driving
 shopping for an enjoyment in something some kind of way everything I do
  [INFO] Predicted PHQ-8 score: 5.0

[20:26:45] → PID 688
Participants:  75%|███████▌  | 42/56 [04:41<01:34,  6.72s/it]Participants:  77%|███████▋  | 43/56 [04:51<01:38,  7.56s/it]prompt:  what's wrong with all my school as a military brat
 I realized just like the size of the town I've been through since I got something to do
 just wish I had the energy to get out and do it
 lately I've been thinking a lot about when I was in Japan as a child
 started x-ray technology has x-ray technician for a couple years ago I lost my license because of drug addiction
 all of my working again but I lose my benefits if I do so with the economy being what it is there's not a whole lot to do
 do you consider yourself more shy or outgoing pretty shy person
 find it difficult to make friends lot of trust issues I guess
 really I found was never very close so I can wear military family how much everybody did their own thing and we did all get together for so don't worry. But it was you watching TV
 actually I don't really have much of a temper trying to text a lot to set me off as far as getting angry
 so I don't have really have a problem my temper at all
 all I saw was actually yesterday was just a person stupid we trained put your back back in place
 I wish I could have had never broke off relations with her if I might take my life would have went a whole different direction
 I feel good about the way I broke it off with her over the
 I'm going to come all the way out here from Virginia to Texas where I was staying at the time and then drop them off I don't think we have a future together
 I wish I could resell that time that I was out there doing drugs
 I got down after the whenever doing the draw down after the first Gulf War Desert Storm
 I'm sorry I didn't get cash I was talking when you were getting ready to talk
 not really seems like a lot of times it's just feel blank like I'm not really
 no I did I never saw, but I was supposed to deploy you over there but by the time my appointment world around the war was already over
 how easy was it for you to go back to civilian life
 actually was pretty easy I mean I was pretty hard charging already what I want to go to x-ray School get my degree
 what kind of a screwed-up I get involved with drugs
 welcome back to school full-time I mean I got a severance pay when I got out so I was going to pay my pay my rent up that you yours eyes in school
 and after work and worry about I just looked up my GI Bill
 dresses was pretty easy I mean every now and then I'm there once upon a time this time as the comradery
 ready to go back to school which is if I could have I could have gone to college right on his high school I just was tired of school when the military kind of
 basically just got me Focus to go back to school
 don't feel like I have any energy to really do anything
 like I said it's as soon as I can recently
 I'm not sure with people I just don't like being around a lot of people lately
 how easy is it for you to get a good night sleep
 I sleep pretty good only get up about once or twice about to use the restroom
 I just dragged I don't want to do anything because you just found sleeping in bed asleep in the recliner I just pretty much to my recliner all day and not off.
 Yes I was first diagnosed with in the past year with PTSD
 you have been diagnosed with depression for several years now.
 Like I said it's I don't know what maybe I'm getting just one medication or what's going on but
 where the depression it's been about 3 years through half years
 like I said I just didn't I'm a little hard of hearing and I really didn't catch the question
 I said I just was not a whole lot to do I just deal with them I don't
 you know that I have any room coping skills that I use I mean
 I try not to focus on the negatives and stuff like that
 what caused her to seek help Mom has a drug addiction I was living on the streets and finally woke up one day I was just tired of it
 end up going to shopping Riverside where I found out that I had VA benefits coming
 assume I see a psychiatrist about every 6 days a week so yeah I do
 actual reviews of the doctor I've got here in the Long Beach VA
 just nauseous as soon as I get things off my chest
 I can't remember the last time I felt really happy it's been a
 ended up at us vets in here in Long Beach around a concert
 what are some Citrus I've been at were pretty straightforward guys and I mean
 I don't really have any best friends with most of them
 I joke all the time which month are sister defense mechanism to avoid taking everything seriously
 if I understood the question correctly I'm something I really enjoyed I used to be real face of really enjoy reading and then I go through book every 2 or 3 days and just haven't been able to focus on over here line of human Savannah breed
 that's what really gets me frustrated I used to really be a real B reader
 well I'm going to go try was pretty proud of that was up there I guess I'm most proud of us much stopping doing drugs
 just waking up one morning side enough is enough and
 how's it going to stick to a McClain over 3 years now
 yeah there's a couple questions I couldn't understand a little hard of hearing
  [INFO] Predicted PHQ-8 score: 13.0

[20:26:53] → PID 689
prompt:  Prime crowded the air air
 I get around transportation in the buses so I get use the buses
 going to Universal cities places like Universal City
 I write antique shopping travel a little bit
 my dream job is come
 tell me about your relationship with your family
 Brothers Brothers on nieces nephews cordial
 music maybe and play music go antique shopping
 watch TV things like that
 it was about calling him and using the
 the Star 82 before I call him 2 * 82
 I can't think of anything right now I can't think right now
 the hardest decision I ever had to make
 probably being in the military
 college education experience things like that
 how easy was it for you
 it was not very easy it was not very easy
 why you probably become very distrustful of some men probably
 very cranky cranky just cranky cranky can't concentrate too well just cranky
 have you ever been tag cast
 waking up jolted from sleeping things like that
 well it was like that
 and I'd put in a great big tower
 and just training and not being able to jump off the tower
 just counseling counseling in counseling and trying to overcome a fear of heights
 history of work trouble at work things like that social problems trouble at work things like that
 you still going to therapy now yes
 you feel therapy in Hughesville yes
 well I was shoved off of tower when I went and refused to jump basically I was shoved off when I I froze mentally and physically but not supposed to show jump off this power and I froze I couldn't jump I got afraid I look down and couldn't right ahead and I was just shut off the tower and
 basically told I was worthless so
 all starts maybe. On and off during the weeks so just maybe we could Our Song
 who has been a positive influence in your life
 there's a there's a psychologist there a psychiatrist at the women's health clinic in West LA
 like I said antique shopping probably
 trying to go forward just trying to go for it
 thanks for sharing your thoughts
 and just give me a second
  [INFO] Predicted PHQ-8 score: 10.0

[20:27:02] → PID 691
Participants:  79%|███████▊  | 44/56 [04:59<01:31,  7.66s/it]prompt:  I'm sick of losing my interest in California with more and more everyday so I guess the weather
 everything I was went to college for some Human Services did some solartech installation studies than high school just general study
 it's okay you know I don't talk to him much I see him every now and again you know I don't see my kids too much but now it is what it is
 listen to music play some chess just sit back kind of just relax and let my mind wander
 what's today Thursday so Monday Tuesday it was about somebody trying to tell me how I felt
 losing my job and not getting my daughter her birthday present on the day of supposed to be there
 shit hard to say that I'd rather make leaving my son leaving my son's mother and my son wasn't an easy decision but it was probably for the best because we weren't getting along that much and I wanted to grow up in that type of environment where was always arguing
 the shit that happened to me when I was a kid when I'm with my family members I wish I could just forget about all that and have it not happen
 because when I got out of high school that wasn't doing anything I wanted my kids to have something to look up to and it was a promise that me and my buddy made to each other we were going to go in the service together but he died so I went just to keep the promise you know that's it
 kind of difficult it's kind of hard making add adjustment from being able to tell people what to do and have them do it and then come out and you can't get a job and you don't say if you were telling you what to do you know the structure was different so a little difficult
 I started working at a power plant Mill doing some painting and I've had a bunch of different job since then
 yeah I don't want to I don't want to kill people like I used to I'm a little bit more open with people I'm quicker to a talk to him and would not so yeah my big my behavior has changed my attitude
 how easy is it for you to get a good night sleep I don't know it's almost impossible
 A little grumpy agitated all the time just so you know all I'm thinking about is I want to get to sleep in my how come I can't sleep what's keeping me from doing it
 like I said everybody I saw I want to kill or do some kind of bodily harm to him real short fuse I was mad at everything for nothing you know I don't sleep
 so you know strange places I never been before it's a lot of people I don't like going to
 you know that's a good read that's a good answer I mean good question I don't know it just crowns and strange people come in and closer to me and everything else I don't know what that might be it. Just
 what it is but I'm always wondering what the next person is going to do when they get that close to me like especially you think in a crowded room where you can't move around as much and you know I'm always watching the whole everything trying to see who's going to do what and when
 usually I try and get away from the crowd you know that's how I cope with them that I usually just trying to get away from the crowd not focus so much on it but it ain't hard specially if you got to be there but yeah I just kind of stay to myself and watch everything moving
 I should go and actually check out what's going on with my back but when I got in there I start talking to the first place I went was the mental health ward and told him what was going on with me, attitudes in my harmful thoughts to other people and that's what got me here but I got to say a friend of mine suggested that I go
 yeah yes I do well my last therapy session was about a week or two ago but I'm getting scheduled to go back
 yeah yeah yeah it's it's slow me down you know I'm not so quick to want to hurt nobody no more I'm not so while still defensive but
 it's a weird feeling I don't know how to describe it it's kind of like describing the taste of milk to somebody it's just anybody I'll be walking in the hallway and a minute I'm looking at them I'm figuring
 what kind of if I had to encounter that person how would I physically disabled them you know do you know the saying don't show come out do I just strike him in the throat poker I don't say break a leg or arm or something you'll just how can I incapacitate this person
 it's a trip I'm telling you the alternative just had a thought all the time with a complete stranger who really doesn't pose a threat to you is true
 I'm a little more tolerant I don't fly off the handle as much as I used to you know stuff that used to piss me off like you don't say little things I don't really get too upset about a may have sent me but
 my reactions of different I don't like I said I don't explode cuz everything I mean the smallest thing with send me mail saying over the top but not so much no more you know it's kind of breathing take it in stride or try to you know
 may all that has been some years it's been some years I can't even really put a finger on what I actually felt really happy
 so you know cuz it's always been I might have moments where you don't say everything's cool and it's a good day or whatever but
 I'm still throughout the day there's they'll still Bostwick creep in and you know I'm saying I'm looking at people this that another thing I'm saying this way and nut so yeah it's been awful long time since I was just genuinely really happy
 somebody's been a positive influence in my life my parents you although we have a problems you know I look up to them they've been through with each other for umpteen years and a positive influence to me I mean outside of that there's a old girlfriend of mine named it don't matter who what name is old girlfriend of mine she's
 kind of show me how to take life as it comes and you'll not everything's a battle because she's going through stuff that I'll never have to go through you know saying she's terminally ill but yet she still has a smile on her face and you know just keeps it going so I got to take a
 you know but real honest you know and loyal you know crazy are crazy cool loyal fun and you know just
 all around pretty decent person because he told me that not too long ago you like doing ain't nothing wrong with you man you all right you know you just you human so don't trip
 had a little cookout for some kids at The Villages where we stay at and I did the cooking for him you know it was for us but I got to cook for them and you know they was happy and we got to work in the garden a couple of days after that or the week after that is something so I kind of duck that real cool Yule saying watching a little kids run around happy you insane still innocent not knowing what life is really about the old saying Thanking us for
 the shit we went through so hopefully they don't have to go through it but I had a ball with that a lot of kids
 into wanting to be a cool kid in school start drinking and running around skipping school and all that but now my kids they don't do none of that and I'm so grateful and proud that you don't think they actually make it somewhere in life my daughters have shipped my daughter in the Africa and other places places I was in the service and then go to she went because she was in school you know my son he's a he's a good kid you don't need a lot more like me than he actually knows he is but he's doing
 so many things that I want to do when I was a kid but I couldn't playing football is playing sports he's going here he's going there you know he's a smart kid he's real smart kid I couldn't be prouder
  [INFO] Predicted PHQ-8 score: 16.0

[20:27:10] → PID 693
Participants:  80%|████████  | 45/56 [05:09<01:32,  8.42s/it]Participants:  82%|████████▏ | 46/56 [05:14<01:14,  7.46s/it]Participants:  84%|████████▍ | 47/56 [05:20<01:04,  7.12s/it]Participants:  86%|████████▌ | 48/56 [05:27<00:56,  7.10s/it]prompt: play 20 seconds or more
 allergy her every once in awhile
 what can go wrong with candy well
 imma go ahead and start
 thanks for coming in today
 are you okay with this yes
 where are you from originally
 too much traffic too much traffic
 tell me about your relationship with your family
 I turn on the AC
 hey I know it's not Hawaii but it's the best of guy
 I try to control it
 when was the last time you argue with them
 well about work Mason mostly work
 my response to people sometime I would hope that I would try to think a little
 more and save more more kind of things
 and I don't know what you consider that what what is guilty I mean
 I don't forget about anything unless you specifically you know time
 how easy was it for you to go back to civilian life
 it was the transmission was was challenging
 went home sick temployment look for a job
 how did serving in the military change you
 I rolled my eyes to multi cultures
 and the way different folks behaved and live
 just the same old same I guess
 flare up Jeopardy no irritable
 I ate comes and goes maybe I have mood swings you know sometimes I can reach highs of good feelings and then sometime I I go into out what I considered Dark Days Lowe's or a depression
 I have to say my oldest brother and I track coach
 I would say Fearless but recklessly almost almost recklessly
 it's hard times in my life
 I can't think of nothing right now
  [INFO] Predicted PHQ-8 score: 7.0

[20:27:20] → PID 696
prompt: I'm going to bring her up on the screen
 okay okay thank you Rachel
 hi I'm Ellie thanks for coming in today
 I am from Philadelphia Pennsylvania
 things I like about the weather to sports teams and the food
 Riverside County San Bernardino went to see your friends and them on a couple of horses and how to get time on a farm
 and a military San Diego California
 go to the weight room
 Marika to control my temper
 tell me more about that
 tell me about the hardest decision you've ever had
 leave the girl I love
 have you ever served in the middle
 yes I've told you that
 I was 18 years old when I joined the military
 yes I'm happy I tried the military
 Pat the military at work at the post office
 how did serving in the military change you
 give me a sense of understanding patients
 day by day take it easy
 being comfortable where I'm at now facility and
 I know not worried about my future and I've been concerned plan ahead
 let things fall into place
 how easy is it for you to get a good night sleep
 not too easy stay up a lot
 often wake up with a Y sleep so
 take a nap during the day sometimes
 the same way if I do sleep well
 have you ever been typing
 I've been diagnosed with depression yes
 I don't know I can't
 tell me more about that
 work out the other day that it's a donut day parade on the night before I go to sleep
 I understand and I can't help myself
 speaking to somebody somebody listening to you
 told a girl that I left for the military for how I felt after all these years
 she kept working she's been working ever since 20 years never stop
 keep on going to work
 impressive she went to school, bachelor's degree stop smoking cigarettes
 what's the Orange County Fair
 travel around the country around the world
  [INFO] Predicted PHQ-8 score: 9.0

[20:27:25] → PID 699
prompt:  20 seconds or more go ahead and press that button every once in awhile things could go wrong I hope that doesn't happen but I just don't want you to be sitting here wondering what's happening if she is frozen or something okay
 do I need to see something
 I don't need to see
 okay good cuz I'm having a problem saying that's fine
 for some reason pauses for a very long time okay okay
 are you okay with this yes
 how are you doing today pretty good
 I move around quite a bit
 I don't understand the question
 tell me about your relationship with your family
 sometimes when I'm feeling 10
 not being a good father
 thank you for my mother
 the most presidents organization I've ever been in
 how easy was it for you to go back
 we're about a lot of things
 can you tell me about that
 how easy is it for you to get a good night sleep
 trying to get to sleep
 people not understanding me or my J's
 how do you cope with them
 one day at a time
 I go with the flow
 you feel therapy in Haysville
 I get I get a relief with one on one
 when was the last time
 I make friends easier now
 that's a real good guy
 what are you most proud of
 thanks for sharing your thoughts
  [INFO] Predicted PHQ-8 score: 5.0

[20:27:32] → PID 705
prompt: causes for 20 seconds from or go ahead and press that button
 hi thanks for coming in today
 so how are you doing today fine
 well memorable good or memorable bad
 since I'm retired I think my dream job would probably be
 tell me about your relationship with your family
 no probably a week ago and it was just an issue over a coffee pot
 over at a friend's house I really wanted to leave felt it was rude to leave so early so I stuck it out for 6 hours and I just was probably the worst guest
 something I shouldn't feel guilty about him I'm sure
 tell me about the hardest decision you've ever had
 the hardest decision I think was going in for treatment for PTSD
 tell me about Nevada or something that you were
 how a couple of things but I think my childhood sexual abuse I'd erase that
 how old are you when you don't
 basically it was an escape method
 how easy was it for you to
 and it wasn't easy at all especially during that time
 what did you do after the military
 how did serving in the military change you
 I think it helped me to become more mature more sure of myself
 how have you been feeling lately
 not really this has been going on for quite some time now
 how easy is it for you to get a good night sleep not very
 no I'm even more irritable I have even more of a flash camper it makes depression worse anxiety worse
 have you ever been tagged us
 are the formal diagnosis was probably about 4 years ago
 the dreams are not the nightmares are not
 generally only touch it triggers me as far as from other people
 can you tell me about that
 I want to take a boat load of medications now treatment for PTSD it's also for depression
 because I knew I was going to kill myself if I didn't
 do you still go to therapy now yes
 I know but have never classified myself as a happy in any time in my life
 can you tell me about that
 just haven't found anybody that would fit the bill I guess for inspiring or
 tell me about something you did recently that you really enjoy
 I haven't done anything in a long time that I've enjoyed
  [INFO] Predicted PHQ-8 score: 18.0

[20:27:39] → PID 708
Participants:  88%|████████▊ | 49/56 [05:30<00:40,  5.72s/it]Participants:  89%|████████▉ | 50/56 [05:37<00:37,  6.29s/it]prompt:  hi the weather I love the weather I love the people there so many things to do in LA I love La you know it's my home and I wouldn't live anywhere else
 when I was in the military at job with a lot I haven't traveled too much in the past few years but I'm looking forward to doing some more traveling soon
 eating eating new foods eating different type of foods depending on where I go maybe the nightlife clubs and stuff like that
 one of my trips Japan you know when I got to Japan only stayed for 6 months but
 you start to learn more about yourself I learn more about myself as an American by going overseas and understanding that
 just because I'm American and I'm from this country this is not the only country in the world in millions of people billions of people actually live a lot different from my dude from we do and just learning to appreciate the differences you know
 but the trip itself you know actually 6 months is not long enough I think where you go to a foreign country for me because at the six-month Point that's exactly when I started to I really wanted to just wanted to stay but it was time to come back so then again like I said traveling food Customs just learning more about other cultures and it's real exciting this it's it's not to mention educational but
 I think it's needed I think a lot of Americans are a lot of my family members would never been able to go out of the country need a trip somewhere you know I don't know if America to really understand their place in the world
 I will probably actually flying to Japan in flying over Alaska the mountain tops in Alaska I need the mountain ranges are so huge and they were all covered with snow but it look like we were close enough to actually put our hands out of the plane and touch the top of us you know snow capped mountains I thought that was really exciting
 well I have one brother and two sisters I'm close to my younger sister she just had the first grandchild in the group of my siblings you know a couple of years ago so I haven't had a few she lives in Oregon my other sister lives here in the LA area my brother lives in Oakland I would like to visit I would like for us to all be together you know more than we are but we're not so we do the best we can but the relationship is pretty strong my mom she lives down in San Diego and I try to talk to her at least once a week and get to go down and see her every every now and then my father passed away in 04
 and for the extended family will usually get together on holidays Manny Thanksgiving Christmas and keep in contact like everybody else now on Facebook
 I'll go to the gym go to the gym or maybe you know sometimes now as I'm getting older I realize when I take a nap that kind of helps me to relax wake up refreshed and ready to go
 I'm pretty good at controlling my temper you know like everyone else I have I've got pet peeves and if it's one of the peeves that might tend to get a little angrier than some of the other things that you note in the bother me but overall I control my ankle pretty well
 I've seen I had a laptop and that I was over a acquaintance home and my laptop disappeared
 and I didn't get angrier and you know I didn't I was just really too, nonchalant about the whole incident and as I look back on it I should have probably be and should have been more assertive about them finding my laptop for you know finding out what happened and I kind of just let that go and
 staying in LA and not moving back to Philadelphia that was a hard decision you know I lived in Philadelphia for a couple years and I moved back home but I wanted to move back but I did and I stayed here you know that was a hard decision
 by the members of my family has been in the military and I don't think I was ready for college at that point so I actually sign the papers when I was 17 for the delayed entry program and winning after graduation
 more difficult than I anticipated it was strange even though I had been in the military for those years and I had really become a different type of person and it took a little while but it happens they have a thing called separation for about the last two months before you're discharged where I kind of helps you get ready or prepared you back to get into civilian life so it takes a little while but it's it's it it happens it takes a while some people takes longer you know some people didn't take us long so
 it allowed me to mature I don't think I'm I don't know if I would have gotten that when I went to college right after high school or not but it allow me to also be on my own and kind of find out who I was and grow up so
 how have you been feeling lately been feeling great you know I I don't have any worries or complaints
 how easy is it for you to get a good night sleep pretty easy I'm a light sleeper but I sleep pretty well
 well I mean I think one of the things I got from my father was to always be positive and it in and the level determination is basically never give up on what you want to do
  [INFO] Predicted PHQ-8 score: 0.0

[20:27:41] → PID 709
prompt: look at you now then go ahead and press that button it might indicate that something has gone wrong with the system
 the ability to see different places do different things
 my favorite rivers Dominican Republic love it there
 but I only got drunk we have to drag him off
 I do training for a while did training for the oil refinery I'm trying to work at the fire in Carson
 play basketball till my daughter play video games nothing really major take a drive
 shoot yesterday in about not coming back to the house
 well I could have did things a lot differently to actually actually make things better but I didn't
 my daddy was in the Army and he was in Vietnam so I just decide to go
 yeah it worked out pretty well for me
 try going to school for a little bit it was boring and I just can't get into it and so I just decide to go to work
 may be more responsible may be more attentive and a lot of the things that goes on around me and actually pay attention to things pay attention to the details
 you know I've been all right been okay seeing worse
 this is a struggle for everybody's recession right just trying to get it together that's all
 yeah I'm more of a homebody now before I used to be out partying a lot
 totally changed only really go out no more
 the whole city of Los Angeles getting crazy everybody so I just decided to stay inside more and spend time with my family and my daughter
 it's not easy at all sleep very rarely
 I don't know can you can you tell me now cuz I haven't slept well last night pretty alert I guess
 day Terrors can't sleep at night you know I mean
 traumatic it was a really good I started adjusting to it though
 it's more or less how you deal with it I guess
 you know traumatic stuff happens and you have a flashback you don't mean you might be sleep you never know when they're going to when it's going to come it just happens so
 shit get up start jogging start working out
 take my mind off of it might take a drive or something I wake up most nights sweating like it's weird I don't know why I used to it
 I was diagnosed but I never really took medication except for like a while back I just kind of decided to do it on my own I don't feel like medicine is always the key
 it just depends I don't really think that it works for everybody not everybody wants to talk about the problems some people have different sources Outlets to deal with things you know
 last week when I took my daughter to the park
 yeah we was on everything every ride everything I was chasing around heart just have fun enjoy spend time with daughter
 I have a friend named she's pretty inspirational she keeps me motivated as far as my higher level thinking goes
 is easy to quit give up you know I mean commit suicide and shit that's for losers for weak people
  [INFO] Predicted PHQ-8 score: 13.0

[20:27:49] → PID 710
Participants:  91%|█████████ | 51/56 [05:41<00:27,  5.42s/it]prompt:  the traffic the noise and some of the people
 not too much I used to in the past but not a lot these days
 how about working and going to school so it's kind of makes it difficult I don't really have the time
 I was in the Air Force and did a lot of traveling then most of the Pacific Korea Japan Okinawa a lot of different places there
 do some electrical work and doing classes also do some residential and construction
 tell me about your relationship with your family it's a good relationship my mother passed away and fortunately but my dad's up north he's 85 and he stays with my sister now we all get along
 maybe take you a ride to the ocean and sit there and kind of look out to sea
 good I used to have a temper years ago when I was younger but I'm a little calmer and older and hopefully wiser these days
 in the past it has but not as of recent
 to be honest I don't even remember that's how long ago it's been
 I guess I probably should have got it sooner
 probably divorce whether to stay married or to get divorced it was a tough decision definitely
 tell me about an event or something that you wish you could erase from your memory
 I guess just seem death in the past and situations that if I could erase some of the visuals of that that would help me
 I really wanted to get out of my hometown there wasn't much their jobs or advancement in jobs so I want to see the world because my father was in the military
 because you used to a structured military life and then it come back and have less organization it was
 transition plus going from different places overseas and coming back in speaking English and not seeing the
 gas station in Southern California my last assignment so I applied for the power company and was working for them for a while
 more organization learn more responsibility kind of more of a manly attitude organization and discipline a discipline helps
 good. Too bad mentally all right physically aches and pains
 I know I seem a little more calm and
 more tolerable of situations less arguing or none at all I just try to keep things
 it's hard of sky can have some nightmares or just thinking too much and can't sleep or can't get comfortable or physical aches and pains so there's a lot that contributes to that
 thinking like 6 years ago 5 6 years ago
 I'm not sure I guess lack of sleep and chewing my nails and maybe a lack of concentration on some things
 I have an experience that much as of recent but that was more like 5 years ago so things are better now
 I'm a lot more in control and doing better
 well it's nice to talk to someone about your problems like or tell someone your problems like I have now with you
 list nightmares probably better sleep and just going through day-to-day a lot calmer without argument or letting little things bother me
 last night I was with friends and we went to the beach and to a concert
 who's some of it's been a positive influence in your life
 just the man that raised me he's also a veteran and
 instill some discipline and good work and study habits so he was a good father and a good provider
 last night I was at the beach with friends and saw concert had a good time
  [INFO] Predicted PHQ-8 score: 5.0

[20:27:52] → PID 712
prompt:  I used to in the Marines and growing up I did y'all all over the east coast and around the country out
 same thing different different types of people different types of food different types of music seeing different architecture and things like that the east coast and the west coast is very different in terms of how we build our buildings so just different places that you go you see different things like that
 turkey we visited the oldest church in the world I believe it was called the oldest church in the world they have those the towers the towers and just a different people I ate goat and some other types of food that I had never eaten before
 and I found out the people or are people just like us it's not just like Americans we might have our perception but people from another country they're just the same they just have a different language and they just look different but they don't they're not different you know
 I was a trumpet player since third grade and I did that in the mornings so I did that for 15 years of my life music
 I I have music I love all kinds of music so if I just put on my headphones that usually helps or I go for a bike ride I have my bike downstairs I'll just go as far as I feel like going 10 15 20 miles and then come home that's very relaxing
 I don't have a temper I used to put it this way my daughter's mother had a temper and I started to learn it from her but I realize that's
 with her only with her never never like in public or with the police or anything like that I would say that she some girls know that they can use the police
 they can just say things some girls not all girls and she would do that but no it was never I've never like hit a woman or anything like that no
 my former landlady I just moved about two months ago where I was before my my landlady was a drug addict she didn't didn't do anything except drug she didn't fix anything she was just lazy and everything was unkempt and and
 if you are renting to somebody else I had strong views that you should keep up with the property and I which is build up over time and I told her you know I've been here and I've given you so much money so much money and you haven't done anything except drugs and it was we got a little heated
 I don't know I've learned I've learned you can't have regrets cuz y'all at the end of the day you end up in the right place and that's what you have to look at so I don't think so I've learned from the things that I may have
 I might as well be honest I know it's looking at it I know you're a person on the other side of that but you don't look like a person but I had a woman that I was chasing and I we were intimate we were together and we were intimate and I shouldn't you know made me promise not to tell anybody at work and I was so excited and I told somebody cuz I thought I could trust that person and
 I couldn't trust that person and word got out in the hole Restaurant New and she was embarrassed and I broke her trust it was a pretty it was pretty bad but at the same time and again I said that I don't regret things because she admitted she admitted that it hurt and by admitting it heard it kind of said more
 about the situation if somebody could admit to you that you can hurt them that means they're vulnerable to which said something you know I understand that so I learned something more than maybe had I not done it had I not heard I might not have known
 probably coming to California my daughter's mother and I like I said we didn't get along and I have a 9 year old daughter who I love and I want the best for so so five years ago she moved out the mother moved out here to meet her new husband and and start a new life and all that and she brought my daughter along and it took me a couple months to get money and everything together for me to do it but I knew when I came out here that I didn't know anybody we're from the East Coast I didn't know anybody I didn't know nothing about California I looked at a map and I said Santa Monica I know that City I'll try to get close to there and when it came time for it like the few days before and I knew I bought a bus ticket and I packed as much as I could and I knew that I was moving to the other side of the country
 and then I couldn't turn around that that they missed a huge step it was a huge step and I knew why I was doing it but I was terrified I was 10 I got here and I'm still terrified and it took some time to try to get everything together you know to eventually live with a drug addict that I was with but
 for sure getting up and moving and leaving everything and friends that I knew and starting completely brand new that was that was very difficult
 a lot of my childhood my parents were abusive and I guess this anonymity thing helps but yeah my parents were my parents were destructive and there's a lot of things that they did to me as a child that that I wouldn't wish on other kids
 I still wouldn't wish it on somebody else come stronger and I can help other people because of the things I know but but it doesn't completely justify the stuff that happened to you
 I was actually going to go to college for music for trumpet and my parents didn't help me with any of the decisions and I didn't know how I was going to get there and
 so I don't know I knew the Marines were something that I could do it would be physical but I could still keep playing and it wasn't going to be so
 like my parents wouldn't have driven me to college running like that and I had no idea how I was going to make that step I think I fell to the military
 was going to be an easier step so to speak I don't know if that makes sense but yeah it was more streamlined just to get in the military and keep playing that way
 you have no regrets you know what I mean I can definitely say that as a marine having been a marine there's nothing that can break me and I learned that for sure for the military
 yeah the military and one thing they don't tell you they think the whole thing about the GI bill that don't help pay for college but that's for like vocational schools and stuff like that you don't really know that and I'm not a vocational school guy
 the jobs are quite the same you kind of a little bit older and you already missed that early Windows to get in on a good career
 so a lot of people don't don't end up where they might have intended to be before they join the military put it that way
 bunch of jobs different jobs telemarketing pizza delivery old phones for Verizon Wireless warehousing of done thanks and of course traveled for my daughter
 what's the weather like I said no matter what comes on no matter what comes my way I know I I'll be okay and especially physically but just endurance mental endurance after sleeping in the dirt and and waking up in freezing sleeping bags and digging holes and and and sweating to no end and Twenty Mile and stuff like that
 life no matter how hard it gets it's still a piece of cake for me most people wouldn't say that
 City harder to find a better job there's a lot of good in the workforce is not that that you know that this whole thing with the economy it's not as good as they try to paint it in the news there are lots and lots of people looking for jobs in a lot of them don't pay enough and a lot of them don't give enough hours and it's
 like I said I just I just learned to persevere no matter how hard it gets I'll be okay I'll be alright
 obviously still pretty good I may be a little bit a tad bit sluggish but if I don't sleep for the night the next night I'll sleep fine and
 when we fix our bikes we have to mountain bike so we got them both fixed we had a good hour or so very good high-minded conversation two things that that I understand that he wants to understand
 most times has riding my bike I just now took roughly and I like to just see if I can do that how how hard and we hadn't ridden I had with my bike in like two months so I was curious what it was going to feel like for my legs endurance and all that and as I'm writing and I got it in the best gear and I'm just cranking along on the road now you know on the freeway whatever that feels great that's accomplishment that's physical you know I'm building myself I like doing that
 I know you're a real person on the other side of that but you don't look like a real person that's a shame
 having endured my childhood and all that and come out the other side and not be not be violent and not be abusive to learn from those things a lot of people get stuckParticipants:  93%|█████████▎| 52/56 [05:45<00:20,  5.13s/it]Participants:  95%|█████████▍| 53/56 [05:58<00:22,  7.36s/it]
  [INFO] Predicted PHQ-8 score: 2.0

[20:27:57] → PID 715
prompt:  Forest Bend employable under different circumstances Force going to prison and things like that you know it's just really have to cut through a lot of red tape and are to get back to you noticed in the standings that you were in once before you went to prison
 for the last two years I haven't been traveling because I haven't had a car but other than that I do travel locally and
 I guess around here I don't travel from state-to-state I don't have that type of money yet
 seeing the scenery meeting different people saying you know there are different states and how their bill you know the housing and no different structures like that
 well Braxton's when I went to Virginia when I was in the service
 I like to going to Petersburg and Richmond it was nice there the people in The Shopping Bag then in those days things were a lot cheaper
 hey you buy things at a reasonable price the economy was smell down there and
 I enjoyed being on the Army grounds when I was in Virginia. I really enjoy that
 besides other general you know that general education but math was one of my stronger subjects
 I've just started to go to college today today was my first day I'm studying computers and designing
 I'm going to see what I can do what designer from their computers I wanted to learn computer so I can have my own computer at home and you know surf the web and the internet and all that
 well I'm disabled now I have a severe back damage I have a for degenerating discs in my back I don't think I'll be able to go back to work anytime soon so if I could do anything with my hands as I mentioned before by designing clothes or something like that I may be able to do that you know what I mean put something on the market
 I have a good relationship with my family is for my mother and sisters and have Uncle left you know my cousin's we all we all get along good everybody lives in life you know we have a tendency to you know staying ourselves and get together every now and then you know when it's time for us to get together family reunions and things like that
 watch a lot of Television I like westerns in different movies like that talk to a lady friends
 something bothers me. Something that happened in the past and you know I get some alcohol at me and kind of you know I had to get that out you know
 a serviceman that are in the Bears and they don't want to clean up behind ourselves then it got in a big argument with one of the
 had it out with one of the staff members there ain't always says something behind my back so I had to let him know
 where I stood at in and what he shouldn't have said I wish I would have said the words that I said to him but
 I have a lot of things I feel guilty about five things I've done in the past that I wish I hadn't done
 I had to make a lot of hard decisions but I can tell you one that I had to make my nephew was living with me what you thought it was going to be able to stay with me for over a. Of time and I had no let him go tell him that you know you stopped you to go you have to man up and do what you have to do for yourself
 tell me about Nevada or something that you wish you could erase from me
 Sam being whipped for the extension cord the website on my body and
 that's going to be there in until I die or have it removed
 I grew up yes yes I'm happy I did I had grew up and become you know a young man it was time for me to get out and start making my own way for myself
 no no I just got in at the end of the Vietnam War which I try to go in while I was still happening but I was too young and it will let me go in
 I really didn't have that much of a problem adjusting to it but I really missed being in the military you know as far as being an active-duty I wish I would have stayed in there instead of coming back
 you know but Bobby being married I came back to my wife and
 I worked at the Naval Shipyard I worked as a mechanic and I work doing construction work
 as far as the things that I was doing as a Young Man
 I just turn me just completely around backwards go to the way you know do things right in my life instead of what I was doing hanging out in the streets drinking
 no way my friends and stuff like that so that was a really big help for me
 living life on life's terms if that's a good enough answer living life on life's terms trying to make it day by day and stay out of the way
 not that I can think of right off the top of my head no
 three door four nights okay and then other nights I'm up and anxious waiting to go and do what I have to do the following day and and sometimes I just don't sleep I had to get up and watch television drink coffee and smoke cigarettes and think
 it's some form but I didn't follow through with it you know you want to give me all the different medications and things like that I took some of her then I stop cuz you're putting me in a whole different different atmosphere
 and I didn't know what brand I have left I want to keep it and use it
 probably like five years but more of an event like that last year pass
 well when you live around people that you know are in gangs and stuff and shooting shooting up and down the street all the time and you see four five six people get killed within a 3-mile. On your street I mean that's it is heartbreaking your your heart goes out to them people
 you know when you see these people go up and down the street every day and you don't know who's who and what's what so some you have to live with me have to be on your guard at all times
 well I really don't have her answer for because a lot of times you don't conversate with those type of people you just Pastor buys
 and you know what to change my environment and also changed myself so I needed to take myself out of that situation and put myself in a different environment and start over again
 I know I don't know I haven't been I haven't been to therapy since
 if you use the materials are the tools that they give you say it's very useful
 and you do that certain thing was said I warned you not to do that then you're going to kick your own self in the behind so it'd be better if you
 take the advice and not do that thing and you are you know the results and a lot of times you have traveled down that road before it's no good for you so dad in
 and I'll set up keep going on the roller coaster ride and I'll just leave that little part of life alone and live life on life's terms
 really really felt happy it's been a long time I couldn't answer that question for you
 my sister is a positive influence in my life my older sister is she's a
 I could be a big change it is going to help me down the line and I know it is so I'm looking forward to that
  [INFO] Predicted PHQ-8 score: 4.0

[20:28:09] → PID 716
Participants:  96%|█████████▋| 54/56 [06:09<00:16,  8.38s/it]prompt: not very typical to that happen but just in case I kind of have to give you a warning so that you don't sit in here can I go in what's going on so it fits yeah I'd say 30 seconds or more
 I'm going to go ahead and start her up okay
 getting around kind of a headache but it's alright buses are pretty good
 on my own business and what I don't know yet
 it's not good right now I don't really talk to him
 certain situations came up I don't really talk to him
 stress anything that I can possibly do one thing I know going to the gym
 the only thing I really got right now that relieves anything that I have
 my girlfriend we are getting pretty good. It was about why I don't call her enough and when I wasn't calling her enough
 a lot of them I don't even talk about but being close to my family is one of the things that I never did and I and I and I regret that
 I said there was a lot of decision hard decision that I made but I never made them
 I can say what you can say I took the easy way out maybe
 I hit you can say I hit rock bottom and I'm starting my life over again
 yeah that's because of no longer doing things that I ain't supposed to do
 I'm not even to share all I know is that I was just doing the wrong things at the wrong time got me to so much trouble
 it's slow but kind of like an adventure at the same time there's a lot of things that I'm thinking about as well a lot of things that I can't forget
 how easy is it for you to get a good night sleep I can't I'm under sleep meds
 two types and sometimes I can't even fall asleep it'll take I can't take more than I
 you can say sometimes I'll be walking around back if I'm tense from worried about something
 I believe so yes just currently not too long ago
 yes that's one thing I didn't been diagnosed with for sure
 I don't like it I hate it I don't know if I can pull out of it
 I don't even think the medication that I'm even using even helps
 I'm still trying to get try different ones apparently there's enough out there that I can go through
 I wouldn't really be so like a people person communication wasn't all time low
 I will be mainly staying at the house I wouldn't be going out I wouldn't be doing events or doing the things that I would like to do
 none of us was alone with my addiction as well
 that's one thing I can't figure out is what the hell trigger though
 why am I actually doing things or did the things that I do or did
 the only thing I got on my side of the gym it's the one place that I know I can release a lot of tension
 that one place where I know I don't have to talk to people but we're all together they're doing the same thing we're all doing the same thing and exercising and getting physically well
 the only place where I know that I can relax
 I don't talk to my family and I think I said that already
 or we're probably talking about the same thing over again
 the changes that I've noticed maybe a little bit less stress knowing that I have a couple more skills or tools to cope with my depression PTSD
 but it's it's a long process also on my recovery is going to be a forever process
 when I made up with my girlfriend that was what two days ago
 we are you and I talked about it with her and she was able to hear me out and I was able to hear her out and we fix things so that was the happiest moment so far
 and my girlfriend even though it's much of a bitch she is she still good person
 he asks why I have one best friend right now
 and it's funny that you have because now that I remember he referred me as a saint which I don't think I do that I don't think I am that but I'm sure everybody's trying to say is that I'm a good person and I'm trying to do right and I don't want to inflict harm on nobody and I just want to get myself put back together and continue on you know start a new life yeah he did tell me something like that and I do consider you my best friend pretty cool they said that
 fishing I went with my friend Mikey fishing you caught a couple fish very quiet very fun
 but it is relaxing it does take the edge off no one there to talk to no one there too
  [INFO] Predicted PHQ-8 score: 13.0

[20:28:20] → PID 717
Participants:  98%|█████████▊| 55/56 [06:13<00:07,  7.22s/it]prompt: okay if you notice that she pauses for more than about 20 30 seconds ahead and press that button it may be an indication that something's gone wrong
 no I used to I used to be a truck driver but now I'm a student at La Trade Tech so I'm home base now
 an experience when I went to North Carolina being there for the weekend the atmosphere was great so different beats type lifestyle imagine where to put it up
 there's a lot of clubs over there so I mean I really had a night time during the weekend that I was there made a lot of nice people got laid
 I really don't know which one to pick out for you I've been a lot of places and done a lot of things and a lot of time as far as me having asthma I have an attack it's a lot of things that I do forget but overall my past has been very good
 diesel technology and learn how to do how to be a repair technician for like the buses diesel trucks anything is running out diesel they've taught me how to repair engines take them apart and put back together troubleshooting electrical work I'm really enjoying it because I like doing things with my hands and the thing is that they're teaching me I can use it for the rest of my life and I really is something that I can probably pass on the others so you know I really like it
 all right now leave the time I ride my bike a lot going to do some parts of LA a lot of time to go to the beach I like Venice and Santa Monica Beach a lot
 just Ashley just seeing this country and not the country but the city has a lot of places I haven't been I don't have a driver's license but just being able to ride my bike and go over the freedom to go where I want to I really love that
 me and my family with distant I'm in touch with my dad but as far as cousins and my mom we don't talk
 it takes a lot to make me angry but if it's something that I know is someone that done something wrong I just simply try to tell them about it to correct them but being physical I tried not to get into that but you know you got people out there to really don't care about your feelings so sometimes I ain't walking away not dealing with him anymore
 I'm going through a divorce I just experienced a domestic violence incident where me and her got nervous about who's going to clean the house so I took it upon myself to I punched in the shoulder and call the police on myself if I'm two days in jail I can order the home has been since January or right now I'm working on my divorce
 and at home if they have an apartment now on they're doing good but I feel that she should have been more friendly about the way we broke up because she changed the locks on the apartment and I didn't get a chance to get any of my like my tools and put paperwork birth certificate and whatnot she still has that but you know I feel like they to pick my life up and continue on you know I don't wish nothing bad about her hopefully she's happy I know that she's with the baby's daddy's come from Louisiana he's staying with her now and you know it is
 I just did I wouldn't have got physical with her I felt it there was going this way so I called myself being away from the home a lot and she kind of noticed it but yeah he got me the convinced that you know me being a husband or you know a father figure that I'm supposed to be spending more time with the family so they can I change my perspective but when I done that my daddy call it putting all my ducks in the basket where she's got my social security number you know my information everything I just open myself up to her which have fell today you know it was a waste of time is a bad move but you know
 oh I don't do that in life I don't steal I mean live by the Bible so guilt I don't have that
 I just made the decision that actually out of a reaction in a sense it's not hard for me to make a decision that's not like me
 I know it in the future that you know women are different that the ones who have done such is that individual is not an all-woman type thing but
 I don't like being by myself I felt that me being married would alleviate that but I married the wrong one evidently hopefully that if I decide to take that step again that it be the right one this time because you don't you know you're getting old and time than went by and you can't bring that back
 I never thought about it but me I feel good I mean I'm healthy I'm just glad you know you my freedom maybe in Black you really think about the fact of your other race being locked up a lot of history and I feel that me I'm doing good
 I don't like whole conversation with women that don't know like I used to it's hard for me to like how you say start a relationship or friendship rather with a female now when it comes to men I'm not gay and I don't do gay things so we don't get that out of the way but as far as me and you know I don't have friends but when it comes to being advice you know I experienced that a lot of God few students classmates rather that kind of like leaning toward me when it comes to how would you say me helping them and I kind of like get in trouble for that so I guess you would say of me being outgoing I rather think about other people more than myself
 my dad told me it's time for me to start thinking about me so I'm trying to get my mind into that frame where you know I'm just concentrating on better in life for myself now
 find out what I had due to doing the day is no problem but I sometimes worry about the next day in about you know what's going to happen or how I'm going to handle it
 I thought you know you sometimes get the dreaming about how thing is going to be in if it goes to the world
 you know the dream leads to Didion or a bad situation you'll wake up from it it's not considered a nightmare but my body I wake up
 emotionally unstable but I don't have problems sleeping if I sit too long in one spot and I know that I'm going to be there for more than 30 minutes I can go to sleep it's no problem for me
 I really can't think of any way to slow down a floor that would be my daddy I mean you know he's made it to life and then made a lot of good things for people where you can sit back now and not really worried about things you know he just taking his last few days once you know one day at a time in a sense he really concerned about how I'm doing because the time of the seasons I made you know when it gets to the point where I ran into a problem I'll call him and give me advice about it and sometimes I don't do what he asked me to do or tell me to do it make you mad you know
  [INFO] Predicted PHQ-8 score: 2.0

[20:28:25] → PID 718
Participants: 100%|██████████| 56/56 [06:16<00:00,  5.93s/it]Participants: 100%|██████████| 56/56 [06:16<00:00,  6.72s/it]prompt:  I like the weather in general it does kind of hot and sometimes it's a little overbearing but I like that you could go from the beach within an hour to the mountains with their self so that's that's pretty that's that's pretty diverse I guess I like that
 an unbearable also don't like the the weather conditions given the smog and so forth which can be a little bit if you live in the valley it's just me I was just a big Heat ball be a little bit unbearable as well
 I used to travel a lot I used to when I was in the Army I lived in in Germany so I used to travel every chance I could take over every weekend I would travel throughout Germany now so much so I don't travel this much since I'm still married and so forth but I used to travel more or less more International than than anything
 I mostly in George's hanging out and meeting new people I also I love history so when I remember when I was in Prague I would love taking a reading about something in the context of my travels and and and and applying at to the the current meow Museum or whatever I remember when I went to South Africa when I was in Cape Town at the same thing you did you know you're reading a lot of books in the contacts and then you go and you see it and it's like well you know it's not just getting it off the internet or anything like that so I enjoy that
 couple years back I was in South Africa and I was doing research for for for college until I was there working for a private Equity Firm and even before I got there at Nelson Mandela's book with 500 page biopic kind of thing in action making it to the movie but I read it and I was like you know I'm going to check this out so I went to Robben Island which was pretty cool where it was Kept For about 25-30 years and the city reminds me of San Francisco and if you're going to San Francisco but the city reminds me of San Francisco steep Bluffs right off the coast of the Indian Ocean there but I enjoyed it I had a I had a great great time taking in the sights and you get to see a lot of the Dutch Colonial stuff and you know and all that kind of just mix in
 I kind of had a minor in military studies are military science is what it was called and undergrad but for the most part I studied finance and in grad school I studied Finance and Accounting
 my dream job is to be JJ Abrams so that's my dream job actually I would love to do just got to do something more creative flashlight but I consider is creative is is is the thing that interests me is because you get to create all these different packages and bundle them and derivatives that's no different from writing to me you know so it's the same thing so I just want to do something that's kind of creative and that's kind of aligned to just looking at new things in a different way and that's the way I've always been
 I'm in general Eminem Morven I'm more of an outgoing kind of guy that's just but you know I don't mind you know when I'm home I'm kind I don't turn on the TV and and do whatever I'll pick up a book and I'll read a book as opposed to you know
 why because the other stuff doesn't seem it's interesting you know I think there's a lot of things that are really interesting and and and and and usually using your imagination and then picking up a book it's just kind of raw it's just you know Sun filter kind of thing so that's that's me
 have a wife and kids I also have a family is back in Alabama and Georgia and for my immediate family we we know I have to divide my time between that my only interest in my family but we do a lot of great things that are centered around the kids my wife is moral as an East coaster so she's from New York area so we do things that are
 turn around her and him do things for the kids cuz the kids have interest so we I just tried to balance it and I have my stuff do some kind of last but we do have a lot of diverse interests which is great
 I I like I think I'm pretty good at controlling my temper I'm more of a laid-back kind of guy I mean I'm that kind of guy you know I'm a little bit you know you just you know at some point you know it enough is enough but I I'm pretty I'm pretty polished and how I have done you know you know being an army been an army officer when I was in the military and going through all the cadet training and stuff you really do a lot and how they interact with management and so forth so I'm okay with track with my temper and everybody has their breaking point and what I do to relax I like to go for a walk mostly I like to be outside
 I probably shan't argue with ya sure I could say I argue with my wife and it probably was about something related to the kids are the kids in money or something like that we have kid at for kids and integrate kids but but kids are a little expensive at times and then so I don't remember what it was but it was a ballet class or something like that and it wasn't necessarily free I'll put it that way and you know so we can if we had an argument about it because she was just one of those things where you know my wife you know you know you know if she if the kids has an interest and anything related to anything you say let's let's invest all of this in it and it's see what happens after while you like okay fine
 okay that's even the hardest decision I've ever had to make was when I was in the Army and I had to fire someone who has been in the service for 15 years that was pretty tough because this person went out and he had I guess made a bad decision you had a DUI and he had the family and he had people that depended on him and we had to remove them from this position and I was a junior officer at the time and I wasn't charged with with doing the firing so it's kind of weird size you know if someone you go out you have beer with there a drink with than and actually you know you got as far as first so that was hard because you know it's one of those things where are you
 you really wanted things about the military at you you always hear the stories of where you shouldn't I guess been an officer you shouldn't be so involved with your peers are your subordinates and that's what the thing and it's it was true for me because I I was a cool laid-back kind of guy and and when it's time to make decisions like that their tot interpersonal because you you realize that you're affecting someone to livelihood and and that stuff
 the older I get the older I get I'm just more like you know inpatient about certain things you know just get you know you're you know you think that when you're younger or more
 I felt really happy I can say last weekend although I did have some down on me but I took my is my wedding anniversary and I took the wife and kids went to Disneyland and I guess it is a happiest place on Earth whatever but really young age where everything is you know you know everything is fun for them so that that makes me happy
 my mom is been a positive influence in my life I did mention a group in Alabama group in a single-family household and she's always been encouraging and I think when they're so much discouragement around in many different package
 they have someone that supportive it's always great you know it's always good to have that in your corner because you you going to get it you going to get rejection enough so but to have someone support you and your decisions is always good
 I like when my kids now my oldest kid you know wants to show me something you worked on it's cool I mean I think that's great and he's eight and then it's just great and it's good because one day he's going to grow up and he's going to have a kid of his owner of a family of his own and so you know I I think the best thing I can do is give him that example of what it's like to be a dad and to be responsible that's something I never I never had I never saw so I'm kind of it's not like I have a textbook to go back in reference or anything but I think you know it makes me proud because you have little Minds that you're shaping you know a little people that that see what you're doing and and and that kind of want to be like you so that's kind of cool
  [INFO] Predicted PHQ-8 score: 0.0


Participants evaluated : 56/56
MAE                   : 4.107
RMSE                  : 5.369
