Participants:   0%|          | 0/56 [00:00<?, ?it/s]Participants:   2%|▏         | 1/56 [00:08<07:39,  8.35s/it]Participants:   4%|▎         | 2/56 [00:15<06:50,  7.60s/it]Participants:   5%|▌         | 3/56 [00:23<07:02,  7.97s/it]
[20:02:21] → PID 600
prompt:  about a week ago my husband over cigarettes
 she wants to stop and I don't
 I dropped out when I was in 11th grade
 I would like to become a famous poetry writer
 I used to be a drug addict and he'll help me overcome my addiction
 and I feel better
 overdose on pills
 I'm not attending therapy right now
 I'm not going to be right now I don't go
 I'm not comfortable talking about this
 I don't feel comfortable talking about this
 sleep too much
 erotic poetry helps me a lot
 yes it's been a big change I feel happy hour now
 more outgoing
 I just go lay down and just to the music for a little while and you'll fall asleep
 cranky
 I don't know I'm just in a happy mood today
 a sappy person
 outgoing
The transcript contains many brief acknowledgments and casual comments (e.g., “okay,” “yes,” comments about Mexico, weather, crime, music, Burger). The client reports writing poetry and aspirations to become a famous poetry writer. She dropped out in 11th grade. About a week ago she had an argument with her husband over cigarettes; he wants to quit smoking and she doesn’t. She has a history of drug addiction, received help from her husband, feels better now, and previously overdosed on pills. She is not participating in therapy at this time and is uncomfortable discussing some topics. She experiences hypersomnia (“sleep too much”) and uses music and erotic poetry as coping strategies. Overall, she describes feeling happier, more outgoing, occasionally cranky, and in a generally positive mood today.
  [INFO] Predicted PHQ-8 score: 2.0

[20:02:30] → PID 602
prompt:  I don't like people to walk in front of me don't excuse me cut me off in traffic when I'm driving I don't like a Tailgater little small small, small remarks that people make them upset me I just don't want to be I'm Easily Aggravated so I don't have to be aggravated
 I'm pretty good at controlling it sometimes but at times I can get very irate so I'm working on that right now
 do I have an argument almost a year but when I did it was over a girl that was my ex boyfriend it was over female but it's over now so I haven't had any real argument since almost a year
 right now I'm a homemaker I don't work at all I haven't been working in about 3 months now was laid off but I was doing receptionist work so I'm currently looking for employment at this moment
 I don't right now because I'm living with my mother step dad I'm trying to move someplace on my own now but it's kind of hard not working at all so I just have to wing it out so I can do better
 just always feeling down and out cleaning myself in not want to be bothered with other the outside world just a little mood swings and just can't sleep at night all all kind of little stuff that kind of got me feeling like something wasn't right about me
 reason why I feel like it's helping me is because the lady NYC there the therapy place she's very nice she she's willing to help out in any way she can she's almost to be like a psychiatrist she's very good I mean she talked to me about things encourage me to what not to do what you do to help calm down to feel better and she's very nice or all-in-all I always leave their confidence all the time
 number one of my mood swings I've noticed a big change in that and my attitude
 the different ways I was coached on how to improve my lifestyle to avoid the problem that I do have right now or suffer with so that's how it affected me that way
 the attitudes and mood swings can't sleep at night depressed all the time no outside company at all didn't want to be bothered with anybody friends or family locked up in my room all the time halfway not wanting to eat or overeating it was just a lot
 maybe like any little thing would trigger me off like somebody say something wrong to me that I would think was wrong it would just figured I would just get triggered and just snapped for no reason it's just I don't know what would cause it besides that
 well now I'm doing I'm coping with it by not snapping his medicine just trying to stay calm and I just need a lot of positive environment around me not negativity that helps to so with that being said I just kind of maintain and keep my high self-esteem up is As much as I can
 yes I have very positive thoughts very positive behavior much better than what it was very big improvement from before
 yes I have been for the past few months I've been feeling a little better
 I have at times but today no I'm feeling pretty upbeat
 it's not very easy but I try but for the past few nights I have a sleepy the full night so that's a positive for me
 very cranky very groggy Moody
 yesterday that we see something was up over the phone and I was happy the whole day I'm still kind of happy about a tattoo so that was very good for me
The patient grew up in California and now lives in Carson, enjoying beaches, sunshine, amusement parks, reading, and jazz music, though she finds LA traffic hectic. She studied elementary education and computer science, was laid off from a receptionist job three months ago, and is currently a homemaker seeking employment. Her long-term goal is to run an online graphic design shop. She has a close support network—including her daughter, mother, stepfather, grandparents (deceased), and current partner—and lives with her mother and stepfather. She began therapy almost two years ago and finds it very helpful. Recently she’s felt somewhat better, with improved sleep and occasional upbeat days (e.g., after getting a tattoo), though she still experiences some crankiness and grogginess. Her best friend is a fun, upbeat male companion. No other concerns were noted.
  [INFO] Predicted PHQ-8 score: 14.0

[20:02:37] → PID 604
prompt:  doing okay I'm a little tired
 what do I do when I'm annoyed I usually
 think about the situation and see if I'm really annoyed or if I'm just having a
 I'm pretty good most of the time I don't think I get angry often
 I think it was I was arguing with my girlfriend about moving out
 Theater Arts
 what do you do now I'm an actor
 I'm pretty close with my family
 tired exhausted but mostly good
 a little short but I think that's just due to being tired
 no this is been busy lately
 no not down not depressed just
 tired
 not easy lately but I think after this week I'll be able to get better sleep
 a little more cranky than normal a little more introverted
 loyal creative likes you know extroverted
The early lines consist of audio-check prompts and casual chatter. The client reports being a little tired and occasionally short-tempered due to fatigue but generally doing okay. He describes coping with annoyance by reflecting on the situation and reports rarely getting angry. He had a recent argument with his girlfriend about moving out. His educational background is in Theater Arts and he currently works as an actor. He feels close to his family. Lately he’s been busy, tired, somewhat cranky and more introverted, but not depressed. He expects his sleep to improve after this week. He describes himself as loyal, creative, and extroverted.
  [INFO] Predicted PHQ-8 score: 2.0

[20:02:45] → PID 605
prompt:  yeah
 people being inconsiderate or unconscious about their effects on others
 probably these days we'll be riding
 I want to say the Dalai Lama
 yeah
 it's improved my ability to move through various emotions as they occur
 I'm sleeping too much not getting the same pleasure out of things that I normally got pleasure out of
 they can be sometimes
 oh I think
The participant was born in Seattle and currently works as a cost and risk analyst in the construction industry. They describe using a meditation tape with ambient fire sounds for stress reduction and tend to internalize frustration when others behave inconsiderately. They report having reasonably close relationships but feeling somewhat distant due to current circumstances. Clinically, they endorse a persistent low mood that they’re exploring, excessive sleep, diminished pleasure in activities, irritability, and fatigue. They also note improved ability to recognize and move through emotional states since beginning therapy.
Participants:   7%|▋         | 4/56 [00:32<07:18,  8.43s/it]Participants:   9%|▉         | 5/56 [00:36<05:41,  6.70s/it]Participants:  11%|█         | 6/56 [00:44<05:48,  6.96s/it]Participants:  12%|█▎        | 7/56 [00:45<04:16,  5.24s/it]  [INFO] Predicted PHQ-8 score: 8.0

[20:02:54] → PID 606
prompt:  blow off steam
 it's a challenge
 personal
 personal
 irritable
 can't remember
The speaker repeatedly struggled with technical issues on a new phone, verifying practitioner credentials and confirming when to press buttons. They offered brief one-word or short responses to various prompts, mentioning they live in New York, use music and reading to blow off steam, and have experienced harassment and racism. They described personal challenges as “it’s a challenge,” rated their mood as “could be better,” reported feeling irritable, and noted some memory difficulties.
  [INFO] Predicted PHQ-8 score: 6.0

[20:02:58] → PID 607
prompt:  take my dog for a walk
 take a nap
 watch TV
 probably money with my husband
 I'm either running my own nonprofit organization or having my own blog
 well my dad and I didn't get along for part of my teenage years and same with my mom but as I got older and appreciated their advice more and their opinions I see them as you know having valuable impact in my life
 I'm trying to find a place to live right now so not the greatest right now
 yes I'm living with two people
 six or seven years ago
 while I was in a car accident and and then it was too hard to drive and stuff so I went and saw someone
 had like panic attacks anxiety about getting in the car driving the car being in the passenger seat someone else is driving if they broke too fast
 yeah I was triggered by driving
 while I was in a car accident where a drunk driver hit me and I had to
 get I mean I was injured the physically but also had some the post-traumatic stress and anxiety coming from that
 it's a lot easier now
 it's gone away it helps time helps
 when I don't live in the same place where it happened anymore
 give myself distance from other drivers
 stressed out
 I think I'm just as stressed out as I have been for the past several months
 yeah I would say for the past several months
 well before it was planning to move then I moved and my husband is not with me he's still in Wisconsin
 and now I'm here by myself and financial stress huge
 not happy
 I can't function as well
The patient provided mostly procedural or general remarks initially and later described personal preferences (weather, beach), activities (dog walks, naps, TV), and interests (educational policy, work with foster youth, future nonprofit/blog). She recounted a memorable high school trip to Ethiopia and a now-improved relationship with parents after teenage conflict. Currently she is stressed: searching for housing, living with two roommates, separated from her husband in Wisconsin, and experiencing significant financial strain. She has a history of therapy around six or seven years ago following a car accident caused by a drunk driver, which led to physical injuries, panic attacks, PTSD symptoms, and driving-related anxiety. Symptoms have eased with time, distance from the accident location, and coping strategies, but she reports ongoing stress over the past several months, decreased mood, and functional impairment, despite occasional positive outings with her husband.  
  [INFO] Predicted PHQ-8 score: 7.0

[20:03:06] → PID 609
prompt:  people first and foremost I'm very involved with the veteran community and I'm a chaplain answering my 52nd year
 I graduated with a degree in Psychology from Boston College
 what do you do now I'm retired but I'm still very active as a volunteer at the prison in Chino women's prison and I can deck services at
 what's your dream job
 actually I've been living my dream job since I was 17 years old serving in the chaplain city as a Jewish chaplain is what I wanted to do from the time I was early five or six years old I want to become a rabbi
 you consider yourself more shy or outgoing quite outgoing
 why because I'm able to be dropped into a room of 500 or a thousand total strangers and get to know them and have them get to know me without discomfort
 I'm divorced I was married for 16 years I have a daughter
 when was the last time you argue with someone
 dating someone and I thought her language was inappropriate and at first I thought I would say nothing and then I decided I should tell her what I was thinking and so I did
 that you wish you would handle differently
 the last time I saw my former wife she has created some legal problems for me and
 I was not as polite as I might have been
 I felt she was totally wrong and out of line it's been a very difficult and acrimonious divorce took 13 years to resolve
 that I in the last few years have not spent as much time with my daughter I was quite ill and ended up having open heart surgery and that was time when really she was abandoned I was always there to be buffer between my former wife and my daughter and when I was suddenly taken ill took me about two years to really become healthy again and during those two years she had to fend for herself from the ages of 15 to 17 difficult time for a daughter to be on her own with the mother who
 that was the hardest decision ironically was going to do I have the surgery now and try to save my life knowing that I would be abandoning my daughter abandoning in the Lesser sense of the word we were still in contact but I couldn't be there to run interference for her or put it off and maybe suffered the consequences so I I made the decision to have the surgery
 tell me about an event or something that you wish you could erase from your memory
 the only real negatives in my life have been in connection with the divorce I never thought I would be divorced I always wanted to be married and have four children and the white picket fence now I got married and I had a child and had the white picket fence actually built it
 but that was the toughest thing for me
 why do they say to go in
 very high mortality
 how easy was it for you to go back to civilian life
 marvelous experience I don't know anyone else who's ever done it quite the way I've done it
 why are you sorry
 tell me more about that
 I got a feeling good I've been very fortunate since having open heart surgery I've been relatively healthy and I'm very involved in the community and I enjoy every every aspect of that sometimes it's very tiring but it's a good tired
 have you noticed any changes in her behavior or softly I don't understand have I ever done what
 how easy is it for you to get a good night's sleep very easy I usually retire about 11:30 12:00 at night and sleep through for 6 to 7 hours
 and it's usually as a result of being ill if I have the flu or cold or whatever then I'm sluggish the next day or for two days but I'm usually able to bounce back
 turn of the frustrations of dealing with it a virtual person is your pre-program just so you're not asking the right question
 what is your next question
 you feel therapy is useful I think it is for some people yes probably for most
 I think it's a very useful tool and many people have been successful in receiving therapy
 changes have you noticed
 all right
 old number of people
 a number of rabbis and people in the clergy generally
 all of them 20 or 30 40 years older than I and that's I was growing up they were my mentors
 how your best friend describe you
 active
 vibrant dynamic
 I always having a full plate
 follow through if I start something I finish it and if I make it commitment I honor it
 yes it was you would have enjoyed it
The patient engaged in small talk and logistical discussion about a virtual interaction and details of an upcoming choir event (Mawamba Children’s Choir) including dates, venues, and entertainment. There were repeated requests to adjust volume. The conversation included questions about travel preferences, past trips to Europe, and other casual topics like traffic, fish tanks, and fishing. The interviewer asked standard background questions (education, military service, age), and there were some back-and-forth clarifications about PTSD screening and therapy. The patient also exchanged pleasantries, farewells, and generic comments without revealing additional clinical content.
  [INFO] Predicted PHQ-8 score: 0.0

[20:03:07] → PID 615
Participants:  14%|█▍        | 8/56 [01:02<07:07,  8.90s/it]Participants:  16%|█▌        | 9/56 [01:10<06:51,  8.76s/it]Participants:  18%|█▊        | 10/56 [01:16<05:56,  7.76s/it]prompt:  the East Coast
 traffic flaky people
 I go surfing and it's pretty intense pain can be dangerous and that relaxes me
 cuz what I'm in the water and when I forgot whenever I was stressed out about
 I'm not
 it's not even an issue
 what I accomplished nothing and I waste time that makes me feel bad
 soccer question
 that breaking up with a guy with a girl
 yes I would do it over again
 a little
 started working
 cuz I guess I'm used to the stress so I can guide have learned to manage it well
 Troy study changes in my behavior enough
 it's easy and other times extremely difficult so I'm Hit or Miss. I wouldn't say it's always easy for me to get a good night's sleep but
 hit or miss so it's like every night I can't go to sleep but I
 if I work out enough and surf enough I'm tired enough that I just sleep regardless so I guess it would say it's moderately easy for me to get a good night sleep
 if I exhaust myself appropriately
 if I don't I'll have a lot of energy and I'll get antsy and I have a lot of thoughts going through my head when I'm laying down at night. It'll be hard to go to sleep because too much stuff is racing through my head
 so what I got to do what I didn't do what I need to do
 can I get a good night sleep and my body feels like crap if I don't get a good night sleep
 I don't feel as good
 surfing of course it is absolutely
 funny extroverted a lot of energy
 yo I do what I can do surfing and other things I'm a very good athlete I'm proud that I'm a very good athlete cuz I worked hard to be a good athlete
 yeah. I guess I'm proud that I'm an intelligent person to not just whatever born with an innate intelligence but fairly well-educated that and I worked hard for that so I'm proud that I'm an intelligent person
 cuz it was some work involved yet to get to get there
The patient relocated from the East Coast to Orange County, enjoys the consistent weather and surfing, and works in wholesale trade/logistics. He is outgoing, comfortable with strangers, and stays in touch with distant family via technology. He has traveled extensively, including memorable runs with the bulls in Pamplona and trips to Scandinavia and Eastern Europe. He holds degrees in history and political science, served as a military officer, then completed graduate school before starting his career. He reports no anger issues, feels generally fine, and has learned to manage stress effectively. He relies on surfing as a primary stress reliever. His sleep is "hit-or-miss," often improved by physical exhaustion, but poor sleep leaves him feeling physically and emotionally down and leads to worse eating habits. He feels happiest when surfing, especially after catching a big wave, and takes pride in his athletic abilities and his hard-won intelligence.
  [INFO] Predicted PHQ-8 score: 3.0

[20:03:24] → PID 618
prompt:  Canton Ohio McKinley
 Ohio
 Columbus Ohio
 near Pennsylvania Great Lakes
 parents are Vietnamese
 I have my Master's in education
 I'm a teacher
 Parenthood in Ohio Stow
 anxiety attacks
 feeling of helplessness
 depression
 crowds driving
 fireworks loud noises
 partner
 girlfriend
 no
 fun experiences they just give me drugs and up the dosage
 my daughter
 well she's 2 and 1/2 she's great she's fun most of the time
The transcript largely consists of system prompts, greetings, and small-talk. The participant and interviewer discuss geography (New York schools, Belk Mall, Canton, Columbus, Ohio, Great Lakes region), local climate, traffic, smog, and diversity. There is mention of a trip to Costa Rica for white-water rafting. The participant has a Master’s in Education and works as a teacher. They reflect briefly on childhood running and discipline and note it helped them mature. The conversation includes filler remarks, unclear fragments, difficulty recalling details, and casual farewells in English and Spanish.
  [INFO] Predicted PHQ-8 score: 12.0

[20:03:32] → PID 619
prompt:  I'm a born and raised in Los Angeles California
 I have my mother I was raised with and my sister will 10 years younger than me those remind me dear family and my own family as I have a 12 year old son a 9 month old daughter and my boyfriend is my current family that I live with and I'm very close to my family
 needs Improvement for sure I think that I displayed too much email emotion be a good or bad so I was have a little bit of a temper
 the last time I argue with someone was over the weekend and it was with my boyfriend and it was really about contemplating breaking up and moving away from each other
 in most arguments when I reflect back the main thing that I wish I would handle differently is not losing my cool controlling my temper I wish that even In the Heat of the Moment that this is the temperament and type of communication that I use
 I guess making what I feel like our bad decisions not being able to provide enough for my children or not feeling like I am where I'm capable of being a should be at this point in life
 I feel guilty about not making the right financial and career choices at this point in life so far
 whether to go to a memorial for my aunt or to work that I guess in retrospect wasn't including but really it was a decision for me on business or family and I chose family and it's made me
 really really be more aware of my family and not let a corporation or a job control me
 an event or space or something I could have raised for my memory would be a 911 the whole experience of 9/11 and I wish I could erase it for the entire country
 I was 19 years old when I'm in the military
 I got being born and raised in Los Angeles I kind of feel that a very free spirit and I'd say maybe hippie personality and when I graduated from high school I just felt that I wasn't reaching my potential and thought I could help myself by trying to establish some discipline I thought that was something that the military put off for me and it did
 I am happy that I did that that I served my country and that I actually enlisted
 yes kind of I was in Saudi Arabia when 9/11 happen and ended up serving as
 support for the air portion of the war was being it's his was being it happened it was happening from Saudi Arabia
 not very easy I think that was a very very hard time or scary time to be away from my family my son was only 12 months when I left 13 months when I left at the time it was very hard to adjust to get back to establishing trust with him again and just from being gone for 4 months it was difficult to readjust with such a big thing that had affected our entire country and in the entire world
 after the military I started working for the restaurant industry I became a restaurant manager and eventually a training manager and ran I'm training for a restaurant for for the house and back of house employees all aspects of the restaurant
 aggressive I don't know if that's the best word to use may be confident I'm very aware of eye contact paying attention to detail and timeliness things of that nature I'd say the positive factors of the military are being very disciplined and again paying attention to detail
 lately I've been pretty hard on myself I haven't been working much just taking care of the baby and I'm really really trying to figure out which direction I went next in life howling forward
 I don't feel like I have been as positive as I used to be
 I feel like I need a lot more encouragement I feel like I'm a lot more needy and clingy Than I Used to Be however at the same time I've been isolating myself a whole lot more than I usually do
 it depends on what's happening with my daughter if my baby is awake I'm awake when she sleeps I sleep
 tired of probably a little cranky as well
 you know I've been talking to a therapist for about the past 3 months I have not had a full psychological evaluation but she definitely said I was just playing fine of PTSD depression and anxiety
 yes same therapist again says that she feels that I'm experiencing signs and showing signs of depression
 definitely what I had my baby 9 months ago really happy lately I can't think of an exact time or experience
 my grandmother has been a very positive influence in my life my mother have expended a lot of strong women I look up to have been very powerful influences on my life
 well on the 4th of July I took my baby out to the park and just played with bubbles I know that's a little but that really makes me happy spend time with my kids and just being in the moment and being still and feel like I have no needs to be met just enjoying my time with my children
 I am most proud of Taking Chances even though I think I'm hard on myself sometimes I think I've been very courageous I joined the military young Ace I left my family I moved to different parts of the country by myself I most proud of myself for Taking Chances
The beginning of the transcript consists of procedural remarks and technical testing about camera positioning and AI setup. The participant describes her background—born and raised in Los Angeles, enjoying the weather and diversity but noting smog, limited travel, and a desire to explore new cultures. She mentions her education in music and dance in high school, a business major in college (unfinished), and currently staying home with her 9-month-old daughter while working part-time. She is outgoing, makes direct eye contact, and enjoys reading, music, gaming, and playing with her kids. Her dream job would balance family care with nonprofit service work.

Family details: she lives with her boyfriend, 12-year-old son, and 9-month-old daughter; her mother and younger sister are in her support network. She reports temper control difficulties, most recently arguing with her boyfriend about breakup. She experiences guilt over career and financial choices and regrets poor decision-making. She values family over work, as exemplified by attending her aunt’s memorial instead of working. She recalls 9/11 as a national trauma.

She enlisted in the military at 19 for discipline, serving in Saudi Arabia during 9/11 in an air support role. Deployment was stressful—separation from her infant son and difficulty readjusting upon return. After military service, she worked in restaurant management and training.

Currently, she is self-critical, feeling less positive, more needy and clingy, socially isolating, fatigued, and cranky due to her daughter’s schedule. She’s been in therapy for three months; the therapist notes signs of PTSD, depression, and anxiety, with postpartum onset nine months ago. She identifies strong female influences (grandmother, mother) and social support. Pleasant experiences include playing with her baby. She takes pride in having taken chances—joining the military and relocating independently.
  [INFO] Predicted PHQ-8 score: 12.0

[20:03:38] → PID 620
Participants:  20%|█▉        | 11/56 [01:19<04:38,  6.19s/it]Participants:  21%|██▏       | 12/56 [01:21<03:40,  5.00s/it]prompt:  I am extremely happy to be in La I'm extremely happy to be not on the East Coast so I'm going to say that I have no complaints
 I travel by bicycle and I enjoy the fitness that I drive
 I have the same trip everyday jump on the bike by Sunset Strip roll to my downhill to the farmer's market for lunch tell three more miles uphill to the post office and shopping and roll down Sunset back home again
 I'm the oldest of nine we're in pretty good shape I talk to my brother John each week my sister Mary each week my sister Patty each week my sister Dolores every couple weeks so what we're in pretty good shape
 but I would say that I'm okay if controlling my temper I I don't have fights and I've never had any trouble with the law so perhaps I'm doing something right
 oh I had a minor disagreement with my brother last night just about
 the Dynamics of the radio show and the concept of a permanent co-host versus rotating guest hosts and we each look at it differently and I really didn't fight with him I let him have his opinion
 by and large learn to how to cope
 well that's the hardest decision I ever made was the easiest decision I ever made which was leaving the confines of the East Coast traveling 3000 Miles without family or friends because it was important to do for to fulfill myself
 I was 21 when I joined the military
 it was not much of a decision that was essentially a forced on me and others we had a draft at that time
 did I see combat we were rocketed and I was never a med Evac hospital I've seen
 mangled people coming in off the helicopters
 don't know I went back to civilian life I worked a job and went to school and function
 I came home to Pennsylvania finished my college and and then moved to California
 I didn't quite hear that one how did the military treat me fairly and I got to the benefit of the GI bill for my education and I currently have the medical benefit of the VA so I suppose the deal worked out favorably for each of us
 I'm getting more done being more productive and more fulfilled lately
 I sleep no problemo
 when I typically do sleep well if I don't get enough sleep it impacts my day of course
 I have not been diagnosed with depression
 10 mile bike ride in the Heat and I'm happy that I'm physically able to do that
The rest of the transcript consists mainly of rapport-building small talk and biographical details: the patient’s education and career background (studied English literature, involved in politics and writing, launched an internet radio show), family anecdotes, his origin (Pittsburgh) and current residence (Los Angeles), descriptions of local weather and community, and technical issues with his radio show. He speaks of enjoying liberal surroundings, biking daily for errands and exercise, past attendance at Little League events, media habits (watching political shows, reading online), and generally upbeat self-descriptions. No other psychiatric symptoms, diagnoses, or significant stressors were reported in those segments.
  [INFO] Predicted PHQ-8 score: 0.0

[20:03:41] → PID 622
prompt:  California born and raised
 I have traveled extensively in the military and driving truck cross country
 what do you do now I've retired from the military from driving truck and Social Security
 I just have 69
 they're just being my sister and an older brother left my parents are both dead my grandparents are dead
 I get along real good with my sister our brother lives up north we have some communication with him but not much
 couple weeks ago with my girlfriend
 she still wants to go out on dates and I try but
 I've been out of the area for 50 years I just moved back 2 years ago so she knows wherever everything sat and I'm still trying to learn it again
 you're going a little fast for me but the hardest decision I've ever had to make was saying goodbye to my dad
 have you ever served in the military yes
 20 years
 I turned my last ten years I was a military policeman
 did you ever see combat
 how is the weather for you to go back to civilian life I miss the military for a while the the discipline but I kind of got over there
 I was a deputy sheriff for a while then I went to drive a truck local then I went to drive and truck cross country
 pretty good and a little bout with with cancer and that's been taken care of that's partially why I can't talk real good
 have you ever been diagnosed with PTSD
 have you been diagnosed with depression no
 I met this wonderful lady
 and I've been with her ever since and I've been happier since I met her than I ever have in my life
 how would your best friend describe you
 happy-go-lucky I guess
Client greeted the therapist, reported feeling great. Born and raised in California, he traveled extensively through military service and as a cross-country truck driver. He is now retired from the military (20 years, including 10 as a military policeman) and trucking, living on Social Security. He is 69 years old. His parents and grandparents are deceased; he maintains a good relationship with his sister and limited contact with his brother. He recently argued with his girlfriend about dinner plans and is still adjusting after moving back to the area two years ago. The hardest decision he’s faced was saying goodbye to his father. He never saw combat and later worked as a deputy sheriff before retiring. He had a bout of cancer that’s been treated and currently exercises daily and eats well. He denies any PTSD or depression diagnoses, sleeps well, and describes himself as “happy-go-lucky.” He feels happiest since meeting his current partner.
  [INFO] Predicted PHQ-8 score: 0.0

[20:03:43] → PID 623
Participants:  23%|██▎       | 13/56 [01:27<03:44,  5.21s/it]Participants:  25%|██▌       | 14/56 [01:37<04:44,  6.76s/it]prompt:  why didn't further my education in college but I did finish high school and some of the subject that I liked and I was in high school was I love American history
 and now I work in real estate I work for a guy in real estate and I find property's or properties that has been abandoned by their owners or whoever that live there and if we can find the people we we we offered them a contract on the property then once they agree to that everybody signs off on it and then we start to go in and rehabitat the place fix it up clean it up and turn around and sell it at all and I put up Advertising Signs for the business also so I'm evolve a little bit into real estate
 my relationship with my family is very good my dad is deceased
 maybe 11 12 years now my mother is still alive she's live back in Georgia. Believe she's 75 years old now for social switch still resides in Georgia or brother that lives in outside Detroit
 so that makes up my family I contact them on a weekly basis via email or text
 or phone call or very close very close Southern family and I love them very much just don't get to see them as much as I like to
 going to work out or
 do my thing is sort of really stressed I like to work out so a lot of times I go and take the dog for a walk or I'll watch a nice comedy on television so that's sort of how I get to
 relieve the stress in my life
 I'm very easy I'm I'm very hard to get upset so it's nothing to control their but when I do feel like there is a temple coming on I sort of think about something else to do or
 just Don allowed to control me
 always think of something positive to do when I feel like my temper is starting to escalate
 just last night my girlfriend where it was an argument but she felt like I wasn't giving her enough attention and I felt like I was giving her a lot of attention so neither one of us was willing to give an inch that's that's a trademark of aquarius so we sort of Argyll way to sleep
 sometimes feel guilty about is a divorced that
 I did I went through about 7 years ago I should have thought it out
 a lot more than I did before I made the decision I did so
 I guess if that's the case I guess that would be something that I wish I could have done different
 agreeing to go into the military and I thought about it I didn't want to do it so it was a really hard decision because I knew once I had agreed to do it
 to sign my name then I was obligated to go so that was a very hard decision
 I felt like actually going back to that first question I was about 19 years old when I joined the military I felt good about it
 it was something I thought about doing and I wanted to do it I felt like it was
 becoming of a man back then to join the military and I thought good about it and as I look at it today really kind of
 set me up to the point that I'm in my life now with the discipline and the structure of your life and your your family life so it really kind of
 I went to the Gulf War
 in 1985 I spent six six months in a cup of Romaine in 1985 and that was a really
 really tough experience right there for me
 very hot very dangerous are in a hostile environment
 about 14 years as a security officer real nice job good pay unfortunate in 2005
 my department was cut out due to the company not willing to negotiate our contract again so after 14 years of that I was let go
 I've been feeling
 and I'm pretty good lately not as good as I want to feel but I've been I've been I've been feeling okay
 lately has been little bit hard because for some reason my neck have been tightening up on me so it's been a little bit difficult to get a good night sleep. Over the last couple weeks or so
 that's been a lot going on
 a little bit edgy little bit not attentive a little bit uneasy
 those are some of the things that you know normally happens to me when I don't sleep well
 when I was able to move away from my mother-in-law's house and move into my own house which is about 4 years ago
 and I made me really happy because me and my four kids and Kearney at that time my wife was all staying with
 my mother-in-law and which we stay there for five years so I thought when we got our house I was so happy because I could do what I want to do I could move around as I wanted to in until
 make me happy made my family happy also
 I would say my mother course and my brother and my mother course because she's the one that brought me
 and my brothers because I sort of see how he goes about his business and I sort of
 sort of meaning
 so I don't want to go down that same road as he's gone down and so those are my two
The patient is from Macon, Georgia, and likes its weather, beaches, and opportunities but dislikes traffic, high property costs, and limited public transit. He enjoys traveling, has visited Europe, and currently works in real estate with goals of financial security and owning rental properties. He describes himself as outgoing and intellectually curious. He maintains close family ties—his father is deceased, his mother and brother live elsewhere—and relaxes by exercising, walking his dog, and watching comedies. He uses positive distraction to manage his temper. He had a minor argument with his girlfriend over attention, regrets a divorce seven years ago, and considers joining the military at age 19 a difficult but formative decision. He served four years, including six months in the Gulf War, then worked 14 years as a security officer before being laid off. Recently he’s felt generally okay but has experienced neck tension disrupting sleep, resulting in edginess, inattention, and unease. He was happiest moving into his own home four years ago and identifies his mother and brother as role models.
  [INFO] Predicted PHQ-8 score: 3.0

[20:03:49] → PID 624
prompt:  shy
 kind of reclusive
 Goodwill opening up showing my emotions and feelings
 and that's not good and I have three sons and
 very tired with a relationship
 and sexual assault
 it wasn't my fault
 when I try to commit suicide
 I really wanted to do it but I'm glad I didn't
 my childhood
 beatings
 isolation
 abuse
 depressed
 out of it
 very cautious of people surroundings
 cautious paranoid Maybe
 sleep medication I'm taking doesn't work anymore
 haven't seen my doctor it is very difficult I'm up most of the night
 months ago 6 7 months ago and I felt really happy
 that's what my medication was working
 I didn't have any cares
 my mother
 backbone pillar
 my mother always let me know when I did something wrong
 want me to be better and I know she love me
The speaker is from Arizona, describes herself as shy, reclusive, and having difficulty expressing emotions. She has three sons, feels very tired in her romantic relationship, and tries to stay active through swimming, weightlifting, and basketball. She regrets not spending more time with her children. She reports a history of sexual assault (not her fault), childhood beatings, isolation, and abuse, and has made a suicide attempt but is glad she survived. Around 6–7 months ago her medication was effective and she felt happy, but now her sleep medication no longer works, leading to insomnia and early fatigue. She feels depressed, cautious, and somewhat paranoid. Her mother remains her primary source of support and encouragement as she continues working on her recovery.
  [INFO] Predicted PHQ-8 score: 16.0

[20:03:59] → PID 625
Participants:  27%|██▋       | 15/56 [01:45<04:54,  7.18s/it]Participants:  29%|██▊       | 16/56 [01:53<05:01,  7.53s/it]Participants:  30%|███       | 17/56 [01:58<04:24,  6.77s/it]Participants:  32%|███▏      | 18/56 [02:11<05:23,  8.52s/it]prompt:  where are you from originally Montgomery Alabama
 a lot of the sites of amusement parks lot of different places to go with my children
 my major was business administration minor was history
 what's your dream job
 I just love people always have been a people person like to talk to people probably don't talk to people as much as I used to since it ain't got this missing tooth in my in my smile so it kind of takes away from me being as outgoing as I used to be
 relationship with your family
 when I'm feeling then I turn on the fish tank screensaver
 play videogames right read I wish I could get enough get-up-and-go to write a screenplay I've always been wanting to write and you never know what may happen with that but you know if I ever get some get up and go I'll write something but that's primarily what I do
 pretty good I haven't done anything crazy or nothing in my life I guess but I do have a tendency to have a little bad temper
 when was the law
 not having as much drive and determination as I should have that's probably my biggest no regret or what I feel is guilty about
 tell me about
 tell me about midnight or something that
 that's 20 years to be exact and it hasn't really affected me employment wise or anything like that but it's but it's it was on my record and it was something that should have been avoided but it happened and I just wish I could take that one back
 yes
 fairly easy
 I came back to Los Angeles and decided to move to Georgia and spent four years in Georgia working and going to school a little bit and then came back to Los Angeles four years later after 1990
 on the positive side I was physically fit when I got out very physically fit and enjoy being that way for several years until you know of some things happened in my life to where I kind of let myself go
 but it changed me and made me more
 I didn't notice any change.
 hello are visible in the mornings but since I live alone and a lot of people don't really feel that so
 fairly recently I have my kids over for the weekend and I we had a good time enjoying each other's company so I was pretty happy man
 I would probably say Pastor from my church her name is Pastor Beverly Allan she's been kind of a mentor for me for several years and she's a bit of a really big influence in my life and always kind of been there for me
 tell your best friend
 I like to bowl so when we go bowling
 my children
 thank you
The interview began with technical setup and casual conversation. The client completed two years of college (major in business administration, minor in history) and has aspirations in film/music entertainment. He currently works part-time on home improvements and is disabled, limiting regular employment. He describes himself as outgoing but notes social inhibition related to a missing tooth. He has three children with two different mothers, is close to his own mother, but interacts little with his extended family. His coping strategies include watching a fish-tank screensaver, playing video games, reading, and writing aspirations. He reports a tendency toward a bad temper and avoids discussing politics, sports, or religion. He feels guilt over not spending enough time with his children and not achieving more success or drive. He joined the military as a hard life decision, served in Europe (including tense border duty), and since discharge in 1990 has experienced increased social anxiety. He was arrested once at age 20–21, which he regrets. Physically, he was fit post-service but later let himself go. He describes his current emotional state as generally pretty good but physically tired, with mostly restful sleep and occasional low moods though no formal depression diagnosis. He finds mood boosts from spending time with his children, values mentorship from his church pastor, enjoys social activities like bowling, and is proud of his children’s health and intelligence.
  [INFO] Predicted PHQ-8 score: 4.0

[20:04:07] → PID 626
prompt:  I'm studying aeronautics
 right now I'm unemployed
 to design uavs
 it's all right if you know my mom's left
 good only has anger problems
 I don't really feel guilty about anything
 that would be joining the Army
 24
 my wife was kind of stuck so I needed to change something up for me was a good choice
 yeah I did one combat tour
 pretty easy it wasn't a real rough deployment
 I am going back to school
 I don't really think it changed me all that much I met him might be more responsible now
 not much to tell just going day-by-day I feel fine
 I'm like a zombie
 my wife my best friend
The patient is from Los Angeles and enjoys the beach but finds the city restrictive and the traffic challenging. He’s traveled to several places—including a recent trip to Italy (Pisa, Rome, Florence, Naples)—and spends free time playing video games, watching movies, and working on car projects. He reports no significant regrets or guilt, nothing he’d erase from memory, and no ongoing major stressors. His daily routine is stable; he feels fine overall, though at times describes himself as “like a zombie.”
  [INFO] Predicted PHQ-8 score: 1.0

[20:04:15] → PID 629
prompt:  will she pick up on my
 no I don't think so no
 and I think I could have probably avoided it if I read the signs probably work a little harder and
 yes I have
 no I have never have
 again I am at my last physical I was asked if I was feeling depressed and I told him no and they did tests and determined that I wasn't wasn't a depressed person so I never feel depressed I always feel you killed it and never feel depressed
 the last time I felt really happy and well I'm a big sports fan so whenever sports teams do well especially the Dodgers which they have been doing really well lately keeps me happy and I like to see my favorite teams do well because I feel on the part of the team because I attend the games and support the team and I like to do like to see them succeed so basically it's baseball season right now but football season is around the Home Run basketball teams in the hockey season so epic sports fans to one of my teams do album I am I am feeling really really good
The patient is from West Covina, California, and works as a part-time broadcaster and satellite programming engineer. He served six years in the Marine Corps, including Desert Storm and the liberation of Kuwait, achieved the rank of Sergeant, and studied broadcasting and history. He enjoys sports (Lakers, Dodgers, USC football), traveling, and outdoor activities—using a Jacuzzi, swimming, and mountain biking for exercise and mood regulation. He describes himself as generally even-keeled, alternating between shy/homebound and outgoing, with strong family support. He was downsized from a full-time position in December 2012 and feels he could have performed better. In his late teens he engaged in bar fights related to alcohol use. When he doesn’t sleep well he feels groggy and relies on multiple cups of coffee. A recent VA checkup found no PTSD and he denies depression. He takes pride in his Marine service and sees his parents as positive influences.
  [INFO] Predicted PHQ-8 score: 0.0

[20:04:20] → PID 631
prompt:  losing my relationship with my sister
 Teasing my sister
 try to help her out
 my parents death
 22
 not too easy
 I'm happy to be alive
 I hardly ever not sleep or get sleep
The transcript begins with procedural and small-talk exchanges: the client asks permission to start, mentions recreational interests (fishing walleye, vacation), and the interviewer explains the recording process. The client offers brief yes/no responses and confirms basic personal details (location, activities). They describe leisure interests (video games, a Disneyland visit), vocational roles (communications, security work on a Disney ride), and deny temper problems or frequent arguments. The conversation includes light banter, orientation checks, and ends with casual farewells.
  [INFO] Predicted PHQ-8 score: 10.0

[20:04:33] → PID 634
Participants:  34%|███▍      | 19/56 [02:22<05:38,  9.14s/it]Participants:  36%|███▌      | 20/56 [02:26<04:35,  7.64s/it]Participants:  38%|███▊      | 21/56 [02:33<04:25,  7.58s/it]prompt:  I work out to relax usually three to five times a week I work out in the mornings and it does help to manage stress and in real estate and being a mom there is lots of stress in my life
 getting better at it not the best at it I tend to be very outwardly with my emotions and I'm learning to try to check them out the door a lot more than I used to so I can work in progress
 I wish that I would argue with my husband less especially in front of our kids
 I feel guilty about arguing with my husband in front of my kids is something that they should be apart from and separate from and not even not even be included in that
 It was probably the decisions had let my daughter move forward with the heart surgery that the doctor says that she need it but it was it was a very scary time and place for us but we we move forward with it was a decision that I did not make a loan I made it along with my husband
 as an as a child being touched any of her inappropriately by a family member
 I've been feeling fine
 I've been feeling fine this summer the work stress is still there but my kids are out of school so our household is a lot more relaxed my son is actually in Sacramento for the past couple of weeks so it's just my husband and my daughter and I and we're sort of taking a little bit of a laid-back approach to Summer before our vacation comes up
 I'm pretty easy over the last two to three weeks I think there was one night or I had so much on my mind I just find it hard to fall asleep but in general I do sleep well
 I just sort of not as social a little more quiet
 my mother is definitely a positive influence in my life she is someone that I go to and confidence all the time she's a very spiritual woman and always seems to lead me appointment in the right direction
 my best friend actually passed away so I will I will use my husband who was a really good friend actually in at this point he is my best friend and he would probably describe me as someone who lives my life passionately who is very dedicated and loyal and who wears her emotions on her sleeve
Client is a Los Angeles native who enjoys the beach but dislikes smog and traffic. She and her husband prioritize cultural travel for their two children (e.g., Acapulco at Thanksgiving) and once lost her luggage while traveling. She attended fashion school for two years, completed a bachelor’s degree, and now works as a real estate agent with aspirations to specialize in income properties. She describes herself as outgoing with strong relationships. She manages stress and relaxes by working out 3–5 times a week but reports occasional sleep difficulty. She has been less social and quieter lately. She expresses daily gratitude, relies on her spiritual mother and husband (her best friend) for support, and cherishes simple family outings. She is a proud mother of a 7-year-old daughter and a 9-year-old son.
  [INFO] Predicted PHQ-8 score: 2.0

[20:04:44] → PID 635
prompt:  pretty good maybe too good
 I saw I saw this girl in the store the other day and I wish I'd asked her out
 okay little tired
 tired crabby low energy
 had a date the other day
The transcript begins with setup instructions for an AI interviewer using speech and facial recognition. The participant greets the system, engages in small talk about dating and flirting, and briefly mentions being from Switzerland and interests (philosophy, sales, acting, meditation). When asked about their mood, they say they’re feeling “pretty good, maybe too good,” but also “a little tired,” “crabby,” and “low energy.” They haven’t called their father in about a month. They recall regretting not asking a girl in a store out, but note they did have a date the other day.
  [INFO] Predicted PHQ-8 score: 2.0

[20:04:48] → PID 636
prompt:  why wasn't I was in accentuate sorry in Vietnam and I was horribly sick and I was hallucinating and my traveling companion husband person I
 I said please go get me some water I was in a really sweating profusely and I've been very sick for a while and he went out to get the water I don't know sometime in the morning and he came back and I don't know 7 at night or something and said that he some fellow on a motorbike instead let me take you somewhere where you can get some water and I don't know what the hell you did all day long so I just think back to then and I remember coming in and out of Consciousness and thinking I'm going to die here and I wondered if I would ever be and I found in this hotel we were staying so I don't know how I survived and I'm probably over dramatizing it but
 it was just memorable because I often think back and when I see people sick or whatever and think she why the heck did I survive
 that's not my PTSD thing though if you're wondering
 with two people I'm no longer any good at it at all my husband and my mother cuz they were both extremely
 physically and emotionally abusive and I finally learned recently on the last maybe 10 years or so that that's the stuff they had that I accepted as normal was not normal so I did all the assertiveness thing where you say this is not no please don't lie to me or whatever the thing they were doing and you know the person supposed to say oh I didn't know that was hurting you let me change but of course that never actually works in real life so now I find that if I must have contact with these people of HIV one of them have to I get extremely if they lie to me I just get fed up and you know
 I I guess I could erase my big pts State when I was 18 a serial killer
 abducted me and I escaped from that I
 neither here nor there I'm just numb anymore I don't really care I'm just waiting for you know to die
 I just didn't have an appetite for like I don't know 5 days and horrible thing is I didn't lose a single pound
 let's say I didn't have hunger so I didn't eat and didn't seem to affect my body at all
 that's made things doubly difficult the second thing is that I because I'm always plagued by these horrible nightmares they're actually just actual events of actually happen to me just replaying over and over I am an internet addict and I just put stuff on YouTube or or whatever on all night long and you know I frequently have loud loud sounds so I don't sleep that well and I have a horrible horrible that at the moment and live in a very noisy place
 I don't know I I I developed anxiety and I freaked out you know if I think I'm going to run out of gas I get short of breath and
 I don't know in the soup I used to be able to handle anything now something stupid happens and I catastrophize it and think that it's going to be horrific so I have to talk myself out of it
 hello I've lost all the ability to trust and I'm numb to all feelings partly
 I think my PTSD I was fine and I had it after the eighteen-year-old incident I just fine and dandy and then something happens in the last like decade I just had hit after hit after hit and it just brought everything back up and or maybe it's cuz I'm not that busy anymore so I'm time to ruminate over all these horrible things and I've said Elaine thing I'm way worse now than I was after the you know escaping from a serial killer I mean
 drink a couple things of alcohol which I don't I don't know something's wrong with my heart they told me and
 I might it myself or hurt myself and some other way
 threat because after you after you do that releases all in all you're all freaked out and then if you hurt yourself you got really distracted like how come you know this really hurts and then you don't really think about the horrible thing that was in your head anymore you're thinking about I've got this
 I have tried to get help I can't get any help now I don't have any insurance I can't I'm not poor enough I would need to go through all of my retirement savings and be penniless to get any free help so I mean I'd like to be a normal person again and I'd like to be happy I'd like to be a functioning human you know like I used to be
The patient describes a peripatetic childhood and extensive international travel, expressing enjoyment of diverse cultures, environments, and activities such as biking and swimming. She recounts career shifts from dance to film to law, now underemployed with significant student debt and feelings of failure, shame, and loss of dreams. She reports recent severe medical illness abroad. She experiences chronic nightmares, insomnia from night‐long internet use, anxiety with catastrophizing, low trust, numbness, and PTSD symptoms resurfacing decades after a childhood abduction. She has low mood, hopelessness, transient appetite loss, neck pain, reduced coping, occasional low‐dose alcohol use (with cardiac concerns), and passive suicidal ideation, seeking but unable to afford therapy. She has had mixed experiences with therapists and occasional brief moments of happiness (e.g., climbing the Great Pyramid).
  [INFO] Predicted PHQ-8 score: 22.0

[20:04:55] → PID 637
Participants:  39%|███▉      | 22/56 [02:46<05:15,  9.28s/it]Participants:  41%|████      | 23/56 [02:54<04:46,  8.69s/it]prompt:  I'm studying acting and I'm working a day job that doesn't pay enough money so I'm trying to find additional day jobs or I don't know how to I'm trying to figure out how to live with joy
 that's how to live with joy that's when your life flows is when you do more of what brings you Joy that's my current
 I really am thinking I don't have a family anymore my father passed away and there's no relationship with my sister and a very poor one with my mother so it's almost like not having any family anymore
 sometime
 if you can imagine it was more than a cat it was like being a very large entity in the body of a cat and my cat passed away and I had to I wanted to have a proper burial at an animal cemetery and have a memorial service for my cat and my mother was against these ideas that was too much for a cat and so it took me two and a half months to come up with the money to find his casket and to decide on what style of casket I wanted because it was so hard to own that decision when I didn't get any support over it
 but eventually I triumphed and I found an artisan in Tennessee that makes Cedar chests and he made me the most beautiful Cedar casket octagono
 well I probably had a lot of them
 so I feel a lack of support in my life and I feel isolated and lonely
 other than that I'm very optimistic
 I'm really working hard at going to sleep before midnight and I noticed that it makes a big difference when I do get enough sleep
 I'm fine I'm just tired but I think I'm pretty fine energy-wise in terms of interacting with other people
 lack of focus
 support network no one to talk to not a lot of energy
 to do extra things that would you know help make your life better it's just sort of get into the struggle of just getting through the day
 and then trying to find the energy to do something to make it better
 I need to buy something
 and we had a falling out in November so I haven't spoken to her since the following out but essentially what I realized in November was just a tremendous amount of inability to love that she has towards me and I think it's a lifelong thing so I think it's hard for me to get close to people and to bond with people because if you can't trust your mother who can you trust and if you haven't received love from your mother
 and you don't know really how to receive Love Actually something about receiving lover
 something like that
 share the deeper ones with that would really understand me there was no long-term relationships
 I had to seek counseling / the Mandate of my school
 that's the incident that triggered it
 it's a reflective experience so your reflective throughout the week before you see your therapist and then you sort of start thinking on a deeper level about a seam occurrence seeing that's like what's really the issue and then it feels very look forward to having someone to talk to you that can really listen so the gift of active listening
 and then feeling of satisfaction from another human being caring
 and
 I went to UCB and saw Improv
 you're welcome goodbye
The remainder of the transcript consists largely of brief acknowledgments and small talk ("okay," "fine"), general observations about living in San Francisco (beaches, weather, difficulty using buses without a car), comments on her day job and financial constraints, and her efforts to cultivate joy. There are mentions of routine activities (showering), episodic social interactions, spontaneous thoughts, some positivity around acting classes and improv, and a polite closing.
  [INFO] Predicted PHQ-8 score: 7.0

[20:05:08] → PID 638
prompt:  I'm feeling okay
 I get along well with my father I don't get along so great with my brother
 I'm very good at controlling my temper
 I argued maybe two weeks ago with my father because he didn't put the dishwashers the dishes correctly in the dishwasher
 I wish I would have done much better in college
 I feel guilty about spending my money on stupid things
 pulling the plug on my mother
 I wish I could erase my final year in college when my mother passed away
 I've been feeling a bit down in the dumps
 yes I'm a little bit more upbeat
 I recently got involved in a book club
 I went to a ladies luncheon and I enjoyed myself
 I don't have many positive influences in my life
 my home is filled with a lot of negative energy and I don't have any friends to rely on
 I don't have a best friend
 being the first person in my family to graduate from college
The patient is from Inglewood, California, and shares casual details about weather, shopping, museums, traffic, and cost of living. She celebrated her 21st birthday with a trip to Walt Disney World. She is interested in interior design and aspires to be an interior designer. She reports getting along well with her father but not her brother and mentioned a recent argument with her father over dishwasher chores. She says she’s good at controlling her temper. She regrets her college performance, feels guilty about frivolous spending, and identifies pulling the plug on her mother as her hardest decision; she wishes she could erase her final college year when her mother died. Currently she’s been feeling down but sometimes more upbeat. She recently joined a book club but finds social engagement challenging. She attended a ladies’ luncheon and saw a movie (Monsters University). She reports few positive influences, no best friend, a home environment filled with negative energy, and is proud to be the first in her family to graduate college.
  [INFO] Predicted PHQ-8 score: 4.0

[20:05:16] → PID 640
Participants:  43%|████▎     | 24/56 [03:05<05:02,  9.46s/it]Participants:  45%|████▍     | 25/56 [03:09<04:02,  7.82s/it]Participants:  46%|████▋     | 26/56 [03:15<03:38,  7.28s/it]prompt:  my family is good we're a little bit closed we don't we don't show a lot of emotion and we're not is as loving you know over the phone or in person but you know we have other ways to show our emotions
 I'm usually pretty good I don't really get extremely angry very often and I keep a lot of my emotions inside which isn't always good but you know I never have crazy angry outbursts and get violent or anything like that
 I think the passing of my my mom's dad I wish I would have been a little more loving and an emotional to my mom about it you know it was a very difficult time for her friend
 I feel guilty about just not being as as loving and caring to my parents I mean they've they've done a lot for me and provided a lot and I don't know he's really show my appreciation to them I think as much as I wish I should so
 something that I wish was erased would certainly be when I was pulled over for a DUI very embarrassing moment but you know I wish that it never happened
 I've been a little bit sad I had another death in the family recently my uncle passed away a couple weeks ago so it's been a little bit difficult on all of us and you know we're all spread out around the country so it's
 I just recently I mean I think I've been a little a little more bummed out and
 well you know whenever you lose someone close to you in a family you know it's very difficult for everyone and the you know different people show their emotions differently so you know for me I tend to keep a lot of it in and then I'll be a little more beneficial if I was able to express it to someone more but you know I don't really feel comfortable doing that all the time so
 how easy is it for you to get a good night sleep it's very difficult cuz I work a lot of strange hours to so I'm up in a working late and then got to get up early and sometimes I can sleep in more so you know if I'm not in a set routine it makes it a little more difficult but you know I usually get a decent amount of sleep as often as possible so I usually don't have too much trouble in that sense
 fell asleep while I'm usually a little just bit more irritable more grumpy you know smaller things can set me off a little bit but you know I have certain techniques to relax a little bit more so you know whenever that happens I'm I'm usually able to handle myself appropriately
The patient is a Brooklyn, NY–based computer science major working in IT consulting who enjoys traveling (recent two-week tour of Spain with high school friends), movies, and walking their dog to relax. They describe themselves as shy, come from a family that is emotionally reserved yet supportive, and have no formal psychiatric diagnoses. They report good anger control but internalize emotions, feel guilt over not showing enough affection to their parents, and regret a past DUI. They are currently grieving two recent family losses (grandfather and uncle) and feeling down more than usual. Sleep is disrupted by irregular work hours, leading to irritability and reliance on personal relaxation techniques.
  [INFO] Predicted PHQ-8 score: 5.0

[20:05:27] → PID 649
prompt:  see how I need to see
 Tina
 in the military Aviation Ordnance
 and whatever I can do to make money legally
 maybe about
 sometimes I say the wrong thing or I I make
 but I never like it too far
 naughty things that I've said that I didn't really mean to say I probably from being paranoid about things and
 yeah
 grew up fast
 I was activated for Attack on Libya and it never transpired President Reagan cancel it and I was also recall for the Gulf War to work on the 20 millimeter gun and Ice that was on a l p h a naval vessel fairly close to the combats in the Middle East in the Persian Gulf
 how easy was it for you to go back to
 it was
 that'll happen
 lot of different things
 PTSD
 they've been more positive
 I've learned to deal with it okay I'm not I'm not grouchy or irritable I've just I don't have anything nice to say don't say anything at all but it was times when I was a little edgy
 one time
 how long ago were you
 10 years ago
 Teairra Mari
 we living we living our experiences that were in the past
 fits of Rage in an unconscious fits of rage and stuff like that
 combat training in the Marine Corps and in in
 fear the unknown
 about it and it's been the first one I've had in maybe a year to this subsiding slowly
 the VA when it when I when I first went to get primary care and and
 no I don't not not for PTSD and I was going to some classes briefly
 why did you stop
 the nightmares are few and far between now and
 I'm comfortable without it
 I don't avoid doctors or hospitals anymore I go and get help
 today
 I'm 50 years old and she's 23 and
 make me young again kind of
 I've got it I got a good woman by my side and I was alone for many years from
 Good Feeling
 okay I think I know
The interview began with general small talk (greetings, weather, traffic) and the client mentioning he’s from Syracuse, NY. He described being outgoing yet shy, once locked out of town, and noted occasional overreactions—especially a recent conflict about internet use and misunderstandings with his girlfriend. He lost both parents at 18 and had no immediate support after high school. He served 20 years in the US Marine Corps with two activations (planned Libya attack and Gulf War) and is now a disabled veteran awaiting pension. Employment history includes biomedical shipping, inventory analysis, software manufacturing, and part-time security work. He values discipline, punctuality, and attention to detail. He reports mental health struggles—ADHD, depression, PTSD—and takes Schedule II medications for ADHD. He was diagnosed with PTSD once, 10 years ago, experiencing nightmares, heavy dreaming, sleep disturbances, and rage episodes, which he says have subsided over time. He briefly attended VA classes but discontinued as he felt coping improved. He now proactively addresses his health, sees doctors when needed, and is in a supportive relationship for six months with a younger partner, which he finds revitalizing. He’s proud of his military service and honorable discharge.
  [INFO] Predicted PHQ-8 score: 7.0

[20:05:31] → PID 650
prompt:  wish you would
 tell me about the hardest decision you've ever had
 yes almost 9 years US Air Force
 18 years old
 and can't concentrate well
 yes I have
 nightmares night terrors
 disorientation waking up
 not knowing where I am
 things of that sort
 I went to Columbia
 one on President Bush's War on Drugs and
 I learned a long time ago that you have to put your past behind you so
 at the debrief you are asked if you need help coping with the situation
 so of course I immediately raised my hand told him I need help with coping with the situation it took roughly about
 and
 it was at first
 no absolutely not
 you feel therapy in Haysville
 can you tell me about that
 so positive role models are probably say most of my superiors in the military that was my biggest growth experience in my life
 how'd your best friend
The client is a New York City native who enlisted in the U.S. Air Force at age 18 due to limited options, serving nearly nine years with combat deployments in Colombia during the War on Drugs. He left the military in 1997 for financial reasons and later worked in private security and law enforcement. He is married with three daughters and recently moved to California, leaving his eldest daughter in Florida, and reports financial discussions with his wife as a stressor. Currently struggling to secure his desired high-paying job in security or mental health support, he experiences fatigue and concentration difficulties. He had brief military-provided therapy (3–4 weeks) after combat, which alleviated nightmares, night terrors, cold sweats, and disorientation; he stopped once he learned coping skills and now prefers therapy over medication but remains self-sufficient. He identifies positive role models among military superiors but notes a childhood lacking healthy examples and having been victimized by his mother.
  [INFO] Predicted PHQ-8 score: 8.0

[20:05:37] → PID 651
Participants:  48%|████▊     | 27/56 [03:19<03:06,  6.42s/it]Participants:  50%|█████     | 28/56 [03:26<03:04,  6.58s/it]Participants:  52%|█████▏    | 29/56 [03:37<03:28,  7.74s/it]Participants:  54%|█████▎    | 30/56 [03:42<03:02,  7.01s/it]prompt:  I would like to own my own company
 I have not been having a disagreement a kind of argument anytime recently I've mostly only been having regular discussions
 tired
 and disorganized
 it's fairly easy
 no
 no
 most people
 surfing I went surfing
 and I caught a wave
 and it was very fun
 because it was difficult
 my ideas
The rest of the dialogue consists of casual rapport‐building questions and brief answers about the respondent’s background and interests (e.g., from Minnesota, a little travel, on vacation, music, walking around). They report an average mood (“it’s okay,” “pretty good”), no recent arguments or hard decisions, and no formal diagnoses including PTSD. Sleep is fairly easy despite feeling tired and somewhat disorganized. They enjoy small pleasures, particularly surfing (catching a wave felt fun and challenging), aspire to own their own company, and are most proud of their ideas.
  [INFO] Predicted PHQ-8 score: 2.0

[20:05:41] → PID 652
prompt:  oh
 what you do now
 tell me about your relationship with your family
 the best of guy
 I'm pretty good at it even though I feel like I'm going to explode sometimes
 when was the
 tell me about the hardest decision you've ever had
 yes
 travel education benefits to having a hard time dealing with the rest of the world so I wanted to get away
 are you happy you did that yes very
 how is the weather
 that's great
 gave me a
 yeah racing thoughts
 fear of forgetting something for getting details so I go over go through them over and over in my head
 how easy is it for you to get a good night sleep
 Restless irritable
 I feel hungry all the time even though I've just eaten
 about it
 yes
 hard to concentrate sleeping late
 elevated alcohol use of alcohol
 overconsumption
 not that I'm aware of
 how do you cope with them
 do you still go to therapy now
 I'm going to start therapy again but I haven't been going for about a year or two years
 Deerfield Fair
 I could you repeat that
 motivated smart funny intelligent
 that's about it
The rest of the transcript comprises standard interview setup and rapport building—including consent procedures, greetings, clarifications about the virtual human interface, and small talk about weather, traffic, and vacation travels. The client shares general background: growing up in St. Louis, educational history (BA in Communication Studies, current MA candidate in Public Administration), creative work on a web series and film, personality style (moderately shy/outgoing), close extended-family relationships, hobbies (diving, zip-lining, cruises), reflections on sibling relationships, and career aspirations in filmmaking. Interviewer questions and client responses around logistics, casual interests, and nonclinical personal preferences are also present but are summarized here as routine conversational content.
  [INFO] Predicted PHQ-8 score: 10.0

[20:05:48] → PID 655
prompt:  what's on your mind
 child development
 to own my own educational facility
 I have two sons
 take hot bath with Candlelight
 how are you
 when was the last time
 tell me about a situation that you wish you would handle
 what's something you feel guilty about
 tell me about Nevada or something that you were
 17
 my mother threatened me that once I graduated high school that I had to do something and I didn't want to go to college and so I knew from the 10th grade on that I wanted to be in the Air Force
 are you happy you did that
 did you ever see
 mood swings depressed anxious fearful
 all of the above
 my memories have slowly but surely started coming back to
 Guess that my rape in the military and then how I interned got discharged because I was reporting it
 how easy is it for you to get a good night sleep
 irritable cranky a journalist and the bed the next day not sleeping but just too tired to get up
 have you ever been diagnosed with PTSD
 how long ago were
 crying uncontrollably not sleeping well
 no will to get up no motivation
 crying at the drop of a hat
 loss of appetite
 Lawson weight
 tell me more about the
 it bothers me
 can you tell me about that
 being in a group situation it just lets me see that the things that I'm going through in the things that I'm feeling or not just me I'm not crazy
 I'm able to talk about
 good question
 I took my granddaughter to the Natural History Museum
 thanks for sharing your thoughts with me you're welcome
The transcript opens with greetings, technical checks, and consent. The therapist elicits basic background: the client is originally from Detroit, feels insecure there, works part-time as an elementary school librarian, has two sons, and hopes to own an educational facility. She describes herself as outgoing, uses music and hot baths as coping strategies, and reports being fine until about a month ago. She recounts a bus incident where her space was invaded. She denies generalized guilt. She has two major traumas: a military rape, which she wishes she had handled differently, and obtaining a restraining order against her children’s father. She served in the Air Force (affirmative for 17); initially motivated by family pressure, now regrets it. Military service gave discipline but caused lasting damage: mood swings, depression, anxiety, and buried memories that resurfaced when her youngest son joined the Army. She reports insomnia, irritability, low motivation, crying spells, appetite and weight loss, and a recent PTSD diagnosis (July 3). She’s been on medication for one week with limited effect. She finds group therapy at the VA helpful for normalizing her experiences and continues to fight for military benefits. She briefly mentions a family gathering on her granddaughter’s 4th birthday. She describes herself as aloof and a loner but takes pride in her job and her role as a mother and grandmother. The session closes with pleasantries.
  [INFO] Predicted PHQ-8 score: 18.0

[20:05:59] → PID 656
prompt:  I forgot my the weather the people and just a nice place to live
 I guess it's who I am
 pretty much are you
 how are you
 tell me about a situation that you wish you would have
 tell me about the hardest decision you've ever had to make
 tell me about news
 have you ever served
 how old were you when you die
 where to serve my country
 are you happy
 what did you do after the military
 okay
 how you been feeling lately
 no
 what do you like
 that's about it
 play 4 fun to be with
 service to my country
 goodbye
Ellie is from Columbia, South Carolina, works with computers but aspires to be a full-time photographer. She is outgoing, enjoys travel (recently drove the Pacific coast to San Francisco), reading, meditation, and prayer. She has a strong family bond, especially after her mother’s death, and sees her parents as role models of integrity. She reports rarely getting angry, feels no guilt, and accepts all life events as part of her journey. She enlisted in the U.S. Navy at age 25 out of family tradition and duty, experienced some challenges readjusting but found it manageable, then returned to school. Military service increased her discipline, priorities, and appreciation for her country. Currently she’s been physically well aside from a recent illness, sleeps easily, though sometimes feels groggy and irritable, and takes pride in her education, career achievements, photography work, and service to her country.
  [INFO] Predicted PHQ-8 score: 1.0

[20:06:04] → PID 658
Participants:  55%|█████▌    | 31/56 [03:50<02:58,  7.15s/it]Participants:  57%|█████▋    | 32/56 [04:04<03:41,  9.24s/it]prompt:  I don't really care for LA
 so I am not back in the workforce so I'm not making the money to really do some of the things that you like that just traveling
 my most memorable
 Human Services
 drug and alcohol
 I'm a student yeah I'm still completing my AA degree
 okay
 eradicate a lot of homeless is also helping those with co-occurring disorders
 I can be either way
 I know it's not Hawaii but it's the best I've got
 watch a good movie Take a Walk go to the beach
 it still work on it
 yes
 a career opportunity chance to travel
 no
 maybe a little depression
 how easy is it for you to get a good night sleep
 irritable
 hyper-vigilance
 always in fight or flight mode
 yeah
 that crowds me in where I can't leave
 I get out of bed area I mean that yeah
 I try to stay away from
 why did you stop
 had a child and she had to step down and I just haven't found anyone I know that I feel comfortable with
 you feel therapy in Hughesville
 I do
 feeling a bit more
 empower
 confident
 feeling like I released a load of emotions
 and maybe gotten some other out ternative yeah methods
 stop
 to seek more positive behavior and and encourage me to
 find out who I was and
 detritus
 thanks for sharing your thoughts
Patient is from Modesto, California, and now a student completing her AA degree without significant income, which limits activities like travel. She served in the military (Human Services, drug and alcohol focus) but did not see combat. Her career goal is to work in human services to eradicate homelessness and assist people with co-occurring disorders. She uses coping strategies such as a fish-tank screensaver, movies, walks, and beach outings. She experienced a rape at age 18. She reports periods of anxiety, nervousness, mild depression, hyper-vigilance for the past 13 years, and avoidance of crowds or threatening situations. She has difficulty sleeping and takes medication. She attended therapy until about six months ago but stopped when her psychologist left; she found therapy helpful, felt empowered, and developed alternative coping methods. She is supported by mentors who encourage positive behavior and self-improvement. She is proud of her sobriety and educational progress.
  [INFO] Predicted PHQ-8 score: 8.0

[20:06:12] → PID 659
prompt:  what you study
 all right now I am disabled and hopefully starting back to school in the fall
 a dream job was to be a chemical dependency counselor
 I just say it depends on the circumstances sometimes I can be quite withdrawn velvetizer iron would really outgoing I guess it just depends on this time
 sometimes I'm in really deep thought or have something going on internally so I don't really say a lot I got more observant at that time then I think there's something that needs to be said I'm not I'm not afraid of saying it
 tell me about your relationship with your family
 I got two older brothers that I talk to on a regular basis and my younger sisters that I talked to lots of nieces and nephews
 sometimes when I'm feeling 10 I turn on the fish tank screensaver hey I know it's not Hawaii but it's the best I've got
 how are you at controlling
 when was the last time you argue with someone
 the first thing that comes to mind is when my marriage broke up
 I wish I would have just accepted it a lot sooner than I did and moved on with my life but it took what I had been I've been married for over 20 years and I was hard for me to accept to accept the fact that my wife wanted a divorce and I tried to hang in a lot longer than just got myself used and abused so I wish I would have just grabbed that situation and moved on a lot faster
 what's something you feel guilty about
 tell me about the hardest decision you've ever had to make
 what was going to happen it and move forward
 tell me about Nevada or something that you wish you could erase her memory
 that proved that load of thing that makes me who I am today
 and I like me today
 have you ever served in the military yes I have veteran of the United States Army
 how old are you when you join the military was 19 years old
 financially the idea of having a college money once I was very motivated to go to college having that money to to fund my college education was very
 appetizing and also I felt like I needed a break from academics but I knew I wanted to start it up again at some point but that didn't happen you know life happened I got married and then another. I say I'm still trying to complete a college education now at age 47 so
 almost 30 years ago on by but I'll get it
 taught me a lot I got to got to meet people from all over the country see places that I've never seen before getting a lot of opportunities
 how easy was it for you
 I think it took me a long time longer than I realized
 see I was a security guard I worked in the bakery at a Safeway store
 that I install carpet and floor coverings
 for about 10 years or better
 working retail that's a lot of different jobs
 all right
 develop my mind show that much metal 42. I had that I had got me over a lot of things show me a lot of strength about myself
 that's great
 it's been going pretty well I've been very a lot more active than I had been
 I'm searching for an apartment right now moving out of my lips are current living situation that's very exciting just been more active in my daily life
 have you noticed any changes in your behavior or thoughts lately
 overwhelmingly still have some bad days but not take my medication and then I go to my counseling and its everything seems to be working out pretty well
 sorry to hear that
 I wake up several times
 what are you like
 actually I'm not more overly energetic adrenaline takes over and Ida zip through my day with and then at the end of the day I'm exhausted then that makes it hard to sleep again so it's just too
 just continue with vicious cycle
 so I don't know I don't know what to do about it I do not talk to my doctors later want to put me on too much sleep medication and so I just try to get a good night's sleep and just take as much rest as I can try not to nap during the day hopefully having a better sleep during the night
 yes
 nightmares
 restlessness
 I don't recall everything that they say that cuz I have a lot of overlapping problems so
 and anxiety
 not that I'm aware of
 that's good
 and I wanted to quit drinking and then I had to discover the reasons that I was drinking and now you know I was drinking alcohol as a as self medication for different problems and I had to get away from the alcohol and other substances you know other drugs and once I did that I was able to
 professionals who are more able to differentiate with the alcohol problems from the other problems and
 do you still go to therapy now yes I do
 yes I do have group therapy 5 days a week and individual therapy once a week
 do you feel therapy is useful very much so
 I'm able to take my
 situations by negative thoughts everything and every time I'm in therapy or I mean the AA meeting or see a meeting I get to empty that vallone out not carry to carry out such a burden to get leave that luggage that garbage somewhere else and I got to carry it around and have it be a burden on myself so I was quite helpful
 can you tell me about that
 limited they still are there but I do feel better about myself that I like myself better today than I did say 2 years ago
 everything is always so
 muffle for me I don't think I've ever really just joy joy joy
 my first of all my father
 I don't really know that I have a best friend
 happy Sunday with the California Angels play the Oakland A's went out to a baseball game with a sober group and
 what are the eight hot dogs and nachos and drink Pepsi and enjoyed advice Sunday afternoon baseball game that was really a good time
 what are you most proud of in your life
 I say my granddaughters
 I don't have any biological children by have a stepdaughter and then her kids and they all call me so I'm even though my wife and I aren't together I'm still acting a part of their life and
 I'm very proud of it
 thanks for sharing your thoughts with me okay thank you
The interviewer opened with consent, greetings, and small talk about living in Long Beach versus LA, preferences (dislikes: crime, overcrowding, cost of living), memorable experiences, and education. The client holds a Human Services background, is disabled, plans to resume school, and aspires to be a chemical dependency counselor. She describes variable sociability—sometimes withdrawn, sometimes outgoing—and uses deep observation. Family relations are strong with weekly contact in a large family. Coping strategies include classical music, reading, movies, an aquarium screensaver, and Alcoholics Anonymous meetings. She reports rarely losing control but can appear severe; a key conflict was her divorce after 20+ years, which she found hard to accept. She feels guilt over not raising her granddaughters and cites accepting her divorce as her hardest decision. She values all her memories for growth.

As a U.S. Army veteran who enlisted at 19 for college funding, she has no combat history but struggled to readjust post-service. She worked various jobs (security guard, bakery, carpet installation, retail) and gained self-confidence, physical and mental strength from the military. Lately she feels better—more active, searching for housing—and reports reduced depression with medication and counseling, though bad days persist. Sleep is disturbed by night sweats, nightmares, frequent waking, and a cycle of daytime exhaustion and poor sleep; she has not pursued additional sleep medication. She experiences chronic anger, nightmares, restlessness, and anxiety. She copes by helping others and initially sought help for alcoholism, discovering underlying issues and engaging in professional treatment. She attends group therapy five days a week and individual therapy weekly, finding both very helpful for offloading negative thoughts. She acknowledges residual unworthiness but notes marked self-esteem improvement over two years, though intense joy remains elusive. She has limited close friendships but engages socially through sober outings (e.g., baseball games). She is most proud of her role in her granddaughters’ lives despite not being their biological parent.
  [INFO] Predicted PHQ-8 score: 14.0

[20:06:26] → PID 661
Participants:  59%|█████▉    | 33/56 [04:09<03:08,  8.19s/it]Participants:  61%|██████    | 34/56 [04:14<02:35,  7.07s/it]Participants:  62%|██████▎   | 35/56 [04:18<02:06,  6.03s/it]prompt:  finding out I had breast cancer stage 3
 I have 11 surgeries that kind of tumors breast cancer to come back but I've had two tumors I've had 11 surgeries cuz of tumors
 tumors on my ovary tumor on my kidney I've been had a
 something on my thyroid there to take out
 now I get a veteran's pension kind of retired cuz I got PTSD and freshen it
 I just to tell me I'm 90% disabled I really do know
 mastectomy
 well I saw a therapist for 6 years dealing with anger issues after Vietnam veteran
 I'm on psych meds so I guess that controls it
 probably way I handle depressed when I found out I have breast cancer stage 3 I would have gotten a support group right away I didn't see a social worker right away I was in didn't
 all years of drinking
 alcoholic for a long time
 but I was self-medicating so I wish I could have not done that
 Vietnam veteran
 as acting goofy and I can see back it was a PTSD in the trauma stuff like I never saw it that way then but I can look back now and see why some things happen
 but I didn't drink for 15 years I didn't smoke cigarettes for 10 years and then so if I don't have breast cancer stage 3 so can I change my plans
 panic attacks in the
 it's like I get startled easily
 I got tires on a bus and fell asleep in something startled me in the bus driver knew right away since you're a veteran aren't you and I need just the way I was acting you knew
 I want more depressed I'm taking medication for it but
 well probably irritable and Ivar
 I don't really want to be around people
 I get Restless
 I got to be tired and can't sleep
 being startled easily
 I have social anxiety now I don't like to be around a lot of people like going to the like if they had a jazz festival or something I wouldn't want to be there cuz of all those people I am isolated more
 it's hard for me to focus
 where are veteran in the substance abuse Treatment Center at the VA
 yes I go to group therapy once a week of it psichiatra sexy
The remaining dialogue consists mostly of rapport-building and personal background: the client expresses initial nervousness about therapy, discusses living in the Pacific Northwest and past travel (noting a reluctance to fly since 9/11), and mentions workshop and camping experiences. She describes her career path—an accounting major turned prosthetic technician for 16 years, now retired on a veteran’s pension—and her aspiration to be a crime scene investigator. The client identifies as somewhat shy, with fear of intimacy and a strained relationship with her father. She uses video games to relax and cope, feels frustrated when friends cancel on her, and regrets not joining a cancer support group earlier. She speaks of self-medicating with alcohol for many years, served 20 years in the Army (Vietnam era, communications role), and recognizes in retrospect that early drinking and behavior were PTSD-related. She reports past abstinence (15 years without drinking, 10 years without smoking) and now attends weekly group therapy at the VA’s substance abuse treatment center.
  [INFO] Predicted PHQ-8 score: 14.0

[20:06:31] → PID 663
prompt:  Moma most recent trip I want to Denver Colorado to sometime in Vail Las Vegas wife two kids have been separated for Wallace's the first time in quite some time that we spend some time together we drove out there just found out there have that out there so it's all good
 disabled
 can overcome it so you cannot so I will not be dependent upon the social services
 a very good relationship with my kids
 wife and I are trying to keep things together and I love her very close to her brothers and sisters with Dad
 mom's passed away
 snowball game is not his I can't do right now because my disability it's been a scuba diver like cycling swimming lot of stuff you can do right now and try to get it back
 yes I did Sir do Navy 78 to 1983
 about that it's nobody to question that means multiply answer but no lately I've been feeling pretty good after the vacation on the wife and two kids so
 nobody's pretty easy but lately I take something to help me sleep a little bit so
 tired and irritable
 I've been told him had a symptoms of that but I have been diagnosed with it
 I am seeking therapy to avoid depression get worse but not clinically diagnosed depression that I've had in the past as a result of my separation everything was pretty much determined situation arrived
 no way to avoid depression when I do is keep myself busy and accomplishing things being productive
 honest down-to-earth laid-back but very focused and driven
The client is originally from the San Jose/Sunnyvale area and notes pros and cons of local culture (diversity, smog). He used to travel for rest and recreation. He studied logistics, aviation ground school, astrophysics, and oceanography in college. He describes himself as naturally shy but able to overcome it when needed. He has a strong, supportive relationship with his children; he and his wife are working to keep their marriage together. His mother is deceased. Due to a disability he cannot currently do many physical activities (e.g., scuba diving, cycling, swimming) but is working to regain capability. He served in the U.S. Navy as a diver from 1978–1983, as a family tradition, and reports it did not fundamentally change him. He now works in sales and marketing. He feels generally good after a recent family vacation. He sleeps fairly well with occasional sleep aids but often feels tired and irritable. He reports having had symptoms suggestive of ADHD but no formal diagnosis. He is in therapy to prevent worsening depression and copes by staying busy and productive.
  [INFO] Predicted PHQ-8 score: 3.0

[20:06:36] → PID 664
prompt:  okay
 why that would have to be female Orion sports or something like that
 tell me about your relationship with your family it's all good you know I stay interactive with my sons daughters sisters and I enjoy it
 well you know there's several in our coming up through life but in retrospect I don't have to say any time there was a physical confrontation I think I could have handled that a more appropriately more healthy if you will
 I was 20 years old
 I just decide to enlist in the military
 I knew I was headed for trouble and actuality I realized the path I was on wouldn't lie to you know Financial struggles at that time song
 military was an option I can get an education and pursued see some of the world and you know there were multiple vinegar benefits available and I think that's what prompted me to
 did you ever speak
 how is the weather
 you know involve myself in several careers or or a jobs and
 live life and you know experience the highs the lows and in between sand
 other opportunities available
 you know pay attention to that because that's the essential to your you know performance and when I'm so I'm aware of that and
 no
The interview begins with casual small talk and clarification about therapist gender. The client is originally from California, enjoys life, dislikes city violence, and currently has restricted travel due to building a home-based business in Long Beach. He dreams of traveling and learning about cultures. He describes himself as calm, reflective, and values listening, with supportive family relationships and hobbies like sports, movies, and reading. He aims for non-confrontational conflict resolution and self-improvement, living in the present. He enlisted in the military at age 20 due to financial struggles, served peacetime, and transitioned smoothly back to civilian life via a VA job. He has held various consulting roles in public relations, industrial safety, fire & health, and insurance. The client reports feeling great and happy overall, maintains good sleep habits, denies any mental health diagnoses, and relies on family support but has few close friends. He enjoys activities with his daughters and expresses compassion and personal resilience.
  [INFO] Predicted PHQ-8 score: 0.0

[20:06:40] → PID 666
Participants:  64%|██████▍   | 36/56 [04:25<02:06,  6.31s/it]Participants:  66%|██████▌   | 37/56 [04:34<02:17,  7.25s/it]Participants:  68%|██████▊   | 38/56 [04:39<01:59,  6.64s/it]prompt:  tire went to bed late last night
 that's my way of relieving stress I like to go fishing
 I have three children are drawn one of them is a doctor she's a biologist she lives in Colorado two of them live in Arkansas I'm divorced for so many years I keep in contact with my kids my parents are both deceased my grandparents a deceased my older sister just moved back
 very efficient I like to think things through before I
 and
 no being a hoe something I feel guilty about
 picked up my mother was spent the last four years of her life and a sub Acute Care Center here at to Little Company of Mary from diabetes and stroke to pick my dad up
 every morning drop him off in an hour or so with my mother and then go on to work and then after work I pick him up and come to drop him off and then I'd go back all the night she passed away
 all right back to think about that
 that situation that I just explained about the night my mother passed away at falling asleep and when I got back up that this morning to go pick up my daddy said your mother passed away last night
 and nobody
 you're sorry to hear that but I took the option to use the GI bill for my education
 fire during their I'm going through some side effects with my new inhalers I have a COPD bronchitis chronic bronchitis and they've been giving me some dizzy spells and coughing spells in the morning when I get up and have to take these inhalers and it really it exhaust you it takes a lot out of you
 but I'm getting up there and unfortunately I'm still smoking on the lighter side of that I'm not as smoking as much as I used to
 how easy is it for you to get a good night sleep
 no
 back before I go to the service I was diagnosed with what do they call it bipolarism
The patient was born in Oklahoma but raised in the South Bay area of Los Angeles. He enjoys fishing as his primary stress relief, and although he used to take spontaneous road trips, he now prefers staying close to home. He holds an associate’s degree, a bachelor’s degree, and an aerospace quality engineering certificate, and has worked 35 years in quality assurance and management in the aerospace industry, which he considers his dream job. He describes himself as sometimes shy but able to be outgoing. He is divorced, has three adult children (one a biologist in Colorado, two in Arkansas), and maintains close contact with them; his parents and grandparents are deceased and his sister has recently returned to the area. He served six years in the U.S. Coast Guard (air rescue), credits the service with discipline and educational benefits, and later used the GI Bill for college. He is proud of his career achievements. He lives in a veterans’ facility and is planning to move into permanent housing. Medically, he has COPD and chronic bronchitis treated with inhalers, experiences dizziness and coughing spells in the morning, and continues to smoke lightly. He generally sleeps well but sometimes lies awake reflecting on daily events. He was previously diagnosed with bipolar disorder but has not given it much thought. Overall, he reports good coping strategies (fishing, movies) and effective anger management, though he sometimes feels frustrated by societal trends.
  [INFO] Predicted PHQ-8 score: 2.0

[20:06:46] → PID 669
prompt:  went to basic training in New Jersey at Fort Dix drafted into the army when I was 17
 well my mom and dad are no longer with us they passed on
 and I have a sister in Northern California
 we were never close so we don't communicate very much and
 my mom passed away and that was pretty rough she was pretty sick by dad passed away about 9 years ago from Alzheimer's so
 we had a good relationship.
 what's something you feel guilty about
 not getting enough education when I was younger and I had problems in school and
 running away from home when
 disappointing my family things like that I had a bad childhood due to my fault though she not theirs but I made the wrong decision which I'm paying for now so
 putting my mom to rest
 thought that was the hardest and it's been about 2 years now but
 I'm still not over that one so that was the hardest
 she was my best friend so
 now she's gone
 my early years before I went into the military I didn't have many friends I was very shy very bad in school I wish I would have paid more attention
 well I have my good days and bad days because I'm on this new medication for depression so some days I don't feel good and
 I have other medical issues I have breathing problems and I have
 some other medical issues but most of the time I feel pretty good but there are they there are good days and bad days
 I just take it one day at a time
 well I just know I don't sleep well matter fact I hardly sleep at all which is not good
 and then like I say I have my depressing days and days where I just don't have any energy and don't feel like doing anything and then
 I have my good days with my fiance to go to the best because she's my
 pride and joy
 how easy is it for you to get a good night sleep very difficult very difficult about 3 to 4 hours a night last night I woke up at about 3 in the morning and I never could go back to sleep
 that's not good but yeah my sleeping is very bad
 it seems to get worse and worse everyday
 I have no energy and I get grouchy I'm very restless
 tired of course because I haven't slept
 I do the best I can
 well I don't know what that is I was never diagnosed with anything but you know they want to put me on some sleeping pills but I try and stay away from as much pills as I can I really don't like to take a lot of medications but there's some medications I have to take
 such as I have medications for my anxiety and my depression things like that I have to have those but other than that I'd rather stay away from medications if possible
 well I have the I have anxiety
 attacks that I've had for the last three or four years would you put me in the hospital but as long as I stay up on my medication I'm okay but I have stomach problems
 problems when I was losing my I thought I was losing my eyesight because I had my iPod with popping out to do a thyroid problem I had and so they put me on this medication that I can't get off of now I've been on it for about 4 years 5 years and I'll probably out the rest of my life I have to take it twice a day or I will end up in the emergency room which I have before
 how do you cope with them
 I just try and I just deal with it the best I can go out and
 take a walker
 engaging some physical activities you know go to the beach like I said before and things like that keep my mind occupied
 well because I wasn't sure what was wrong with me and I was just because I was feeling sick every day
 which is not natural so I had to go see a doctor psychiatrist not because I'm crazy just because I needed some help some medication and they gave me this medication that they did tell me that it was addictive
 and it's highly addictive and I've been on it for like I said about four years now and I'll probably be out of the rest of my life so but it keeps me
 feeling okay
 well I have an appointment tomorrow is a psychiatrist and yes I do
 well the last time I was in therapy with the psychiatrist all they did was
 it wasn't very much of a help because they were talking to me about my family and things like that and they weren't really helping me any so
 I don't go to therapy that often it's not a regular thing
 I just go to see a psychiatrist and that was the first time I've gone and it just all session lasted about 10 minutes how's your family where they live blah blah blah blah blah blah
 nothing about me and my problems and I never went back so I do have an appointment tomorrow with a different psychiatrist to see if I can get some more help and because I find Working is very hard because of my problems with my stomach and my breathing and if so I'm trying to
 hopefully get on some disability you know I'm 60 years old and
 finding a job especially in these times is not that easy so we'll see what happens
 because I don't I need it I need some income you know and I can't be little bit too young to retire so I need to be put on disability
 so hopefully I get some help
 I feel pretty happy right now
 and we want I want to wish my fiance I'm always happy because she's a very puppy positive person and we're in love and
 nothing like being in love
 so that's what I'm most happy when I'm with her because we have a lot in common and we have fun together
 I love her
 she's very supportive
The client is a 60-year-old male from New Jersey who was drafted into the Army at age 17 and served stateside. Post-service he earned a GED and is now enrolled in culinary arts school, working part-time, and engaged to a USC graduate. He prefers a slower pace of life, enjoys cooking, walking on the beach, reading, and watching sports. He describes himself as shy but working to become more outgoing. He has a generally easygoing temperament, rarely gets angry, and lives with a roommate with whom he has minor disagreements. He expresses guilt about past decisions—poor academic performance, running away, and disappointing family—and identifies the hardest decision as putting his mother to rest two years ago. He reports a history of depression and anxiety, new medication for depression with good days and bad, chronic sleep disturbance (3–4 hours/night), low energy, restlessness, anxiety attacks for several years, stomach and breathing problems, and a thyroid condition requiring lifelong medication. He has had emergency visits related to stopping medication. He occasionally views therapy as unhelpful but maintains psychiatric follow-ups and has an appointment pending. Financially, he is seeking disability due to health and age. His fiancée is his main source of support and happiness.
  [INFO] Predicted PHQ-8 score: 15.0

[20:06:56] → PID 676
prompt:  me and my family gets along very well I have one brother at two brothers and one sister and we're doing pretty good
 pretty good I do not lose control of my temper
 I don't even remember the last time I argue with you today though you're made my sister about the spending habits
 I wish I had applied for position a lot earlier than I did so wasting my time and procrastinating with it
 I'm going back to school I guess
 my first marriage
 pretty good I use you fall asleep the same time every night to go to Santana every morning
 irritable
Client is a computer science student originally from Louisiana. She reports getting along very well with her family (two brothers, one sister) and rarely loses her temper, though she had a recent argument with her sister about spending habits. She acknowledges procrastination and regrets not applying for a position earlier. She identifies her hardest decisions as returning to school and her first marriage. She maintains a regular sleep schedule without difficulty but describes herself as irritable at times.
  [INFO] Predicted PHQ-8 score: 2.0

[20:07:01] → PID 679
Participants:  70%|██████▉   | 39/56 [04:50<02:12,  7.78s/it]Participants:  71%|███████▏  | 40/56 [04:55<01:53,  7.12s/it]prompt:  I'm from Kansas
 I live in Kansas but I grew up in Long Beach
 one of my most memorable experiences
 being in the military
 I'm going to war
 study to be a electrician Automotive technician
 well I'm a truck driver work in transportation
 I've been doing it for about 3 months now kind of new today to the industry but I like it
 hard decision I've ever had to make was a
 going to military
 my friend's death I had a friend that died
 2004
 I watch them die and kind of blame myself
 I was on 17 about to be 18
 so I'll just join the service so you don't put me out I don't know why but you know I went to the service
 are you happy
 yeah it made me mature
 made me become a man
 I was very immature
 and I know yeah so yeah I'm glad on it
 you know that I mean I was used to it by then that when I was in the 3-4 years already I was used to it but you know it's easy to transition back to civilian life
 I just stay with my parents for a while
 my real parents my biological parents and I got just got into security work
 security work
 oh I feel cool you know just to myself and I don't talk much at this point as long as conversation I have it
 start my behavior just became more you know isolated
 I'm not too easy Obby we see I can't stop shaking down you know
 that is hardly getting nice cuz I sleep but I take meds and stuff
 cranky
 have you been diagnosed
 no land on his dad either
 I don't know why when I went to Magic Mountain I'm happy but not really happy you like I don't know about the lottery I'll be really happy you know me I play so much
 I don't have a best friend but people would describe me as nice person quiet you know take tries to take care of his business
The patient is 27, from Kansas (raised in Long Beach). She studied to be an electrician/automotive technician and now works as a truck driver in transportation for three months, and later moved into security work. She does not travel often due to limited means. She used to be shy but now is more outgoing, plays basketball, and often ignores or controls interactions with people. She has no close relationships or best friend and describes herself as quiet and nice. Her toughest decision was joining the military at age 17; she served three to four years, felt it matured her, and had an easy transition back to civilian life. She witnessed a friend’s death in 2004 at age 17 and blames herself for it. She denies any psychiatric diagnoses, but reports insomnia that requires medication, leading to crankiness and occasional shaking when she can’t sleep. Her mood is variable—she sometimes feels happy (for example, after a recent Vegas trip) but not consistently. No significant changes in behavior other than becoming more isolated; she has no formal diagnosis or ongoing therapy.
  [INFO] Predicted PHQ-8 score: 8.0

[20:07:12] → PID 682
prompt:  what do you do now
 what's your dream job
 that's about it
 I wish I had communicated better with my ex
 what's something you feel guilty about
 tell me about
 not being a part of my daughter's life
 have you ever served in the military yes
 have you noticed any changes
 how easy is it for you to get a good night sleep
 I don't know cuz it been a long time not the same
 have you been diagnosed
 my 8 months ago when I was with my boys at the park
 tell me about something you did recently that you really enjoy
The session began with technical setup and casual greetings, followed by light conversation about living in Newport Beach/Garden Grove, local landmarks (beaches, Disneyland), traffic and graffiti, past travel, and a memorable experience (birth of first son). The patient is currently unemployed, aspires to be a private investigator, describes himself as outgoing, and enjoys reading. He reports a generally good relationship with his brother but recent arguments about returning to work, and regrets poor communication with his ex. He feels guilty about not being a better father and not being involved in his daughter’s life. He served as an Army medic and found the decision to enlist difficult. Over the past couple of weeks his mood has improved somewhat, though he continues to struggle with sleep (unable to get 6–8 uninterrupted hours). He denies PTSD, but was diagnosed with situational depression at the VA about a month ago. Friends describe him as friendly, outgoing, personable, and emotional. He also mentioned enjoying a recent novel.
  [INFO] Predicted PHQ-8 score: 10.0

[20:07:17] → PID 683
Participants:  73%|███████▎  | 41/56 [05:06<02:01,  8.08s/it]prompt:  you consider yourself more shy or outgoing shy outgoing because I have to be
 do all of my options before I chose and it was a bad decision
 I love them but they didn't love me be careful of that
 not being more available to my son
 oh there was no decision in this this is but something that I'd like to relate erased from my memory was in that accident with my brother a long time ago
 I wish that had never happened to him
 not at first but in hindsight looking back yes
 in a manner of speaking I was in Korea when they stomped one of my Majors to death and from that point forward everywhere we went we went fully loaded meaning armed with ammunition
 depressed
 can you tell me about that
 depression and frustration
 with basically almost everybody that I've tried to confide in
 turned out to be treacherous and just not trustworthy or dedicated
 the same size if I get a lot of sleep in my own opinion but I think probably less focused
 less able to focus but not getting sleep lately has been tough or go to sleep okay but I just wake up in a few hours then back to sleep you probably a lot of other things too
 yeah that was one of the questions on there but it is it needs clarification and that's why I checked know on that yes but it was I was part of an experiment with taking interferon and ribavirin to try to cure hepatitis and those those two drugs cause depression so I was chemically depressed as opposed to clinically and as a difference so there was some the psychiatric help and some medication to help me get beyond that 311 months of treatment with that it was tough don't recommend it to anybody interferon is a killer don't do it
 that treatment ended probably and all of the symptoms with it probably 3 to 5 years ago 3 years ago I think
 nightmare has intense itching
 thoughts of suicide and Vivid terrifying nightmares
 well I seem to be okay now has skin damage my body broke out in a full-body rash
 cause intense itching full full Ian golf the body for intense itching
 almost made me jump out of window but I held on
 you still go to therapy now no
 most worthless piece of crap I have a 20 out of 10 therapist that I talk to whoever said that the VA maybe to actually knew what they were doing or and then two were sincerely concerned about what they were doing the rest was just collecting a paycheck
 well they were incompetent just asking foolish questions why I'm even we were supposed to be talking about some of my personal things in life and she was playing little games like sitting a person purposely leave the person on the table to see your nose still use using Psychology 101 the book bad about through the by the Numbers at the way that she was taught to proceed with someone as opposed to actually knowing how to proceed with someone if they just it was it was it was a funny actually actually funny
 that is over but the changes since going to therapy
 nothing you know all of that depression stuff kind of eased off and so I'm back to trying to do the things that I was doing before I took that 11 months to go in that experiment
 I usually get a little bit of that daily somewhere I get a little bit of happiness in here
 just a little just enough to keep me saying I think
 there are elected without being you know listing of the risk of being casciac my father but other than that of positive influence in my life have been many mostly the men that I worked with while working it was a younger man
 there was some of the best the best work experience I've had in my experience is my 30 or 40 years of working with the team and ship those men and it was probably the same kinship that you would gain from being in combat because it was dangerous work and these guys looked out for each other they took care of each other I'm pretty sure it's pretty much the same way for a guy that experienced combat and the camaraderie that they had to have with each other because their lives were on the line
 how do your best friend
 giving
 kind
 nice
 want to see my son
The patient describes a varied background including extensive travel and education in advertising, graphic design, business management, and cinematography. He identifies as outgoing by necessity. He regrets not exploring all options before a failed marriage and feels guilty for not being more available to his son. He recounts a traumatic childhood accident that killed his brother. He reports current happiness in hindsight despite initial distress. As a veteran, he witnessed a major’s death in Korea and thereafter remained armed but saw no direct combat. Post‐service, he returned to civilian labor, valuing the camaraderie of dangerous work. Lately he feels depressed amid a stressful, insecure living environment and mistrustful of others, with insomnia and concentration difficulties. He underwent interferon/ribavirin treatment for hepatitis C three years ago, experienced chemically induced depression, intense itching, vivid nightmares, suicidal thoughts, and skin rash. He no longer attends therapy; he found most therapists ineffective despite a couple of good providers, and reports no lasting benefit. He manages to find small moments of happiness daily, credits camaraderie at work and close friends for support, enjoys simple activities like driving and shopping, and importantly wants to see his son. He takes pride in his honesty.
  [INFO] Predicted PHQ-8 score: 12.0

[20:07:27] → PID 688
Participants:  75%|███████▌  | 42/56 [05:16<02:02,  8.78s/it]Participants:  77%|███████▋  | 43/56 [05:23<01:45,  8.13s/it]prompt:  Elektra from Texas
 traffic
 I'm not retired I really don't do anything
 all of my working again but I lose my benefits if I do so with the economy being what it is there's not a whole lot to do
 what's your dream job
 I just don't really live
 no I guess I Spritz is my past
 how do I stay with her
 so screwed up my life
 wish I never even started
 yeah it's been 11 years in the army
 I got down after the whenever doing the draw down after the first Gulf War Desert Storm
 how old were you when you done
 thinking about anyting
 no I did I never saw, but I was supposed to deploy you over there but by the time my appointment world around the war was already over
 start start being a first-rate technician which I did
 what kind of a screwed-up I get involved with drugs
 welcome back to school full-time I mean I got a severance pay when I got out so I was going to pay my pay my rent up that you yours eyes in school
 was pretty much every night
 I sleep pretty good only get up about once or twice about to use the restroom
 but I just said
 Yes I was first diagnosed with in the past year with PTSD
 you have been diagnosed with depression for several years now.
 Like I said it's I don't know what maybe I'm getting just one medication or what's going on but
 Liza Riverside
 constant worrying
 I'm sorry I didn't understand the question
 end up going to shopping Riverside where I found out that I had VA benefits coming
 actual reviews of the doctor I've got here in the Long Beach VA
 and she takes time to listen
 NFL therapist you swab
 just nauseous as soon as I get things off my chest
 I'm a very good
 been ages
 couple of guys that were
 I think I'm pretty funny I mean cuz I
 that's what really gets me frustrated I used to really be a real B reader
 I mean it was
 a three and a half
 little cup
Ellie introduces herself and mentions feeling tired and low on energy. She grew up as a military brat with many moves, including time in Japan. She trained as an X-ray technician using the GI Bill but lost her license due to drug addiction. Unemployed to preserve benefits, she describes herself as shy, with few friends and trust issues, spending most days in her recliner watching movies. She regrets her past drug use. Ellie served 11 years in the Army during the post–Gulf War drawdown but never deployed overseas. Adjusting to civilian life was initially easy, but she later relapsed into drug use. She reports feeling blank, on autopilot, unmotivated, socially withdrawn, and easily irritated. She takes nightly Seroquel, sleeps okay with brief awakenings, yet remains fatigued and low in activity. She was diagnosed with PTSD in the past year and with depression for about 3½ years, experiencing low energy, sleeplessness, constant worry, and anhedonia. She sought help after homelessness and family addiction, now sees a VA psychiatrist weekly, finds therapy sometimes useful for relief, and has no close friends but some camaraderie with veterans. She used to enjoy reading but can’t focus. She is proud of maintaining sobriety for over three years and notes mild hearing difficulties.
  [INFO] Predicted PHQ-8 score: 17.0

[20:07:38] → PID 689
prompt:  Brothers Brothers on nieces nephews cordial
 music maybe and play music go antique shopping
 yeah yes
 18 years old
 college education experience things like that
 yes yes yes
 it's very hard
 for concentration
 yes
 mistrust
 waking up jolted from sleeping things like that
 yes yes air yeah
 Airborne training
 well counseling
 and being pushed
 basically told I was worthless so
 tengas
 well
 there's a there's a psychologist there a psychiatrist at the women's health clinic in West LA
 quiet introvert
 oh
The client and interviewer exchanged various pleasantries and discussed geographic preferences (cities, beaches) and modes of travel (buses). The client enjoys antique shopping, writing, travel and briefly mentioned a dream job. Family relationships are described as cordial with siblings and nieces/nephews. The client’s hardest decision was joining the military at age 18 and obtaining some college education. The client reports persistent symptoms including trouble sleeping, frequent crankiness, and poor concentration. About seven years ago they were diagnosed (presumably with PTSD) following Airborne training trauma—specifically being unable to jump from a training tower and later being shoved off, after which they were told they were worthless. They experience sleep disturbances (jolting awake) and have received counseling aimed at overcoming a fear of heights. The client is currently in therapy at the Women’s Health Center in West LA and identifies the psychologist/psychiatrist there as a positive influence. The client describes themselves as a quiet introvert.
  [INFO] Predicted PHQ-8 score: 10.0

[20:07:45] → PID 691
Participants:  79%|███████▊  | 44/56 [05:28<01:26,  7.24s/it]Participants:  80%|████████  | 45/56 [05:31<01:06,  6.09s/it]Participants:  82%|████████▏ | 46/56 [05:43<01:17,  7.72s/it]prompt:  what happened
 sometimes when I'm feeling 10 I turn on the fish tank screensaver
 tell me about the hardest decision you've ever had
 so there
 yeah
 how old were you when you done
 19 years old
 yeah 19
 are you happy
 kind of difficult it's kind of hard making add adjustment from being able to tell people what to do and have them do it and then come out and you can't get a job and you don't say if you were telling you what to do you know the structure was different so a little difficult
 that's okay you didn't do it
 so you know it kind of shows you how people can really be
 different like I'm changing I just don't know how
 will strange little weird feeling
 yeah I don't want to I don't want to kill people like I used to I'm a little bit more open with people I'm quicker to a talk to him and would not so yeah my big my behavior has changed my attitude
 how easy is it for you to get a good night sleep I don't know it's almost impossible
 so yeah It Don't Come Easy
 have you ever
 beginning of the year like January February sometime this year
 like I said everybody I saw I want to kill or do some kind of bodily harm to him real short fuse I was mad at everything for nothing you know I don't sleep
 I'm always I hate crowds I don't like going into a confined spaces
 so you know strange places I never been before it's a lot of people I don't like going to
 so yeah I don't like people getting too close to me
 you know that's a good read that's a good answer I mean good question I don't know it just crowns and strange people come in and closer to me and everything else I don't know what that might be it. Just
 yeah yes I do well my last therapy session was about a week or two ago but I'm getting scheduled to go back
 into therapy
 yeah yeah yeah it's it's slow me down you know I'm not so quick to want to hurt nobody no more I'm not so while still defensive but
 I don't look at it is I want to go and you'll saying
 what kind of if I had to encounter that person how would I physically disabled them you know do you know the saying don't show come out do I just strike him in the throat poker I don't say break a leg or arm or something you'll just how can I incapacitate this person
 it's a trip I'm telling you the alternative just had a thought all the time with a complete stranger who really doesn't pose a threat to you is true
 so
 my reactions of different I don't like I said I don't explode cuz everything I mean the smallest thing with send me mail saying over the top but not so much no more you know it's kind of breathing take it in stride or try to you know
 so yeah it's just it's working it helps
 great
 kind of show me how to take life as it comes and you'll not everything's a battle because she's going through stuff that I'll never have to go through you know saying she's terminally ill but yet she still has a smile on her face and you know just keeps it going so I got to take a
 a page out of her book with that one you know everything's not always all bet
 how would you describe me that's a good question I really cool you know funny
 because they're
 I started out that way but then I got
 so many things that I want to do when I was a kid but I couldn't playing football is playing sports he's going here he's going there you know he's a smart kid he's real smart kid I couldn't be prouder
 I think I've asked everything I need to know
The patient relocated from California and is currently unemployed with financial stress. He has limited contact with his children and struggles with past relationship and family conflicts. He served in the U.S. Navy at age 19, largely to fulfill a promise to a fallen friend, and now finds civilian life and job searching difficult. He reports personality changes (reduced empathy), anxiety, agitation, and difficulty sleeping (2–3 hours per night). He acknowledges depression, PTSD, and chronic violent ideation including plans to incapacitate strangers, though these impulses have lessened with recent therapy. He avoids crowds and confined spaces due to hypervigilance. He sought help at a mental health ward and is engaged in therapy, noting some reduction in violent urges and improved emotional regulation. However, he experiences longstanding anhedonia. Protective factors include supportive parents, an inspirational terminally ill ex-girlfriend, and pride in his cognitively advanced children.
  [INFO] Predicted PHQ-8 score: 16.0

[20:07:50] → PID 693
prompt:  it's
 have you ever
 why'd you decide to
 went home sick temployment look for a job
 how did serving in the military change you
 when was the last
 that's great
 certain teachers
 throughout my life
 it's hard times in my life
Much of the dialogue consists of greetings, therapist instructions, and small talk. The client reports they’re originally from Ohio, mentions traffic and limited travel resources, and works a general mix of jobs. They have occasional arguments with family about work and try to control their responses. They left home at 19 after their mother’s death in an economically depressed area and say they are happy with themselves. Their transition from military service to civilian life “was, was challenging,” and they returned home sick and unemployed. Military service changed how they view multiculturalism. They deny ever having depression but describe mood swings with highs and “Dark Days” of low mood. They identify supportive figures (their oldest brother, a track coach, and certain teachers), describe themselves as “fearless but recklessly almost, almost recklessly,” and are proud of their accomplishments.
  [INFO] Predicted PHQ-8 score: 3.0

[20:07:53] → PID 696
prompt:  things I like about the weather to sports teams and the food
 and a military San Diego California
 pretty good time
 physical therapy
 sports medicine
 go to the weight room
 my cat dying
 have you ever served in the middle
 to serve my country
 passion Tango Tea
 not too easy stay up a lot
 often wake up with a Y sleep so
 the same way if I do sleep well
 4 months ago
 mood changing
 can't sleep
 irritation
 I don't know
 pray meditate read
 tell me more about that
 my mother
 and
 shy
The patient is from Philadelphia but grew up in Riverside County, spending time on a farm, and later joined the military in San Diego at age 18. She’s currently attending school in a physical therapy program. She describes herself as shy and enjoys working out, reading, and time in the weight room or on the treadmill. She identified two major losses—ending a relationship and her cat’s death—and reports no history of self-harm. Military service was challenging but meaningful, giving her greater empathy for patients. She has ongoing sleep difficulties, often staying up late, waking at night, and napping during the day. Four months ago she was diagnosed with depression, with mood swings, insomnia, and irritability. She uses exercise, prayer, meditation, and reading to cope. Two weeks ago she reached out and shared long-suppressed feelings with a former partner. Her mother, who has worked continuously for 20 years, earned a bachelor’s degree and quit smoking, serves as an important role model.
  [INFO] Predicted PHQ-8 score: 12.0

[20:08:05] → PID 699
Participants:  84%|████████▍ | 47/56 [05:51<01:11,  7.96s/it]Participants:  86%|████████▌ | 48/56 [05:57<00:58,  7.29s/it]Participants:  88%|████████▊ | 49/56 [06:07<00:57,  8.26s/it]prompt:  the weather
 I'm a disabled veteran
 senior citizen
 not to work
 sometimes when I'm feeling 10
 sometimey
 tell me about
 I matured
 how easy is it for you to get a good night sleep
 trying to get to sleep
 yes
 I go with the flow
 the VA Hospital
 certain people
 how do your best
 thanks for sharing your thoughts
The interview opens with procedural instructions. The client, based in Detroit, works in auto‐body repair, is a disabled veteran and senior citizen, and reports feeling “pretty good.” He moves around frequently, rates his family relationships highly but struggles with guilt about not being a good father, and has patchy memory for dates and details. He acknowledges past alcohol and drug use, current insomnia, and uses Tinder and veteran networks for social contact. He copes “one day at a time” and “goes with the flow,” attends VA services and one‐on‐one therapy in Haysville (which he finds relieving), has improved friendship skills, and is most proud of his veteran status.
  [INFO] Predicted PHQ-8 score: 4.0

[20:08:13] → PID 705
prompt:  El Paso Texas
 I have no family remaining
 the hardest decision I think was going in for treatment for PTSD
 how a couple of things but I think my childhood sexual abuse I'd erase that
 17
 basically it was an escape method
 depressed mostly
 due to PTSD
 how easy is it for you to get a good night sleep not very
 no I'm even more irritable I have even more of a flash camper it makes depression worse anxiety worse
 are the formal diagnosis was probably about 4 years ago
 depression anxiety flashbacks body memories
 nightmares
 generally only touch it triggers me as far as from other people
 I want to take a boat load of medications now treatment for PTSD it's also for depression
 anxiety and sleep
 because I knew I was going to kill myself if I didn't
 do you still go to therapy now yes
 I'm not sure yet
 I know but have never classified myself as a happy in any time in my life
 I haven't done anything in a long time that I've enjoyed
 my military service
The patient is originally from El Paso, Texas, and is retired. He has no remaining family and experienced childhood sexual abuse at age 17. He decided to seek treatment for PTSD, which he identifies as his hardest decision. He served in the military, then went to school and worked, finding that military service helped him mature. Currently he feels mostly depressed due to PTSD, with chronic poor sleep, irritability, increased flashbacks and anxiety. Formal diagnoses about four years ago include depression, anxiety, flashbacks, body memories, and nightmares—often triggered by touch. He is on multiple medications for PTSD, depression, anxiety, and sleep, noting suicidal thoughts if he stopped them, and he continues therapy though he is unsure of his provider. He reports never having felt truly happy or found life-changing relationships, and hasn’t enjoyed activities recently, aside from memories of his military service.
  [INFO] Predicted PHQ-8 score: 12.0

[20:08:19] → PID 708
prompt:  well I have one brother and two sisters I'm close to my younger sister she just had the first grandchild in the group of my siblings you know a couple of years ago so I haven't had a few she lives in Oregon my other sister lives here in the LA area my brother lives in Oakland I would like to visit I would like for us to all be together you know more than we are but we're not so we do the best we can but the relationship is pretty strong my mom she lives down in San Diego and I try to talk to her at least once a week and get to go down and see her every every now and then my father passed away in 04
 I'm pretty good at controlling my temper you know like everyone else I have I've got pet peeves and if it's one of the peeves that might tend to get a little angrier than some of the other things that you note in the bother me but overall I control my ankle pretty well
 staying in LA and not moving back to Philadelphia that was a hard decision you know I lived in Philadelphia for a couple years and I moved back home but I wanted to move back but I did and I stayed here you know that was a hard decision
 probably the abuse my father exhibited towards my mother as a child
 by the members of my family has been in the military and I don't think I was ready for college at that point so I actually sign the papers when I was 17 for the delayed entry program and winning after graduation
 no combat no
 more difficult than I anticipated it was strange even though I had been in the military for those years and I had really become a different type of person and it took a little while but it happens they have a thing called separation for about the last two months before you're discharged where I kind of helps you get ready or prepared you back to get into civilian life so it takes a little while but it's it's it it happens it takes a while some people takes longer you know some people didn't take us long so
 it allowed me to mature I don't think I'm I don't know if I would have gotten that when I went to college right after high school or not but it allow me to also be on my own and kind of find out who I was and grow up so
 how have you been feeling lately been feeling great you know I I don't have any worries or complaints
 have you noticed any changes in your behavior or thoughts lately no
 how easy is it for you to get a good night sleep pretty easy I'm a light sleeper but I sleep pretty well
 irritated easily not too Pleasant to be around
 have you ever been diagnosed with PTSD no
 really happy well probably last week last Wednesday
The client, originally from Pasadena, enjoys LA’s culture and weather, has traveled (notably to Japan for six months), and values cultural experiences. Educated as a criminal justice major, they now work in the medical field and dream of acting. Family includes one brother and two sisters, a mother in San Diego, and a father who passed in 2004; relationships are generally strong though geographically dispersed. They joined the military via delayed entry at 17, served without combat, and found the transition home challenging but ultimately maturing. Coping strategies include exercise, naps, and anger management. They regret a nonconfrontational response to a laptop theft, and feel guilt about not exercising more. They moved back to LA instead of Philadelphia, a difficult decision. Currently they report excellent mood, no significant behavioral changes or PTSD, generally good sleep, occasional irritability, and pride in volunteer work and track-and-field accomplishments.
  [INFO] Predicted PHQ-8 score: 0.0

[20:08:29] → PID 709
Participants:  89%|████████▉ | 50/56 [06:19<00:54,  9.14s/it]Participants:  91%|█████████ | 51/56 [06:29<00:47,  9.44s/it]prompt:  business management
 something you feel guilty about
 yes
 my daddy was in the Army and he was in Vietnam so I just decide to go
 yeah it worked out pretty well for me
 a beginner's difficult
 but it's just the adjustment. I guess
 okay
 of Life Wireless
 totally changed only really go out no more
 it's not easy at all sleep very rarely
 what are you
 like a year-and-a-half two years ago
 day Terrors can't sleep at night you know I mean
 just pretty much
 shit get up start jogging start working out
 I just work out just
 I was diagnosed but I never really took medication except for like a while back I just kind of decided to do it on my own I don't feel like medicine is always the key
 okay
 had a ball
 yeah we was on everything every ride everything I was chasing around heart just have fun enjoy spend time with daughter
 I have a friend named she's pretty inspirational she keeps me motivated as far as my higher level thinking goes
 how your best friend describe
 determination
The client is a Louisiana native with a background in business management and oil refinery training. They enjoy travel, sports, and spending time with their daughter. After their mother died at age 21, they enlisted in the Army (father was a Vietnam veteran), saw combat, and found the transition challenging but felt it increased their responsibility and attention to detail. Currently, they have shifted from a social, party lifestyle to being a homebody focused on family, citing safety concerns. The client reports chronic insomnia, night sweats, day terrors, and flashbacks from a traumatic event about 1–2 years ago. They were diagnosed (presumably with PTSD) but chose to manage symptoms through exercise rather than medication. They describe strong anti-suicide beliefs, feel guilt about issues with their daughter’s mother, and rely on supportive relationships (daughter and a close friend) to cope.
  [INFO] Predicted PHQ-8 score: 8.0

[20:08:41] → PID 710
prompt:  tell me about your relationship with your family it's a good relationship my mother passed away and fortunately but my dad's up north he's 85 and he stays with my sister now we all get along
 good I used to have a temper years ago when I was younger but I'm a little calmer and older and hopefully wiser these days
 my divorce I guess so
 I guess I probably should have got it sooner
 I don't feel guilty about anything
 probably divorce whether to stay married or to get divorced it was a tough decision definitely
 I guess just seem death in the past and situations that if I could erase some of the visuals of that that would help me
 he was a 17 and a half
 did you ever see combat yes
 it was difficult
 because you used to a structured military life and then it come back and have less organization it was
 transition plus going from different places overseas and coming back in speaking English and not seeing the
 other people that you were stationed with so
 you missed some of those people
 good. Too bad mentally all right physically aches and pains
 I know I seem a little more calm and
 more tolerable of situations less arguing or none at all I just try to keep things
 less dramatic in and smooth in my life
 not really easy sometimes
 it's hard of sky can have some nightmares or just thinking too much and can't sleep or can't get comfortable or physical aches and pains so there's a lot that contributes to that
 a little irritable irritable
 thinking like 6 years ago 5 6 years ago
 I'm not sure I guess lack of sleep and chewing my nails and maybe a lack of concentration on some things
 I have an experience that much as of recent but that was more like 5 years ago so things are better now
 relaxation breathing exercise
 try to live a peaceful life
 I'm a lot more in control and doing better
 list nightmares probably better sleep and just going through day-to-day a lot calmer without argument or letting little things bother me
 my father he's very positive and good man
 just the man that raised me he's also a veteran and
 instill some discipline and good work and study habits so he was a good father and a good provider
 last night I was at the beach with friends and saw concert had a good time
 my military service
The patient is originally from Bakersfield, CA, served in the Air Force (stationed across the Pacific and in combat), and later worked in electrical and power industries. He maintains a good relationship with family—his mother is deceased, his father lives with his sister—and has a supportive circle of friends. He experienced significant trauma (witnessing death at age 17½ and combat) and found transitioning to civilian life difficult. He was married and divorced and reports no guilt about that decision. Currently, he feels mentally stable overall, though he has physical aches, occasional nightmares, sleep disturbances, and irritability. He was diagnosed with an unspecified condition about 5–6 years ago. He copes through relaxation and breathing exercises, strives for a peaceful life, values discipline instilled by his veteran father, enjoys social outings (beach, concerts), and is proud of his military service.
  [INFO] Predicted PHQ-8 score: 4.0

[20:08:51] → PID 712
Participants:  93%|█████████▎| 52/56 [06:33<00:32,  8.02s/it]Participants:  95%|█████████▍| 53/56 [06:39<00:21,  7.21s/it]prompt:  I used to in the Marines and growing up I did y'all all over the east coast and around the country out
 Lili outgoing I wish I when I was growing up but not anymore
 I I have music I love all kinds of music so if I just put on my headphones that usually helps or I go for a bike ride I have my bike downstairs I'll just go as far as I feel like going 10 15 20 miles and then come home that's very relaxing
 I don't have a temper I used to put it this way my daughter's mother had a temper and I started to learn it from her but I realize that's
 they can just say things some girls not all girls and she would do that but no it was never I've never like hit a woman or anything like that no
 probably coming to California my daughter's mother and I like I said we didn't get along and I have a 9 year old daughter who I love and I want the best for so so five years ago she moved out the mother moved out here to meet her new husband and and start a new life and all that and she brought my daughter along and it took me a couple months to get money and everything together for me to do it but I knew when I came out here that I didn't know anybody we're from the East Coast I didn't know anybody I didn't know nothing about California I looked at a map and I said Santa Monica I know that City I'll try to get close to there and when it came time for it like the few days before and I knew I bought a bus ticket and I packed as much as I could and I knew that I was moving to the other side of the country
 and then I couldn't turn around that that they missed a huge step it was a huge step and I knew why I was doing it but I was terrified I was 10 I got here and I'm still terrified and it took some time to try to get everything together you know to eventually live with a drug addict that I was with but
 a lot of my childhood my parents were abusive and I guess this anonymity thing helps but yeah my parents were my parents were destructive and there's a lot of things that they did to me as a child that that I wouldn't wish on other kids
 I was actually going to go to college for music for trumpet and my parents didn't help me with any of the decisions and I didn't know how I was going to get there and
 you have no regrets you know what I mean I can definitely say that as a marine having been a marine there's nothing that can break me and I learned that for sure for the military
 what's the weather like I said no matter what comes on no matter what comes my way I know I I'll be okay and especially physically but just endurance mental endurance after sleeping in the dirt and and waking up in freezing sleeping bags and digging holes and and and sweating to no end and Twenty Mile and stuff like that
 a little bit stressed I'm getting older on 35 and
 City harder to find a better job there's a lot of good in the workforce is not that that you know that this whole thing with the economy it's not as good as they try to paint it in the news there are lots and lots of people looking for jobs in a lot of them don't pay enough and a lot of them don't give enough hours and it's
 how easy is it for you to get a good night sleep pretty good I do sleep well
 have you ever been diagnosed with PTSD
 no
 when we fix our bikes we have to mountain bike so we got them both fixed we had a good hour or so very good high-minded conversation two things that that I understand that he wants to understand
 we went for a ride afterwards which always makes me feel good so yeah 2 days ago
 intelligent articulate
The patient is a 35-year-old male veteran originally from Philadelphia who moved to California five years ago to be near his daughter after a separation. He served in the Marines (no combat), which he credits for his mental and physical endurance. He experienced significant childhood abuse and a temper learned from an ex-partner but denies current aggression or violence. He enjoys travel, culture, music, and long bike rides, using these activities to cope with stress. He has worked various jobs post-military and reports mild stress related to age and job market challenges but no diagnosed PTSD. He sleeps well most nights, maintains social connections through friends and group activities, and describes himself as intelligent, articulate, resilient, and without regrets.
  [INFO] Predicted PHQ-8 score: 0.0

[20:08:55] → PID 715
prompt:  I'm born and raised in Los Angeles California California Native
 you travel a lot
 I like to going to Petersburg and Richmond it was nice there the people in The Shopping Bag then in those days things were a lot cheaper
 I'm going to see what I can do what designer from their computers I wanted to learn computer so I can have my own computer at home and you know surf the web and the internet and all that
 you consider yourself more shy or outgoing
 I have a good relationship with my family is for my mother and sisters and have Uncle left you know my cousin's we all we all get along good everybody lives in life you know we have a tendency to you know staying ourselves and get together every now and then you know when it's time for us to get together family reunions and things like that
 sometimes when I'm feeling 10
 key from exploding
 Jeff
 ask one of the veterans about that
 I have a lot of things I feel guilty about five things I've done in the past that I wish I hadn't done
 sometimes it varies I'm a getting old
 and I didn't know what brand I have left I want to keep it and use it
 the area that I was living in
 you know when you see these people go up and down the street every day and you don't know who's who and what's what so some you have to live with me have to be on your guard at all times
 and you know what to change my environment and also changed myself so I needed to take myself out of that situation and put myself in a different environment and start over again
 I know I don't know I haven't been I haven't been to therapy since
 and that was in a group setting
 wow it's been a long long time since I
 a real inspiration to me
The patient is a California native from Los Angeles who enjoys the beach and outdoors. He has a history of incarceration and served in the Army at the end of the Vietnam War, finding military life stabilizing. Academically strong in mathematics, he recently began college to study computer design. He is disabled with severe back damage and degenerative discs, limiting his ability to work. The patient describes himself as outgoing, with supportive relationships with his mother, sisters, uncle, and sister who he regards as a positive influence. He copes with stress by watching TV, socializing, and occasionally uses alcohol, acknowledging past difficulties controlling his temper and a recent argument in his current shelter. He feels guilt over past actions, including advising his nephew to be independent, and regrets a forearm tattoo. His sleep is irregular, sometimes due to anxiety, and he has discontinued prescribed medications. He reports chronic depressive symptoms, environmental stressors from gang violence in his neighborhood, and practical avoidance coping. He attended group therapy until April and finds tools helpful. He has not felt truly happy for a long time but is proud of returning to school and optimistic about future changes.
  [INFO] Predicted PHQ-8 score: 12.0

[20:09:01] → PID 716
Participants:  96%|█████████▋| 54/56 [06:45<00:13,  6.99s/it]Participants:  98%|█████████▊| 55/56 [06:49<00:06,  6.09s/it]prompt:  sometimes it'll get out of control
 my girlfriend we are getting pretty good. It was about why I don't call her enough and when I wasn't calling her enough
 you got pretty bad
 tell me about the hardest decision ever had
 tell me about Nevada
 yeah that's because of no longer doing things that I ain't supposed to do
 now I'm starting over cuz I lost everything
 but I'm happy about how I'm starting now
 it's slow but kind of like an adventure at the same time there's a lot of things that I'm thinking about as well a lot of things that I can't forget
 how easy is it for you to get a good night sleep I can't I'm under sleep meds
 two types and sometimes I can't even fall asleep it'll take I can't take more than I
 I'm prescribed
 why
 past events
 thoughts to keep on popping up
 bad mood depression
 I'm not too sure
 you can say sometimes I'll be walking around back if I'm tense from worried about something
 more less worried about falling asleep when I'm sleeping
 yes that's one thing I didn't been diagnosed with for sure
 I don't like it I hate it I don't know if I can pull out of it
 I don't even think the medication that I'm even using even helps
 I'm still trying to get try different ones apparently there's enough out there that I can go through
 maybe more than a year ago
 about a year ago for my depression
 isolation not really talking with anybody
 I wouldn't really be so like a people person communication wasn't all time low
 I will be mainly staying at the house I wouldn't be going out I wouldn't be doing events or doing the things that I would like to do
 none of us was alone with my addiction as well
 that's one thing I can't figure out is what the hell trigger though
 why am I like this
 why am I actually doing things or did the things that I do or did
 coming in Natick
 I wasn't I wasn't like this before
 that one place where I know I don't have to talk to people but we're all together they're doing the same thing we're all doing the same thing and exercising and getting physically well
 the only place where I know that I can relax
 certain events that took place
 I lost certain relation lost a relationship
 I don't talk to my family and I think I said that already
 got in trouble with the law yeah it is
 you still go to therapy
 you feel therapy in Hughesville
 or we're probably talking about the same thing over again
 not knowing when I'm going to have an outburst
 controlling myself here in there
 but it's it's a long process also on my recovery is going to be a forever process
 when I made up with my girlfriend that was what two days ago
 we are you and I talked about it with her and she was able to hear me out and I was able to hear her out and we fix things so that was the happiest moment so far
 that's great
 done to my my group sessions
 and my girlfriend even though it's much of a bitch she is she still good person
 he asks why I have one best friend right now
 and it's funny that you have because now that I remember he referred me as a saint which I don't think I do that I don't think I am that but I'm sure everybody's trying to say is that I'm a good person and I'm trying to do right and I don't want to inflict harm on nobody and I just want to get myself put back together and continue on you know start a new life yeah he did tell me something like that and I do consider you my best friend pretty cool they said that
 what's something you did
 kind of you got to be patient
 but it is relaxing it does take the edge off no one there to talk to no one there too
 beer round on the open
The client has recently relocated (Inland Empire), travels frequently, and is studying solar panel technology while exploring business ideas. He describes himself as both shy and outgoing, experiencing social discomfort in certain situations. His primary coping strategy is going to the gym for stress relief and he also enjoys fishing as a relaxing activity. Relationship stress arose when his girlfriend felt neglected due to infrequent calls. He feels guilt over estrangement from his family and regrets not being closer to them. The client reports a history of substance misuse, having hit rock bottom financially and legally, lost everything, and is now in early recovery. He experiences chronic insomnia despite two sleep medications, frequent bad dreams, intrusive memories, depressed mood, irritability, and heightened anxiety about sleep and daily functioning. He is filing a disability claim and has been diagnosed with depression (and likely PTSD), although he doubts medication effectiveness and continues to try alternatives. He describes a period of social isolation beginning about a year ago, with low communication and event avoidance. He struggles to identify triggers for his symptoms and independent coping skills beyond exercise. He has lost loved ones and ended relationships, and has recent legal troubles. He attends individual and group therapy intermittently, noticing some reduction in stress and new coping skills but anticipates a lifelong recovery process. He received support from case managers, group sessions, his girlfriend (with whom he recently reconciled), and a close friend who regards him positively.
  [INFO] Predicted PHQ-8 score: 16.0

[20:09:07] → PID 717
prompt:  sometimes when I'm feeling
 my zodiac sign is a Taurus so
 when was the
 I wish the best for her and the family meeting is no hard feelings about it you know
 okay
 I never thought about it but me I feel good I mean I'm healthy I'm just glad you know you my freedom maybe in Black you really think about the fact of your other race being locked up a lot of history and I feel that me I'm doing good
 so you know to me I'm happy about life
 my association with women is different
 my dad told me it's time for me to start thinking about me so I'm trying to get my mind into that frame where you know I'm just concentrating on better in life for myself now
 how easy is it for you to get a good night sleep
 I thought you know you sometimes get the dreaming about how thing is going to be in if it goes to the world
 emotionally unstable but I don't have problems sleeping if I sit too long in one spot and I know that I'm going to be there for more than 30 minutes I can go to sleep it's no problem for me
 no
 have you been diagnosed
 no no depression
 when was the last time
The patient is a former truck driver now studying diesel technology and lives in Houston. He enjoys traveling—especially biking around L.A. and going to the beach—and dreams of Superbike motorcycle racing. He reports being in touch only with his father and is a veteran. He’s undergoing a divorce after a domestic violence incident in which he punched his spouse and then called the police on himself; he has no hard feelings toward her but felt hurt when she changed the locks and retained his belongings. He denies any formal psychiatric diagnoses, reports generally feeling good and healthy, uses marijuana to help him sleep, experiences some worry about the next day but no major sleep problems, identifies as not guilt-prone, and describes difficulty forming new friendships—particularly with women—and a desire to focus more on himself moving forward.
  [INFO] Predicted PHQ-8 score: 0.0

[20:09:11] → PID 718
Participants: 100%|██████████| 56/56 [06:58<00:00,  6.93s/it]Participants: 100%|██████████| 56/56 [06:58<00:00,  7.48s/it]
prompt:  I probably shan't argue with ya sure I could say I argue with my wife and it probably was about something related to the kids are the kids in money or something like that we have kid at for kids and integrate kids but but kids are a little expensive at times and then so I don't remember what it was but it was a ballet class or something like that and it wasn't necessarily free I'll put it that way and you know so we can if we had an argument about it because she was just one of those things where you know my wife you know you know you know if she if the kids has an interest and anything related to anything you say let's let's invest all of this in it and it's see what happens after while you like okay fine
 a situation I wish I would have handled differently
 you really wanted things about the military at you you always hear the stories of where you shouldn't I guess been an officer you shouldn't be so involved with your peers are your subordinates and that's what the thing and it's it was true for me because I I was a cool laid-back kind of guy and and when it's time to make decisions like that their tot interpersonal because you you realize that you're affecting someone to livelihood and and that stuff
 tell me about
 not lately I do feel
 impatient
 my falculty these are not old all their I need more to become engaged throughout my day and I'm easily distracted
 I have not
 my mom is been a positive influence in my life I did mention a group in Alabama group in a single-family household and she's always been encouraging and I think when they're so much discouragement around in many different package
 they have someone that supportive it's always great you know it's always good to have that in your corner because you you going to get it you going to get rejection enough so but to have someone support you and your decisions is always good
 you're welcome
He reports growing up in Alabama, serving as an Army officer stationed in Germany, and extensive international travel. He studied finance and accounting (with a minor in military science), now works half in writing and half in financial consulting. He’s married with four children, maintains a close relationship with his wife, kids, and supportive mother, and values family activities. He enjoys history, reading, creative problem-solving, and being outdoors. He describes himself as outgoing, easy-going, and responsible. He relaxes by walking and spending time outside, and occasionally argues with his wife over children’s activities and finances. His mood is generally OK with normal ups and downs; he notes increased impatience as he ages. He sleeps best if he goes to bed at a consistent time and finds himself easily distracted and needing more engagement during the day. He finds joy in family outings (e.g., Disneyland) and takes pride in his role as a father.
  [INFO] Predicted PHQ-8 score: 1.0

Participants evaluated : 56/56
MAE                   : 4.107
RMSE                  : 5.558
