Participants:   0%|          | 0/56 [00:00<?, ?it/s]Some weights of RobertaModel were not initialized from the model checkpoint at roberta-base and are newly initialized: ['roberta.pooler.dense.bias', 'roberta.pooler.dense.weight']
You should probably TRAIN this model on a down-stream task to be able to use it for predictions and inference.
huggingface/tokenizers: The current process just got forked, after parallelism has already been used. Disabling parallelism to avoid deadlocks...
To disable this warning, you can either:
	- Avoid using `tokenizers` before the fork if possible
	- Explicitly set the environment variable TOKENIZERS_PARALLELISM=(true | false)
/Users/kevinawang/Documents/GitHub/VA-classifier/src/utils/util.py:27: FutureWarning: You are using `torch.load` with `weights_only=False` (the current default value), which uses the default pickle module implicitly. It is possible to construct malicious pickle data which will execute arbitrary code during unpickling (See https://github.com/pytorch/pytorch/blob/main/SECURITY.md#untrusted-models for more details). In a future release, the default value for `weights_only` will be flipped to `True`. This limits the functions that could be executed during unpickling. Arbitrary objects will no longer be allowed to be loaded via this mode unless they are explicitly allowlisted by the user via `torch.serialization.add_safe_globals`. We recommend you start setting `weights_only=True` for any use case where you don't have full control of the loaded file. Please open an issue on GitHub for any issues related to this experimental feature.
  model.load_state_dict(torch.load(model_path, map_location=device))
Participants:   2%|▏         | 1/56 [00:06<06:11,  6.75s/it]Some weights of RobertaModel were not initialized from the model checkpoint at roberta-base and are newly initialized: ['roberta.pooler.dense.bias', 'roberta.pooler.dense.weight']
You should probably TRAIN this model on a down-stream task to be able to use it for predictions and inference.
/Users/kevinawang/Documents/GitHub/VA-classifier/src/utils/util.py:27: FutureWarning: You are using `torch.load` with `weights_only=False` (the current default value), which uses the default pickle module implicitly. It is possible to construct malicious pickle data which will execute arbitrary code during unpickling (See https://github.com/pytorch/pytorch/blob/main/SECURITY.md#untrusted-models for more details). In a future release, the default value for `weights_only` will be flipped to `True`. This limits the functions that could be executed during unpickling. Arbitrary objects will no longer be allowed to be loaded via this mode unless they are explicitly allowlisted by the user via `torch.serialization.add_safe_globals`. We recommend you start setting `weights_only=True` for any use case where you don't have full control of the loaded file. Please open an issue on GitHub for any issues related to this experimental feature.
  model.load_state_dict(torch.load(model_path, map_location=device))
Participants:   4%|▎         | 2/56 [00:12<05:46,  6.41s/it]Some weights of RobertaModel were not initialized from the model checkpoint at roberta-base and are newly initialized: ['roberta.pooler.dense.bias', 'roberta.pooler.dense.weight']
You should probably TRAIN this model on a down-stream task to be able to use it for predictions and inference.
/Users/kevinawang/Documents/GitHub/VA-classifier/src/utils/util.py:27: FutureWarning: You are using `torch.load` with `weights_only=False` (the current default value), which uses the default pickle module implicitly. It is possible to construct malicious pickle data which will execute arbitrary code during unpickling (See https://github.com/pytorch/pytorch/blob/main/SECURITY.md#untrusted-models for more details). In a future release, the default value for `weights_only` will be flipped to `True`. This limits the functions that could be executed during unpickling. Arbitrary objects will no longer be allowed to be loaded via this mode unless they are explicitly allowlisted by the user via `torch.serialization.add_safe_globals`. We recommend you start setting `weights_only=True` for any use case where you don't have full control of the loaded file. Please open an issue on GitHub for any issues related to this experimental feature.
  model.load_state_dict(torch.load(model_path, map_location=device))
Participants:   5%|▌         | 3/56 [00:18<05:24,  6.13s/it]Some weights of RobertaModel were not initialized from the model checkpoint at roberta-base and are newly initialized: ['roberta.pooler.dense.bias', 'roberta.pooler.dense.weight']
You should probably TRAIN this model on a down-stream task to be able to use it for predictions and inference.
/Users/kevinawang/Documents/GitHub/VA-classifier/src/utils/util.py:27: FutureWarning: You are using `torch.load` with `weights_only=False` (the current default value), which uses the default pickle module implicitly. It is possible to construct malicious pickle data which will execute arbitrary code during unpickling (See https://github.com/pytorch/pytorch/blob/main/SECURITY.md#untrusted-models for more details). In a future release, the default value for `weights_only` will be flipped to `True`. This limits the functions that could be executed during unpickling. Arbitrary objects will no longer be allowed to be loaded via this mode unless they are explicitly allowlisted by the user via `torch.serialization.add_safe_globals`. We recommend you start setting `weights_only=True` for any use case where you don't have full control of the loaded file. Please open an issue on GitHub for any issues related to this experimental feature.
  model.load_state_dict(torch.load(model_path, map_location=device))
Participants:   7%|▋         | 4/56 [00:25<05:38,  6.50s/it]Some weights of RobertaModel were not initialized from the model checkpoint at roberta-base and are newly initialized: ['roberta.pooler.dense.bias', 'roberta.pooler.dense.weight']
You should probably TRAIN this model on a down-stream task to be able to use it for predictions and inference.
/Users/kevinawang/Documents/GitHub/VA-classifier/src/utils/util.py:27: FutureWarning: You are using `torch.load` with `weights_only=False` (the current default value), which uses the default pickle module implicitly. It is possible to construct malicious pickle data which will execute arbitrary code during unpickling (See https://github.com/pytorch/pytorch/blob/main/SECURITY.md#untrusted-models for more details). In a future release, the default value for `weights_only` will be flipped to `True`. This limits the functions that could be executed during unpickling. Arbitrary objects will no longer be allowed to be loaded via this mode unless they are explicitly allowlisted by the user via `torch.serialization.add_safe_globals`. We recommend you start setting `weights_only=True` for any use case where you don't have full control of the loaded file. Please open an issue on GitHub for any issues related to this experimental feature.
  model.load_state_dict(torch.load(model_path, map_location=device))
Participants:   9%|▉         | 5/56 [00:32<05:28,  6.43s/it]Some weights of RobertaModel were not initialized from the model checkpoint at roberta-base and are newly initialized: ['roberta.pooler.dense.bias', 'roberta.pooler.dense.weight']
You should probably TRAIN this model on a down-stream task to be able to use it for predictions and inference.
/Users/kevinawang/Documents/GitHub/VA-classifier/src/utils/util.py:27: FutureWarning: You are using `torch.load` with `weights_only=False` (the current default value), which uses the default pickle module implicitly. It is possible to construct malicious pickle data which will execute arbitrary code during unpickling (See https://github.com/pytorch/pytorch/blob/main/SECURITY.md#untrusted-models for more details). In a future release, the default value for `weights_only` will be flipped to `True`. This limits the functions that could be executed during unpickling. Arbitrary objects will no longer be allowed to be loaded via this mode unless they are explicitly allowlisted by the user via `torch.serialization.add_safe_globals`. We recommend you start setting `weights_only=True` for any use case where you don't have full control of the loaded file. Please open an issue on GitHub for any issues related to this experimental feature.
  model.load_state_dict(torch.load(model_path, map_location=device))
Participants:  11%|█         | 6/56 [00:37<05:08,  6.16s/it]Some weights of RobertaModel were not initialized from the model checkpoint at roberta-base and are newly initialized: ['roberta.pooler.dense.bias', 'roberta.pooler.dense.weight']
You should probably TRAIN this model on a down-stream task to be able to use it for predictions and inference.
/Users/kevinawang/Documents/GitHub/VA-classifier/src/utils/util.py:27: FutureWarning: You are using `torch.load` with `weights_only=False` (the current default value), which uses the default pickle module implicitly. It is possible to construct malicious pickle data which will execute arbitrary code during unpickling (See https://github.com/pytorch/pytorch/blob/main/SECURITY.md#untrusted-models for more details). In a future release, the default value for `weights_only` will be flipped to `True`. This limits the functions that could be executed during unpickling. Arbitrary objects will no longer be allowed to be loaded via this mode unless they are explicitly allowlisted by the user via `torch.serialization.add_safe_globals`. We recommend you start setting `weights_only=True` for any use case where you don't have full control of the loaded file. Please open an issue on GitHub for any issues related to this experimental feature.
  model.load_state_dict(torch.load(model_path, map_location=device))
Participants:  12%|█▎        | 7/56 [00:42<04:43,  5.79s/it]Some weights of RobertaModel were not initialized from the model checkpoint at roberta-base and are newly initialized: ['roberta.pooler.dense.bias', 'roberta.pooler.dense.weight']
You should probably TRAIN this model on a down-stream task to be able to use it for predictions and inference.

[20:28:58] → PID 600
prompt: -0.09	+0.04	 when she says goodbye
-0.09	-0.03	 I don't know what that means
+0.01	-0.05	 Burger
+0.02	-0.04	 I'm on the Floyd
-0.08	+0.03	 so expensive
+0.03	+0.02	 can you tell me about
-0.05	-0.04	 no just my husband
-0.08	-0.01	 no really
-0.02	-0.03	 excuse me
+0.03	-0.05	 we are
+0.02	-0.04	 cranky
+0.01	-0.06	 outgoing
  [INFO] Predicted PHQ-8 score: 2.0

[20:29:04] → PID 602
prompt: -0.02	-0.01	 me either at all can you do it at home
+0.01	-0.06	 wow
+0.02	-0.06	 alrighty
-0.09	-0.04	 not really
-0.02	+0.05	 do I have an argument almost a year but when I did it was over a girl that was my ex boyfriend it was over female but it's over now so I haven't had any real argument since almost a year
+0.03	-0.06	 I studied in college I did a child of element and I also study computer science
-0.03	-0.00	 right now I'm a homemaker I don't work at all I haven't been working in about 3 months now was laid off but I was doing receptionist work so I'm currently looking for employment at this moment
-0.11	-0.03	 I don't know I used to in the past but not at the moment
-0.01	-0.04	 no it's just myself my daughter my mom and my stepdad at the moment
+0.03	-0.04	 yes I have
+0.02	-0.04	 almost 2 years now
-0.07	+0.01	 number one of my mood swings I've noticed a big change in that and my attitude
-0.05	+0.02	 well now I'm doing I'm coping with it by not snapping his medicine just trying to stay calm and I just need a lot of positive environment around me not negativity that helps to so with that being said I just kind of maintain and keep my high self-esteem up is As much as I can
+0.02	-0.05	 bye
  [INFO] Predicted PHQ-8 score: 5.0

[20:29:11] → PID 604
prompt: -0.01	-0.01	I passed out to make sure that our audio recognition system is working so if you could just say
-0.01	-0.04	 does she have a name
-0.01	-0.03	 I'll pray to speed dating I'm 604 my name is Justin
-0.08	+0.02	 and you catch everything was only home and I wasn't even thinking about that
+0.03	-0.06	 Los Angeles
-0.09	-0.04	 not really
+0.03	-0.05	 I'm pretty good most of the time I don't think I get angry often
-0.05	-0.04	 not as often as I'd like
-0.04	+0.05	 what do you want to know
+0.00	-0.02	 I can be
+0.03	+0.02	 can you tell me about
-0.02	+0.01	 like what
-0.06	-0.01	 no not down not depressed just
+0.02	-0.02	 loyal creative likes you know extroverted
-0.09	-0.04	 not really
  [INFO] Predicted PHQ-8 score: 0.0

[20:29:16] → PID 605
prompt: -0.03	-0.03	remember to bring up a virtual human for a second here he's been here
+0.00	-0.02	 I'll just let you know the way it's going to work as I'm in a I'm going to leave the room and she's just going to ask you some questions and then when she's done she's going to say goodbye and then you're going to press this button
-0.01	+0.01	 I just saw I heard in the background blurred on TV about the use of robots robots in with autistic children
-0.08	-0.02	 it can be some people think that it's a little bit surface in terms of people's attitude I don't run into that that much I can't say that there's much I don't like these two days recently
-0.06	-0.00	 yes or no
+0.02	-0.05	 there's a meditation tape that has a fire burning in the background and then kind of stress reduction dialogue I listen to that
-0.00	-0.02	 good question
-0.03	-0.02	 it's been a long time that I can charge me to recall
+0.04	-0.05	 probably these days we'll be riding
-0.02	-0.01	 I want to say the Dalai Lama
-0.04	+0.01	 probably what's now going on maybe well
-0.06	-0.04	 it's so I just
-0.06	-0.03	 process it go through and think about it and work my way through whatever issue it is
-0.05	-0.01	 have I went can you repeat the question
-0.01	-0.02	 next question
-0.01	-0.05	 oh I think
-0.05	-0.05	 within the last couple of weeks I can't think of it the exact. Or occasion but
-0.11	-0.04	 I try not to regret anything
  [INFO] Predicted PHQ-8 score: 1.0

[20:29:23] → PID 606
prompt: -0.06	-0.01	 now there's a new phone so it's kind of hard to kind of like two trippy
+0.01	-0.01	 there she is
-0.02	-0.03	 so is Sheba psychologist and a psychiatrist psychologist psychologist and then what is the other one
-0.07	-0.01	 is that my phone I thought I turned it off
+0.01	+0.00	 I'm going to bring her back up again
-0.00	-0.03	 and then you going to press this button and let me know okay
-0.05	-0.05	 idapt it
-0.00	+0.05	 I want every 5 years
-0.09	-0.02	 it doesn't
+0.02	-0.04	 tell me the weather
+0.01	-0.06	 somewhat
-0.01	+0.03	 blow off steam
+0.01	-0.06	 somewhat
+0.01	-0.06	 somewhat
+0.01	-0.06	 somewhat
  [INFO] Predicted PHQ-8 score: 1.0

[20:29:30] → PID 607
prompt: -0.02	+0.01	bring her up for a quick second here
-0.05	-0.02	 bring her back down as I can when I leave
-0.01	+0.01	 and then you're going to press
-0.02	-0.05	 lots of people on two different people
-0.10	-0.06	 the traffic earthquakes
+0.01	-0.01	 pretty close
-0.04	-0.04	 yes I'm living with two people
+0.01	-0.02	 have you ever been
-0.06	-0.02	 I'm at how it helps when I was going not going at the moment
+0.02	-0.04	 it's just good to prevent to have a someone to talk to you but it's not biased
  [INFO] Predicted PHQ-8 score: 2.0

[20:29:35] → PID 609
prompt: -0.02	-0.03	 actually going to see a virtual human here for a second
+0.02	-0.03	 but I told Claudia was going to send her an email or having I'm bringing the
-0.01	-0.05	 and when she in when Claudius in scene
+0.00	+0.00	 should probably be more interesting than some people at Smokin pit
+0.00	+0.06	 can you turn up the volume just a bit
+0.00	+0.06	 can you turn up the volume just a bit
-0.01	-0.03	 traffic but that's true anywhere
+0.04	+0.01	 I see what you mean
-0.03	-0.03	 do you experience do you experience virtual traffic
+0.03	-0.01	 I'd like to hear that one of your trips
+0.03	+0.05	 I actually have a fish tank and aquarium and instead of turning it on and seeing Virtual Fish shine watch the real thing
-0.01	-0.05	 I would say it was a several months ago and it was about language
-0.08	+0.03	 tell me about an event or something that you wish you could erase from your memory
-0.07	+0.01	 adjusting to divorce I never thought it would have I nobody in my family on either side has ever been divorced
+0.02	-0.05	 yes I was in the air force during Vietnam War
+0.02	-0.02	 how old were you when you join the military
-0.00	+0.02	 17 I was going to go to Hebrew Union college-jewish Seminary in Cincinnati Ohio the war was raging in Vietnam and there was a need for chaplains and I was asked if I would serve and so I did and I originally thought it would be two years and then it was three and it was a four and then they had more time shows for years and two months I don't regret a day of it
+0.01	+0.02	 why'd you decide to enlist in the military
-0.06	+0.01	 why do they say to do what
-0.06	+0.00	 why do they say to go in
-0.11	+0.05	 did you ever see combat never not a day
+0.01	-0.02	 how easy was it for you to go back to civilian life
+0.02	-0.04	 very easy because of the type of service I had it was as close to Miller cech's civilian life is one cat have
-0.01	+0.03	 how you been feeling lately Dracut
+0.00	+0.01	 tell me more about that
+0.02	-0.02	 and it's usually as a result of being ill if I have the flu or cold or whatever then I'm sluggish the next day or for two days but I'm usually able to bounce back
-0.03	-0.03	 I've never been diagnosed with PTSD
-0.03	-0.03	 I've never been diagnosed with PTSD
+0.01	+0.01	 can you tell me about that
+0.04	-0.01	 I just did
+0.00	+0.01	 tell me more about that
-0.01	+0.01	 what is your next question
+0.00	+0.01	 tell me more about that
+0.04	-0.05	 all right
+0.00	-0.04	 yes it was
  [INFO] Predicted PHQ-8 score: 0.0

[20:29:40] → PID 615
/Users/kevinawang/Documents/GitHub/VA-classifier/src/utils/util.py:27: FutureWarning: You are using `torch.load` with `weights_only=False` (the current default value), which uses the default pickle module implicitly. It is possible to construct malicious pickle data which will execute arbitrary code during unpickling (See https://github.com/pytorch/pytorch/blob/main/SECURITY.md#untrusted-models for more details). In a future release, the default value for `weights_only` will be flipped to `True`. This limits the functions that could be executed during unpickling. Arbitrary objects will no longer be allowed to be loaded via this mode unless they are explicitly allowlisted by the user via `torch.serialization.add_safe_globals`. We recommend you start setting `weights_only=True` for any use case where you don't have full control of the loaded file. Please open an issue on GitHub for any issues related to this experimental feature.
  model.load_state_dict(torch.load(model_path, map_location=device))
Participants:  14%|█▍        | 8/56 [00:49<04:49,  6.04s/it]Some weights of RobertaModel were not initialized from the model checkpoint at roberta-base and are newly initialized: ['roberta.pooler.dense.bias', 'roberta.pooler.dense.weight']
You should probably TRAIN this model on a down-stream task to be able to use it for predictions and inference.
/Users/kevinawang/Documents/GitHub/VA-classifier/src/utils/util.py:27: FutureWarning: You are using `torch.load` with `weights_only=False` (the current default value), which uses the default pickle module implicitly. It is possible to construct malicious pickle data which will execute arbitrary code during unpickling (See https://github.com/pytorch/pytorch/blob/main/SECURITY.md#untrusted-models for more details). In a future release, the default value for `weights_only` will be flipped to `True`. This limits the functions that could be executed during unpickling. Arbitrary objects will no longer be allowed to be loaded via this mode unless they are explicitly allowlisted by the user via `torch.serialization.add_safe_globals`. We recommend you start setting `weights_only=True` for any use case where you don't have full control of the loaded file. Please open an issue on GitHub for any issues related to this experimental feature.
  model.load_state_dict(torch.load(model_path, map_location=device))
Participants:  16%|█▌        | 9/56 [00:55<04:48,  6.13s/it]Some weights of RobertaModel were not initialized from the model checkpoint at roberta-base and are newly initialized: ['roberta.pooler.dense.bias', 'roberta.pooler.dense.weight']
You should probably TRAIN this model on a down-stream task to be able to use it for predictions and inference.
/Users/kevinawang/Documents/GitHub/VA-classifier/src/utils/util.py:27: FutureWarning: You are using `torch.load` with `weights_only=False` (the current default value), which uses the default pickle module implicitly. It is possible to construct malicious pickle data which will execute arbitrary code during unpickling (See https://github.com/pytorch/pytorch/blob/main/SECURITY.md#untrusted-models for more details). In a future release, the default value for `weights_only` will be flipped to `True`. This limits the functions that could be executed during unpickling. Arbitrary objects will no longer be allowed to be loaded via this mode unless they are explicitly allowlisted by the user via `torch.serialization.add_safe_globals`. We recommend you start setting `weights_only=True` for any use case where you don't have full control of the loaded file. Please open an issue on GitHub for any issues related to this experimental feature.
  model.load_state_dict(torch.load(model_path, map_location=device))
Participants:  18%|█▊        | 10/56 [01:02<04:50,  6.32s/it]Some weights of RobertaModel were not initialized from the model checkpoint at roberta-base and are newly initialized: ['roberta.pooler.dense.bias', 'roberta.pooler.dense.weight']
You should probably TRAIN this model on a down-stream task to be able to use it for predictions and inference.
/Users/kevinawang/Documents/GitHub/VA-classifier/src/utils/util.py:27: FutureWarning: You are using `torch.load` with `weights_only=False` (the current default value), which uses the default pickle module implicitly. It is possible to construct malicious pickle data which will execute arbitrary code during unpickling (See https://github.com/pytorch/pytorch/blob/main/SECURITY.md#untrusted-models for more details). In a future release, the default value for `weights_only` will be flipped to `True`. This limits the functions that could be executed during unpickling. Arbitrary objects will no longer be allowed to be loaded via this mode unless they are explicitly allowlisted by the user via `torch.serialization.add_safe_globals`. We recommend you start setting `weights_only=True` for any use case where you don't have full control of the loaded file. Please open an issue on GitHub for any issues related to this experimental feature.
  model.load_state_dict(torch.load(model_path, map_location=device))
Participants:  20%|█▉        | 11/56 [01:07<04:31,  6.04s/it]Some weights of RobertaModel were not initialized from the model checkpoint at roberta-base and are newly initialized: ['roberta.pooler.dense.bias', 'roberta.pooler.dense.weight']
You should probably TRAIN this model on a down-stream task to be able to use it for predictions and inference.
prompt: -0.01	-0.02	I'm going to have you alert me to look up
-0.01	-0.06	 sure sure the algorithm
+0.03	-0.03	 another thing to mention is that
+0.00	-0.05	 so I just answer the questions
+0.02	-0.01	 changes the environment seeing different yo meeting different people that different cultures obviously depending where I'm traveling from traveling to Orange County it's not an entirely different deal in here but I mean like your upper would have would have you just different cultures different environments seeing different things
-0.06	-0.03	 but obviously you couldn't see from sitting at home in your couch
-0.07	+0.03	 not that I'm going up to every person on the street and having a conversation but if I'm at a party I don't know anybody I can strike up a conversation very easily
-0.10	+0.02	 I know it's not
-0.06	+0.01	 cuz what I'm in the water and when I forgot whenever I was stressed out about
-0.06	-0.01	 it's not even an issue
-0.03	-0.01	 you know the current administration his opinion versus my opinion
-0.07	-0.03	 there's probably met a situation handled differently I don't know
-0.00	-0.05	 Damien
-0.01	-0.02	 soccer question
-0.09	+0.03	 that breaking up with a guy with a girl
-0.04	+0.05	 I wanted the
-0.04	-0.01	 like that was more of an important thing to do then yes it in a job working
+0.03	-0.04	 it was easy I mean the transition was easy after I made a transition by going to graduate school after the military to ease into that transition and that was a that probably made it easier than going right for the military right to civilian life so I had a transitional phase for several years
-0.03	-0.03	 I wouldn't say it change me because it probably just fine-tuned whatever I had I was an officer and so you can't let go in and you're not going in when you're 18 you're going in after college so you got to have a little bit of discipline to go in and especially the branch that I went in so it didn't radically change me it just basically you know fine tune me
+0.03	-0.05	 fun
+0.01	-0.02	 cuz I guess I'm used to the stress so I can guide have learned to manage it well
-0.02	-0.00	 Troy study changes in my behavior enough
+0.02	+0.02	 love you hey I'm pretty consistent so like my behavior is radically changed
-0.08	-0.06	 it's easy and other times extremely difficult so I'm Hit or Miss. I wouldn't say it's always easy for me to get a good night's sleep but
+0.03	+0.04	 funny extroverted a lot of energy
-0.05	-0.05	 cuz it was some work involved yet to get to get there
  [INFO] Predicted PHQ-8 score: 1.0

[20:29:47] → PID 618
prompt: +0.02	+0.01	 so I'm going to
+0.03	-0.01	 ignition to recognize what you say and
+0.03	-0.01	 so that she can also
-0.01	-0.05	 what school in New York to go to
+0.04	-0.02	 are you from the area
+0.01	+0.01	 so she could ask you a series of questions and when she's done she should say goodbye and then you can press a button man
+0.03	+0.04	 what's the time
+0.01	-0.06	 girlfriend
-0.01	-0.02	 some now
-0.06	+0.02	 I know if my daughter is supposed
+0.00	-0.06	 Panther
+0.03	-0.04	 the guy
+0.01	-0.05	 hasta luego
+0.03	-0.05	 hello
+0.03	-0.05	 do you live
  [INFO] Predicted PHQ-8 score: 0.0

[20:29:53] → PID 619
prompt: -0.03	-0.03	that should be fine in the matching to put this behind
-0.01	+0.00	 yeah that's what that is actually a little better
+0.03	-0.02	 star virtual human uses artificial intelligence to have a conversation
-0.07	+0.04	 still preserving your enemy
-0.02	-0.00	 so she's going to ask
+0.03	-0.05	 okay alrighty
+0.04	-0.01	 primarily stay at home with my newborn baby while she's not a newborn she's 9 months now and I just work part-time mostly from home
+0.02	-0.03	 I was 19 years old when I'm in the military
-0.06	+0.03	 I got being born and raised in Los Angeles I kind of feel that a very free spirit and I'd say maybe hippie personality and when I graduated from high school I just felt that I wasn't reaching my potential and thought I could help myself by trying to establish some discipline I thought that was something that the military put off for me and it did
-0.05	+0.01	 yes kind of I was in Saudi Arabia when 9/11 happen and ended up serving as
-0.09	+0.01	 support for the air portion of the war was being it's his was being it happened it was happening from Saudi Arabia
+0.03	-0.02	 aggressive I don't know if that's the best word to use may be confident I'm very aware of eye contact paying attention to detail and timeliness things of that nature I'd say the positive factors of the military are being very disciplined and again paying attention to detail
-0.04	-0.02	 it depends on what's happening with my daughter if my baby is awake I'm awake when she sleeps I sleep
  [INFO] Predicted PHQ-8 score: 0.0

[20:30:00] → PID 620
prompt: +0.02	-0.03	 so I'll be looking at that image
+0.03	-0.03	 and you are at USC
-0.00	+0.00	 oh okay my cousin went Upstate but Cornell he has a beautiful waterfalls blah blah blah
-0.03	+0.05	 never have them please
+0.04	+0.00	 she got her hair done all that gets
+0.02	-0.05	 she's at an angle which is okay but I'm just going to just observe
+0.04	+0.00	 yeah the cavalry
+0.04	-0.05	 thanks
+0.02	-0.05	 looks the same to me
-0.02	-0.01	 are you running three or four rooms at the same time
+0.01	-0.05	 I pretty much live in a village and my Village is a couple square miles and
+0.02	-0.04	 I have the same trip everyday jump on the bike by Sunset Strip roll to my downhill to the farmer's market for lunch tell three more miles uphill to the post office and shopping and roll down Sunset back home again
-0.04	-0.01	 I'm a pretty perfect combination of both but I'm not going as a public persona
+0.04	+0.02	 well it is necessary to be out going to communicate to persuade to function in society and to entertain and to have Lively up friendships
+0.01	-0.04	 watch MSNBC I watched all of them any of the political shows
-0.00	-0.04	 I read I'm on the internet
-0.01	+0.03	 but I would say that I'm okay if controlling my temper I I don't have fights and I've never had any trouble with the law so perhaps I'm doing something right
-0.01	+0.01	 the Dynamics of the radio show and the concept of a permanent co-host versus rotating guest hosts and we each look at it differently and I really didn't fight with him I let him have his opinion
+0.01	-0.03	 nothing really leaps to mind I am old enough that I
-0.07	-0.04	 by and large learn to how to cope
-0.00	-0.04	 not being president of the United States
+0.03	-0.04	 I was 21 when I joined the military
+0.02	-0.03	 I am now
+0.03	-0.04	 combat images I've seen
-0.03	+0.01	 mangled people coming in off the helicopters
+0.03	-0.06	 I came home to Pennsylvania finished my college and and then moved to California
+0.01	-0.03	 let us say
+0.01	-0.04	 people who impacted by my youth
  [INFO] Predicted PHQ-8 score: 0.0

[20:30:05] → PID 622
prompt: +0.01	+0.00	 and please
+0.02	+0.02	 what are some things you really like about a lie
+0.04	-0.05	 I have traveled extensively in the military and driving truck cross country
-0.03	-0.02	 Hydro joined a German army
-0.02	-0.02	 and I was in the Army in the American Army but I joined an American army or German army
-0.01	-0.05	 what you study at school what most guys study
-0.01	-0.00	 what do you do now I've retired from the military from driving truck and Social Security
-0.02	-0.05	 I said
-0.04	-0.02	 what much of an argument it would just
-0.00	-0.04	 the fact that
-0.04	-0.02	 situation that I would have had different
+0.04	-0.05	 all right
-0.10	-0.00	 DARS decisions that I've ever had to make
+0.02	-0.02	 how old were you when you join the military
-0.00	-0.04	 I turned my last ten years I was a military policeman
-0.04	+0.06	 did you ever see combat
-0.00	+0.00	 how is the weather for you to go back to civilian life I miss the military for a while the the discipline but I kind of got over there
+0.01	-0.05	 I was a deputy sheriff for a while then I went to drive a truck local then I went to drive and truck cross country
-0.02	-0.02	 and that's what I retired from
-0.00	-0.03	 why it was
+0.04	-0.05	 all right
-0.01	+0.01	 about what
/Users/kevinawang/Documents/GitHub/VA-classifier/src/utils/util.py:27: FutureWarning: You are using `torch.load` with `weights_only=False` (the current default value), which uses the default pickle module implicitly. It is possible to construct malicious pickle data which will execute arbitrary code during unpickling (See https://github.com/pytorch/pytorch/blob/main/SECURITY.md#untrusted-models for more details). In a future release, the default value for `weights_only` will be flipped to `True`. This limits the functions that could be executed during unpickling. Arbitrary objects will no longer be allowed to be loaded via this mode unless they are explicitly allowlisted by the user via `torch.serialization.add_safe_globals`. We recommend you start setting `weights_only=True` for any use case where you don't have full control of the loaded file. Please open an issue on GitHub for any issues related to this experimental feature.
  model.load_state_dict(torch.load(model_path, map_location=device))
Participants:  21%|██▏       | 12/56 [01:12<04:03,  5.53s/it]Some weights of RobertaModel were not initialized from the model checkpoint at roberta-base and are newly initialized: ['roberta.pooler.dense.bias', 'roberta.pooler.dense.weight']
You should probably TRAIN this model on a down-stream task to be able to use it for predictions and inference.
/Users/kevinawang/Documents/GitHub/VA-classifier/src/utils/util.py:27: FutureWarning: You are using `torch.load` with `weights_only=False` (the current default value), which uses the default pickle module implicitly. It is possible to construct malicious pickle data which will execute arbitrary code during unpickling (See https://github.com/pytorch/pytorch/blob/main/SECURITY.md#untrusted-models for more details). In a future release, the default value for `weights_only` will be flipped to `True`. This limits the functions that could be executed during unpickling. Arbitrary objects will no longer be allowed to be loaded via this mode unless they are explicitly allowlisted by the user via `torch.serialization.add_safe_globals`. We recommend you start setting `weights_only=True` for any use case where you don't have full control of the loaded file. Please open an issue on GitHub for any issues related to this experimental feature.
  model.load_state_dict(torch.load(model_path, map_location=device))
Participants:  23%|██▎       | 13/56 [01:16<03:41,  5.15s/it]Some weights of RobertaModel were not initialized from the model checkpoint at roberta-base and are newly initialized: ['roberta.pooler.dense.bias', 'roberta.pooler.dense.weight']
You should probably TRAIN this model on a down-stream task to be able to use it for predictions and inference.
/Users/kevinawang/Documents/GitHub/VA-classifier/src/utils/util.py:27: FutureWarning: You are using `torch.load` with `weights_only=False` (the current default value), which uses the default pickle module implicitly. It is possible to construct malicious pickle data which will execute arbitrary code during unpickling (See https://github.com/pytorch/pytorch/blob/main/SECURITY.md#untrusted-models for more details). In a future release, the default value for `weights_only` will be flipped to `True`. This limits the functions that could be executed during unpickling. Arbitrary objects will no longer be allowed to be loaded via this mode unless they are explicitly allowlisted by the user via `torch.serialization.add_safe_globals`. We recommend you start setting `weights_only=True` for any use case where you don't have full control of the loaded file. Please open an issue on GitHub for any issues related to this experimental feature.
  model.load_state_dict(torch.load(model_path, map_location=device))
Participants:  25%|██▌       | 14/56 [01:34<06:18,  9.00s/it]Some weights of RobertaModel were not initialized from the model checkpoint at roberta-base and are newly initialized: ['roberta.pooler.dense.bias', 'roberta.pooler.dense.weight']
You should probably TRAIN this model on a down-stream task to be able to use it for predictions and inference.
/Users/kevinawang/Documents/GitHub/VA-classifier/src/utils/util.py:27: FutureWarning: You are using `torch.load` with `weights_only=False` (the current default value), which uses the default pickle module implicitly. It is possible to construct malicious pickle data which will execute arbitrary code during unpickling (See https://github.com/pytorch/pytorch/blob/main/SECURITY.md#untrusted-models for more details). In a future release, the default value for `weights_only` will be flipped to `True`. This limits the functions that could be executed during unpickling. Arbitrary objects will no longer be allowed to be loaded via this mode unless they are explicitly allowlisted by the user via `torch.serialization.add_safe_globals`. We recommend you start setting `weights_only=True` for any use case where you don't have full control of the loaded file. Please open an issue on GitHub for any issues related to this experimental feature.
  model.load_state_dict(torch.load(model_path, map_location=device))
Participants:  27%|██▋       | 15/56 [01:40<05:34,  8.15s/it]Some weights of RobertaModel were not initialized from the model checkpoint at roberta-base and are newly initialized: ['roberta.pooler.dense.bias', 'roberta.pooler.dense.weight']
You should probably TRAIN this model on a down-stream task to be able to use it for predictions and inference.
/Users/kevinawang/Documents/GitHub/VA-classifier/src/utils/util.py:27: FutureWarning: You are using `torch.load` with `weights_only=False` (the current default value), which uses the default pickle module implicitly. It is possible to construct malicious pickle data which will execute arbitrary code during unpickling (See https://github.com/pytorch/pytorch/blob/main/SECURITY.md#untrusted-models for more details). In a future release, the default value for `weights_only` will be flipped to `True`. This limits the functions that could be executed during unpickling. Arbitrary objects will no longer be allowed to be loaded via this mode unless they are explicitly allowlisted by the user via `torch.serialization.add_safe_globals`. We recommend you start setting `weights_only=True` for any use case where you don't have full control of the loaded file. Please open an issue on GitHub for any issues related to this experimental feature.
  model.load_state_dict(torch.load(model_path, map_location=device))
Participants:  29%|██▊       | 16/56 [01:44<04:31,  6.79s/it]Some weights of RobertaModel were not initialized from the model checkpoint at roberta-base and are newly initialized: ['roberta.pooler.dense.bias', 'roberta.pooler.dense.weight']
You should probably TRAIN this model on a down-stream task to be able to use it for predictions and inference.
  [INFO] Predicted PHQ-8 score: 2.0

[20:30:10] → PID 623
prompt: -0.10	+0.03	I'm doing it on but I'm not
+0.02	-0.05	 oh okay
-0.07	-0.03	 smartphone app turn it off
-0.03	-0.02	 sorry about that
-0.10	-0.00	 oh okay if she stopped talking to like 10 to 15 seconds
-0.01	-0.04	 sort of the Rat Race as I call it
-0.03	+0.01	 I don't know if I have a dream job but
+0.04	-0.00	 my success would lie on
+0.01	-0.06	 outgoing
-0.03	+0.01	 I love to engage in intellectual conversations I like to debate I'm not sure I'm very open to any Topic in the subject that anyone want to speak about or speak on
+0.01	-0.05	 I've about
+0.03	+0.04	 maybe 11 12 years now my mother is still alive she's live back in Georgia. Believe she's 75 years old now for social switch still resides in Georgia or brother that lives in outside Detroit
+0.01	-0.02	 going to work out or
+0.03	+0.01	 do my thing is sort of really stressed I like to work out so a lot of times I go and take the dog for a walk or I'll watch a nice comedy on television so that's sort of how I get to
-0.08	+0.04	 trying to think of a situation that I handled differently
-0.00	+0.04	 a lot more than I did before I made the decision I did so
-0.08	-0.01	 the hardest has not ever had to make was
+0.03	+0.02	 becoming of a man back then to join the military and I thought good about it and as I look at it today really kind of
+0.02	+0.03	 set me up to the point that I'm in my life now with the discipline and the structure of your life and your your family life so it really kind of
+0.01	-0.04	 I went to the Gulf War
+0.02	+0.04	 I was really easy because after 4 years of serving in military I was I was done I was I was over it I was right to get back into civilian world and see what
-0.02	+0.01	 the civilian world had to offer me
-0.02	-0.01	 see things a little different and civilian life it makes you a little bit stronger and make sure a little bit more discipline than the regular
+0.01	+0.01	 commit to me this major
+0.03	+0.02	 better person all the way around how to accept things I have to accept different peoples in different cultures and it just makes you open up with your your thinking process
-0.01	-0.01	 have you noticed any changes
-0.08	-0.02	 I've been feeling
-0.02	+0.00	 how easy is it for you to go
-0.02	+0.03	 that's been a lot going on
+0.03	+0.00	 I would say my mother course and my brother and my mother course because she's the one that brought me
+0.02	-0.04	 and my brothers because I sort of see how he goes about his business and I sort of
+0.03	-0.03	 role models that she will call it
  [INFO] Predicted PHQ-8 score: 1.0

[20:30:14] → PID 624
prompt: -0.02	-0.02	so I'm going to bring up
-0.05	-0.03	I understand I know how it is
+0.01	+0.00	so she's going to ask you a few questions
-0.04	+0.02	 and then what you think she should say goodbye
+0.00	-0.03	 a lot of people
-0.02	+0.01	 no that's a lot of people
-0.04	+0.05	 why what
+0.03	-0.05	 one employee currently I was working in the field of recovery
+0.01	-0.06	 wow
+0.04	-0.01	 working with children trying to give him a better quality of life I know that's important to start early
-0.05	-0.04	 kind of reclusive
+0.02	+0.06	 workout if I can swim
-0.09	-0.03	 play basketball while used to play basketball can't anymore
-0.01	+0.02	 reach out to him or trying to be there for them
-0.09	-0.01	 can erase it
+0.00	-0.04	 thought the Army was the way to go
-0.03	-0.01	 I ran for myself for years
-0.03	-0.03	 out of it
+0.01	-0.06	 absolutely
-0.08	-0.01	 very cautious of people surroundings
-0.01	-0.03	 can explain it
-0.11	+0.04	 my mother always let me know when I did something wrong
-0.04	-0.04	 she's about the only one that did
+0.04	-0.01	 reclusive
  [INFO] Predicted PHQ-8 score: 6.0

[20:30:32] → PID 625
prompt: -0.00	-0.03	regular and so the virtual human to ask you some questions and then
-0.02	+0.00	 then Italy speech speech recognition to like I register what you say and then he's a series of
+0.01	-0.04	 I know what to do back in the reason that the connection webcam is so that it can also take into account your facial expressions and your posture
+0.01	+0.03	 what is war of the sea
-0.00	-0.00	 is it a party at college thesis or anything
-0.05	-0.04	 bring up the virtual human for a second and then shrink
-0.04	+0.00	 I kind of wish that was really cool I am not doing so yet because I have just finished my second year so
+0.02	-0.05	 oh okay
+0.02	-0.02	 I'm going to start the recording okay
-0.01	-0.06	 and then
-0.04	+0.01	 and then she said she said
+0.03	-0.01	 oh probably work in some type of entertainment film music that's probably been my dream for years and years and I've kind of dabbled in a little bit but never really made
+0.02	-0.03	 when I'm feeling then I turn on the fish tank screensaver
-0.01	+0.05	 play videogames right read I wish I could get enough get-up-and-go to write a screenplay I've always been wanting to write and you never know what may happen with that but you know if I ever get some get up and go I'll write something but that's primarily what I do
-0.08	-0.00	 this was recently argue with a friend over something very silly it was a sports question of something about sports and you know over the years my family are some people in my family have told me there's three things you really don't discuss with people that's politics Sports and religion so I try to stay away from those subjects
+0.02	+0.03	 that's a great question I worked for a restaurant downtown who was which was owned by a very affluent lawyer in Los Angeles
+0.01	-0.01	 tell me about
+0.03	+0.04	 probably the hardest decision I've ever had to make was to join the military I had heard a lot of bad things about it at her good things about it but at that particular time of my life I had a you know a fork in the road and I had to choose where they go left to right and I chose to go left and joined the army and turned out it wasn't that bad of a decision
-0.00	-0.01	 tell me about midnight or something that
-0.08	+0.02	 haven't been a rat being arrested years and years ago
-0.01	-0.06	 20 or 21 years old
-0.03	-0.02	 I worked I was in the military when the Russians were still prevalent in Eastern Europe and we did some board of Duty between the East and West Germany and there are few incidences On the Border that could have gotten out of hand but never did
+0.00	+0.02	 on the positive side I was physically fit when I got out very physically fit and enjoy being that way for several years until you know of some things happened in my life to where I kind of let myself go
+0.01	-0.05	 orderly place things in perspective
+0.03	-0.01	 If anything I would say
  [INFO] Predicted PHQ-8 score: 2.0

[20:30:38] → PID 626
prompt: +0.03	-0.01	 where you from
+0.03	-0.06	 Los Angeles
-0.04	-0.00	 it's all right if you know my mom's left
-0.06	-0.03	 I don't really feel guilty about anything
+0.02	-0.05	 that would be joining the Army
-0.06	+0.05	 my wife was kind of stuck so I needed to change something up for me was a good choice
-0.01	-0.03	 yeah I did one combat tour
+0.03	-0.03	 I am going back to school
-0.08	-0.01	 I don't really think it changed me all that much I met him might be more responsible now
  [INFO] Predicted PHQ-8 score: 1.0

[20:30:42] → PID 629
/Users/kevinawang/Documents/GitHub/VA-classifier/src/utils/util.py:27: FutureWarning: You are using `torch.load` with `weights_only=False` (the current default value), which uses the default pickle module implicitly. It is possible to construct malicious pickle data which will execute arbitrary code during unpickling (See https://github.com/pytorch/pytorch/blob/main/SECURITY.md#untrusted-models for more details). In a future release, the default value for `weights_only` will be flipped to `True`. This limits the functions that could be executed during unpickling. Arbitrary objects will no longer be allowed to be loaded via this mode unless they are explicitly allowlisted by the user via `torch.serialization.add_safe_globals`. We recommend you start setting `weights_only=True` for any use case where you don't have full control of the loaded file. Please open an issue on GitHub for any issues related to this experimental feature.
  model.load_state_dict(torch.load(model_path, map_location=device))
Participants:  30%|███       | 17/56 [01:53<04:55,  7.57s/it]Some weights of RobertaModel were not initialized from the model checkpoint at roberta-base and are newly initialized: ['roberta.pooler.dense.bias', 'roberta.pooler.dense.weight']
You should probably TRAIN this model on a down-stream task to be able to use it for predictions and inference.
/Users/kevinawang/Documents/GitHub/VA-classifier/src/utils/util.py:27: FutureWarning: You are using `torch.load` with `weights_only=False` (the current default value), which uses the default pickle module implicitly. It is possible to construct malicious pickle data which will execute arbitrary code during unpickling (See https://github.com/pytorch/pytorch/blob/main/SECURITY.md#untrusted-models for more details). In a future release, the default value for `weights_only` will be flipped to `True`. This limits the functions that could be executed during unpickling. Arbitrary objects will no longer be allowed to be loaded via this mode unless they are explicitly allowlisted by the user via `torch.serialization.add_safe_globals`. We recommend you start setting `weights_only=True` for any use case where you don't have full control of the loaded file. Please open an issue on GitHub for any issues related to this experimental feature.
  model.load_state_dict(torch.load(model_path, map_location=device))
Participants:  32%|███▏      | 18/56 [01:59<04:31,  7.14s/it]Some weights of RobertaModel were not initialized from the model checkpoint at roberta-base and are newly initialized: ['roberta.pooler.dense.bias', 'roberta.pooler.dense.weight']
You should probably TRAIN this model on a down-stream task to be able to use it for predictions and inference.
/Users/kevinawang/Documents/GitHub/VA-classifier/src/utils/util.py:27: FutureWarning: You are using `torch.load` with `weights_only=False` (the current default value), which uses the default pickle module implicitly. It is possible to construct malicious pickle data which will execute arbitrary code during unpickling (See https://github.com/pytorch/pytorch/blob/main/SECURITY.md#untrusted-models for more details). In a future release, the default value for `weights_only` will be flipped to `True`. This limits the functions that could be executed during unpickling. Arbitrary objects will no longer be allowed to be loaded via this mode unless they are explicitly allowlisted by the user via `torch.serialization.add_safe_globals`. We recommend you start setting `weights_only=True` for any use case where you don't have full control of the loaded file. Please open an issue on GitHub for any issues related to this experimental feature.
  model.load_state_dict(torch.load(model_path, map_location=device))
Participants:  34%|███▍      | 19/56 [02:04<04:02,  6.56s/it]Some weights of RobertaModel were not initialized from the model checkpoint at roberta-base and are newly initialized: ['roberta.pooler.dense.bias', 'roberta.pooler.dense.weight']
You should probably TRAIN this model on a down-stream task to be able to use it for predictions and inference.
/Users/kevinawang/Documents/GitHub/VA-classifier/src/utils/util.py:27: FutureWarning: You are using `torch.load` with `weights_only=False` (the current default value), which uses the default pickle module implicitly. It is possible to construct malicious pickle data which will execute arbitrary code during unpickling (See https://github.com/pytorch/pytorch/blob/main/SECURITY.md#untrusted-models for more details). In a future release, the default value for `weights_only` will be flipped to `True`. This limits the functions that could be executed during unpickling. Arbitrary objects will no longer be allowed to be loaded via this mode unless they are explicitly allowlisted by the user via `torch.serialization.add_safe_globals`. We recommend you start setting `weights_only=True` for any use case where you don't have full control of the loaded file. Please open an issue on GitHub for any issues related to this experimental feature.
  model.load_state_dict(torch.load(model_path, map_location=device))
Participants:  36%|███▌      | 20/56 [02:10<03:46,  6.29s/it]Some weights of RobertaModel were not initialized from the model checkpoint at roberta-base and are newly initialized: ['roberta.pooler.dense.bias', 'roberta.pooler.dense.weight']
You should probably TRAIN this model on a down-stream task to be able to use it for predictions and inference.
/Users/kevinawang/Documents/GitHub/VA-classifier/src/utils/util.py:27: FutureWarning: You are using `torch.load` with `weights_only=False` (the current default value), which uses the default pickle module implicitly. It is possible to construct malicious pickle data which will execute arbitrary code during unpickling (See https://github.com/pytorch/pytorch/blob/main/SECURITY.md#untrusted-models for more details). In a future release, the default value for `weights_only` will be flipped to `True`. This limits the functions that could be executed during unpickling. Arbitrary objects will no longer be allowed to be loaded via this mode unless they are explicitly allowlisted by the user via `torch.serialization.add_safe_globals`. We recommend you start setting `weights_only=True` for any use case where you don't have full control of the loaded file. Please open an issue on GitHub for any issues related to this experimental feature.
  model.load_state_dict(torch.load(model_path, map_location=device))
Participants:  38%|███▊      | 21/56 [02:18<04:00,  6.87s/it]Some weights of RobertaModel were not initialized from the model checkpoint at roberta-base and are newly initialized: ['roberta.pooler.dense.bias', 'roberta.pooler.dense.weight']
You should probably TRAIN this model on a down-stream task to be able to use it for predictions and inference.
prompt: +0.03	-0.02	to respond to you and keep
+0.03	-0.06	 expressions in your posture
-0.02	+0.06	 will she pick up on my
+0.01	-0.03	 so two things
+0.00	-0.05	 Booker
+0.01	-0.04	 absolutely okay
+0.03	-0.02	 and so she can ask you a series of questions and then at the end she'll say goodbye and then you'll press this button
-0.04	-0.04	 no not right now I am in a job that they're just commute back and forth about 12 miles so that's about as the extent of my traveling
-0.01	-0.02	 what do I enjoy about traveling probably seeing new places when I due to trouble seeing new places and people from different states different countries and picking up on their cultures
+0.01	-0.02	 one of my trips let's see
+0.03	-0.00	 what do I do now I am a part-time broadcaster for
+0.01	-0.03	 and it is
+0.00	+0.03	 what is my dream job good question probably
-0.02	+0.00	 I know it's
+0.03	-0.04	 what do I do to relax
+0.02	-0.00	 a good question last time I got into argument
+0.02	-0.06	 I was
-0.05	-0.04	 downsize from a full-time position back in December of 2012
-0.09	-0.01	 I'm done a better job at that position
-0.02	+0.01	 ask a question I don't think I feel really guilty everything I have done I have
-0.09	+0.03	 and that not that I feel guilty I don't feel guilty about everything
-0.02	+0.04	 hardest decision I've ever had to make sure she probably when I was 17 years old sign a contract to join the Marine Corps and it was a six-year contract and
-0.11	-0.02	 something I could have erased from my memory at sea
-0.07	-0.03	 let's see I'm trying to think
+0.01	-0.05	 probably
-0.02	-0.03	 I've got into to bar fights so probably limiting the alcohol use some of those some of those times and avoided trouble in the bars
+0.03	-0.04	 yes I have
-0.05	-0.03	 other than that I went too soon as I got out I went to broadcasting school and everything pretty much went back to normal
+0.00	+0.05	 it changed me because I am more disciplined self this fund pay attention to detail more attention to detail than I ever have kind of a mental thing paying attention to detail but they drilled it into our heads
-0.06	-0.01	 everything in its place and I like to keep ficked nobody taught me
+0.03	-0.03	 I know I've always stated pretty even Keel and I like to like to keep it that way I don't like to get too low or get too high I like to stay stay even-keeled
-0.03	-0.03	 it is pretty pretty easy when I work out a lot but there are sometimes when I I do if I'm not a 5-mile bike ride and then I I I swim like 10 laps in the pool those days are easy for me to get a good night's sleep and some of the other days where I just do a bike ride or a swim but not both of those are pretty easy to sew
-0.10	+0.06	 sometimes I have too much energy but the
+0.01	-0.04	 hide recently went
  [INFO] Predicted PHQ-8 score: 1.0

[20:30:51] → PID 631
prompt: -0.06	+0.02	can I go ahead
+0.01	-0.01	 there she is
-0.05	-0.01	 it's Friday or is it
+0.01	-0.00	 okay I'm going to start at the recording and what's going to happen if she's going to ask you questions and then at the end she'll say goodbye and you'll press this button
-0.07	-0.00	 I don't have a temper
+0.01	-0.05	 I have known I could remember
-0.05	-0.01	 tell me about the hardest.
-0.04	-0.02	 Teasing my sister
+0.02	-0.00	 try to help her out
+0.01	-0.02	 it's simple knowing is an A+ affect my life
-0.07	-0.01	 nothing really
  [INFO] Predicted PHQ-8 score: 0.0

[20:30:57] → PID 634
prompt: -0.01	+0.02	what you said she should stay good
+0.04	-0.04	 for two years and then after that I got my bachelor's
+0.03	-0.03	 I work out to relax usually three to five times a week I work out in the mornings and it does help to manage stress and in real estate and being a mom there is lots of stress in my life
-0.10	-0.03	 getting better at it not the best at it I tend to be very outwardly with my emotions and I'm learning to try to check them out the door a lot more than I used to so I can work in progress
-0.08	-0.02	 it probably was the person was probably my husband and the timeframe may have been a month or so ago and quite honestly I don't remember what it was about so that I told you that it was probably something that was not even important
-0.06	-0.01	 I wish that
-0.05	-0.01	 tell me about the hardest.
-0.01	-0.01	 have you noticed any changes
+0.01	-0.06	 lag
  [INFO] Predicted PHQ-8 score: 3.0

[20:31:03] → PID 635
prompt: +0.00	-0.02	 and then you're going to respond normally into the microphone and then she was a speech recognition
+0.01	-0.02	 shared ICT to decide how to respond back to you and keep the conversation going she also use the software that incorporates the webcam and the Xbox Kinect
+0.02	-0.02	 to recognize your facial expressions in your posture so she can take your feelings into account as the interview progresses as well
+0.01	+0.02	 I'm going to go ahead and bring her up for just a second so you can see what she looks like and them and have to train her back down as I continue setting up some of our recording
+0.01	-0.06	 hey
+0.04	+0.00	 that's alright a lot of my dates are and that's never stopped me before
+0.02	+0.02	 then you're going to press this button to let me
-0.01	-0.05	 probably an indication that some
+0.02	-0.04	 chance that you may say so
+0.02	-0.00	 goodbye okay
-0.01	-0.05	 maybe a month ago with my father
+0.02	+0.01	 something you feel
-0.08	-0.01	 not calling my father
-0.06	-0.04	 I have to think about that
+0.03	-0.02	 how have you been feeling lately
+0.01	-0.06	 challenging
  [INFO] Predicted PHQ-8 score: 6.0

[20:31:08] → PID 636
prompt: -0.00	-0.04	you just look at Ali
+0.01	-0.05	so she's asking a series of questions and then using
-0.01	-0.01	 I was born in Philadelphia but we lived all over that the place so I'm not from Philadelphia to just before in there and live there for a year
-0.04	-0.05	 the usual the traffic I guess some of the people in the entertainment business a bit of the materialism and you know when you meet like the stereotypical deaths
-0.05	-0.04	 how to write let me think for a minute
-0.00	-0.01	 you know husband too I don't know what his story is I suppose he's gay
-0.07	+0.01	 that's not my PTSD thing though if you're wondering
-0.11	+0.02	 lawyer I guess I I got tossed out with many people you know I Now understand why the what-do-you-call-it the the age discrimination laws kick in after 40 well you know it's extremely difficult to get rehired so now I have a couple of clients I make a couple of pennies you know
+0.00	+0.01	 enough for a what they say we're supposed to live to in the future
-0.10	+0.00	 on occasion I will drink have a drink have a low alcohol tolerance so basically one or two will pretty much knocked me out I don't know I used to do yoga and stuff like that nowadays I try to do deep breathing
-0.02	-0.04	 it depends who the person is in a normal situation with normal people or with complete strangers
+0.01	-0.04	 gee willikers
-0.11	-0.03	 I don't know you know
+0.01	-0.04	 you know
-0.02	-0.02	 relating to anything that's outside of their world
-0.04	+0.01	 I don't think you're listening very carefully you like some of the strings I've had
-0.04	+0.06	 people is that what you wanted me to tell you about I
-0.11	+0.02	 no just the empty silence that I'm supposed to be filling to answer or you
-0.02	+0.01	 what was the question
-0.08	-0.04	 I don't know sometimes therapies helpful sometimes it's not
-0.04	-0.03	 Cassius is a test to see how one reacts when there's an uncomfortable silence
-0.09	+0.04	 am I supposed to be pushing the button for the person to come in now
-0.03	-0.01	 I thought it was a test of how one reacts during an uncomfortable side
  [INFO] Predicted PHQ-8 score: 10.0

[20:31:16] → PID 637
/Users/kevinawang/Documents/GitHub/VA-classifier/src/utils/util.py:27: FutureWarning: You are using `torch.load` with `weights_only=False` (the current default value), which uses the default pickle module implicitly. It is possible to construct malicious pickle data which will execute arbitrary code during unpickling (See https://github.com/pytorch/pytorch/blob/main/SECURITY.md#untrusted-models for more details). In a future release, the default value for `weights_only` will be flipped to `True`. This limits the functions that could be executed during unpickling. Arbitrary objects will no longer be allowed to be loaded via this mode unless they are explicitly allowlisted by the user via `torch.serialization.add_safe_globals`. We recommend you start setting `weights_only=True` for any use case where you don't have full control of the loaded file. Please open an issue on GitHub for any issues related to this experimental feature.
  model.load_state_dict(torch.load(model_path, map_location=device))
Participants:  39%|███▉      | 22/56 [02:23<03:31,  6.21s/it]Some weights of RobertaModel were not initialized from the model checkpoint at roberta-base and are newly initialized: ['roberta.pooler.dense.bias', 'roberta.pooler.dense.weight']
You should probably TRAIN this model on a down-stream task to be able to use it for predictions and inference.
/Users/kevinawang/Documents/GitHub/VA-classifier/src/utils/util.py:27: FutureWarning: You are using `torch.load` with `weights_only=False` (the current default value), which uses the default pickle module implicitly. It is possible to construct malicious pickle data which will execute arbitrary code during unpickling (See https://github.com/pytorch/pytorch/blob/main/SECURITY.md#untrusted-models for more details). In a future release, the default value for `weights_only` will be flipped to `True`. This limits the functions that could be executed during unpickling. Arbitrary objects will no longer be allowed to be loaded via this mode unless they are explicitly allowlisted by the user via `torch.serialization.add_safe_globals`. We recommend you start setting `weights_only=True` for any use case where you don't have full control of the loaded file. Please open an issue on GitHub for any issues related to this experimental feature.
  model.load_state_dict(torch.load(model_path, map_location=device))
Participants:  41%|████      | 23/56 [02:27<03:02,  5.54s/it]Some weights of RobertaModel were not initialized from the model checkpoint at roberta-base and are newly initialized: ['roberta.pooler.dense.bias', 'roberta.pooler.dense.weight']
You should probably TRAIN this model on a down-stream task to be able to use it for predictions and inference.
/Users/kevinawang/Documents/GitHub/VA-classifier/src/utils/util.py:27: FutureWarning: You are using `torch.load` with `weights_only=False` (the current default value), which uses the default pickle module implicitly. It is possible to construct malicious pickle data which will execute arbitrary code during unpickling (See https://github.com/pytorch/pytorch/blob/main/SECURITY.md#untrusted-models for more details). In a future release, the default value for `weights_only` will be flipped to `True`. This limits the functions that could be executed during unpickling. Arbitrary objects will no longer be allowed to be loaded via this mode unless they are explicitly allowlisted by the user via `torch.serialization.add_safe_globals`. We recommend you start setting `weights_only=True` for any use case where you don't have full control of the loaded file. Please open an issue on GitHub for any issues related to this experimental feature.
  model.load_state_dict(torch.load(model_path, map_location=device))
Participants:  43%|████▎     | 24/56 [02:38<03:48,  7.13s/it]Some weights of RobertaModel were not initialized from the model checkpoint at roberta-base and are newly initialized: ['roberta.pooler.dense.bias', 'roberta.pooler.dense.weight']
You should probably TRAIN this model on a down-stream task to be able to use it for predictions and inference.
/Users/kevinawang/Documents/GitHub/VA-classifier/src/utils/util.py:27: FutureWarning: You are using `torch.load` with `weights_only=False` (the current default value), which uses the default pickle module implicitly. It is possible to construct malicious pickle data which will execute arbitrary code during unpickling (See https://github.com/pytorch/pytorch/blob/main/SECURITY.md#untrusted-models for more details). In a future release, the default value for `weights_only` will be flipped to `True`. This limits the functions that could be executed during unpickling. Arbitrary objects will no longer be allowed to be loaded via this mode unless they are explicitly allowlisted by the user via `torch.serialization.add_safe_globals`. We recommend you start setting `weights_only=True` for any use case where you don't have full control of the loaded file. Please open an issue on GitHub for any issues related to this experimental feature.
  model.load_state_dict(torch.load(model_path, map_location=device))
Participants:  45%|████▍     | 25/56 [02:42<03:15,  6.31s/it]Some weights of RobertaModel were not initialized from the model checkpoint at roberta-base and are newly initialized: ['roberta.pooler.dense.bias', 'roberta.pooler.dense.weight']
You should probably TRAIN this model on a down-stream task to be able to use it for predictions and inference.
prompt: +0.04	-0.05	 what year Buick Minnie Mouse so that were okay like that
-0.01	-0.06	 and then
+0.03	-0.02	 in every way
+0.00	-0.06	 dilemma
-0.03	-0.03	 well I probably had a lot of them
+0.01	-0.04	 weird experiences
+0.02	-0.05	 definitely
+0.00	-0.01	 I'm fine I'm just tired but I think I'm pretty fine energy-wise in terms of interacting with other people
-0.02	-0.00	 yeah I think I know what my overall trigger what the overall thing is but it's deeper than the overall thing itself
-0.00	-0.03	 that makes any sense well
-0.01	-0.03	 and you don't know really how to receive Love Actually something about receiving lover
-0.06	-0.01	 share the deeper ones with that would really understand me there was no long-term relationships
+0.02	+0.04	 but I do interact with my emotions a lot when I'm turning my instrument and in acting class and so that's a big you know workout emotionally
+0.01	-0.02	 about you your welfare and having someone to talk to you on a deeper level
  [INFO] Predicted PHQ-8 score: 5.0

[20:31:21] → PID 638
prompt: -0.04	-0.00	when she sounds you should say
-0.05	-0.02	 and if not when she's done
+0.01	-0.01	 tell me about
-0.10	+0.02	 I know it's not
+0.03	-0.00	 I'm very good at controlling my temper
-0.06	+0.01	 tell me about the hardest decision
-0.02	+0.00	 have you ever
+0.01	+0.01	 can you tell me about that
+0.03	+0.00	 how would your best friend describe
+0.01	-0.06	 hey
  [INFO] Predicted PHQ-8 score: 2.0

[20:31:25] → PID 640
prompt: -0.06	+0.05	 okay so I'm just going to answer whatever she says that she will eat everything
+0.01	+0.02	 so she's going to ask you some questions and then when she's done you're going to press you to say goodbye and then you're going to press this button
+0.03	-0.01	 where you from
+0.02	+0.02	 dream job probably I want to I want to start moving into Finance I want to do something financial-related investment-banking I think I'm going to switch course pretty soon here
-0.05	-0.02	 my family is good we're a little bit closed we don't we don't show a lot of emotion and we're not is as loving you know over the phone or in person but you know we have other ways to show our emotions
-0.06	+0.03	 I'm usually pretty good I don't really get extremely angry very often and I keep a lot of my emotions inside which isn't always good but you know I never have crazy angry outbursts and get violent or anything like that
-0.03	-0.05	 when was the last
+0.01	-0.01	 tell me about
-0.06	+0.01	 tell me about the hardest decision
+0.01	+0.04	 have you ever seen
+0.03	-0.02	 how have you been feeling lately
+0.02	+0.02	 how do you notice
+0.00	+0.01	 tell me more about that
-0.02	+0.00	 hopefully things get better
-0.08	-0.02	 how easy is it for you to get a good night sleep it's very difficult cuz I work a lot of strange hours to so I'm up in a working late and then got to get up early and sometimes I can sleep in more so you know if I'm not in a set routine it makes it a little more difficult but you know I usually get a decent amount of sleep as often as possible so I usually don't have too much trouble in that sense
-0.04	-0.03	 fell asleep while I'm usually a little just bit more irritable more grumpy you know smaller things can set me off a little bit but you know I have certain techniques to relax a little bit more so you know whenever that happens I'm I'm usually able to handle myself appropriately
-0.09	+0.02	 have you ever been diagnosed with
-0.06	+0.02	 when is the last time
  [INFO] Predicted PHQ-8 score: 1.0

[20:31:36] → PID 649
prompt: +0.04	-0.05	 all right
+0.04	-0.05	 all right
+0.03	-0.01	 where you from
-0.02	-0.04	 you travel a lot no
+0.03	+0.02	 well I did most of my traveling in the military so I been around the world twice already so I
-0.02	-0.02	 see how I need to see
-0.08	-0.04	 I'm a disabled veteran waiting on a pension
-0.01	+0.01	 and whatever I can do to make money legally
+0.02	-0.04	 caddying for Tiger Woods
+0.01	-0.06	 outgoing
-0.03	-0.02	 I've been known to fly off the handle but the older I get the less I do it
-0.03	-0.01	 a week ago and it was
-0.05	+0.02	 tell me about a situation that you wish you would have
-0.04	-0.03	 jumping to conclusions on on certain things
-0.02	-0.05	 sometimes I I
+0.03	-0.05	 but I never like it too far
+0.01	-0.02	 weather where I was going to live after I was discharged from the military
+0.01	+0.04	 I was in a combat situation twice I was in the United States Marine Corps and
-0.05	+0.02	 I was activated for Attack on Libya and it never transpired President Reagan cancel it and I was also recall for the Gulf War to work on the 20 millimeter gun and Ice that was on a l p h a naval vessel fairly close to the combats in the Middle East in the Persian Gulf
-0.02	+0.00	 how easy was it for you to go back to
-0.01	-0.03	 that'll happen
+0.04	-0.02	 lot of different things
-0.07	+0.03	 fear no one fear no man
-0.01	-0.05	 PTSD
-0.07	+0.04	 have you ever been diagnosed with PTSD yes
+0.02	-0.02	 how long ago were you
+0.02	-0.05	 Teairra Mari
-0.02	-0.01	 heavy heavy dream activity
-0.04	+0.05	 fear the unknown
+0.02	-0.04	 how do you cook with them
-0.01	-0.05	 the VA when it when I when I first went to get primary care and and
-0.05	-0.00	 they look at my file. Maybe I should be examined
-0.04	-0.02	 no I don't not not for PTSD and I was going to some classes briefly
-0.08	+0.03	 why did you stop
+0.03	+0.02	 it wasn't it wasn't really an issue with me anymore Ahmad coping with it well and it's it's like I said Time Heals everything I do believe that and it's
+0.02	-0.06	 I'm comfortable without it
+0.01	+0.01	 can you tell me about that
+0.01	+0.05	 I'm 50 years old and she's 23 and
+0.03	+0.04	 someone who never let him down
-0.03	-0.03	 okay I think I know
  [INFO] Predicted PHQ-8 score: 3.0

[20:31:40] → PID 650
/Users/kevinawang/Documents/GitHub/VA-classifier/src/utils/util.py:27: FutureWarning: You are using `torch.load` with `weights_only=False` (the current default value), which uses the default pickle module implicitly. It is possible to construct malicious pickle data which will execute arbitrary code during unpickling (See https://github.com/pytorch/pytorch/blob/main/SECURITY.md#untrusted-models for more details). In a future release, the default value for `weights_only` will be flipped to `True`. This limits the functions that could be executed during unpickling. Arbitrary objects will no longer be allowed to be loaded via this mode unless they are explicitly allowlisted by the user via `torch.serialization.add_safe_globals`. We recommend you start setting `weights_only=True` for any use case where you don't have full control of the loaded file. Please open an issue on GitHub for any issues related to this experimental feature.
  model.load_state_dict(torch.load(model_path, map_location=device))
Participants:  46%|████▋     | 26/56 [02:49<03:09,  6.33s/it]Some weights of RobertaModel were not initialized from the model checkpoint at roberta-base and are newly initialized: ['roberta.pooler.dense.bias', 'roberta.pooler.dense.weight']
You should probably TRAIN this model on a down-stream task to be able to use it for predictions and inference.
/Users/kevinawang/Documents/GitHub/VA-classifier/src/utils/util.py:27: FutureWarning: You are using `torch.load` with `weights_only=False` (the current default value), which uses the default pickle module implicitly. It is possible to construct malicious pickle data which will execute arbitrary code during unpickling (See https://github.com/pytorch/pytorch/blob/main/SECURITY.md#untrusted-models for more details). In a future release, the default value for `weights_only` will be flipped to `True`. This limits the functions that could be executed during unpickling. Arbitrary objects will no longer be allowed to be loaded via this mode unless they are explicitly allowlisted by the user via `torch.serialization.add_safe_globals`. We recommend you start setting `weights_only=True` for any use case where you don't have full control of the loaded file. Please open an issue on GitHub for any issues related to this experimental feature.
  model.load_state_dict(torch.load(model_path, map_location=device))
Participants:  48%|████▊     | 27/56 [02:52<02:38,  5.46s/it]Some weights of RobertaModel were not initialized from the model checkpoint at roberta-base and are newly initialized: ['roberta.pooler.dense.bias', 'roberta.pooler.dense.weight']
You should probably TRAIN this model on a down-stream task to be able to use it for predictions and inference.
/Users/kevinawang/Documents/GitHub/VA-classifier/src/utils/util.py:27: FutureWarning: You are using `torch.load` with `weights_only=False` (the current default value), which uses the default pickle module implicitly. It is possible to construct malicious pickle data which will execute arbitrary code during unpickling (See https://github.com/pytorch/pytorch/blob/main/SECURITY.md#untrusted-models for more details). In a future release, the default value for `weights_only` will be flipped to `True`. This limits the functions that could be executed during unpickling. Arbitrary objects will no longer be allowed to be loaded via this mode unless they are explicitly allowlisted by the user via `torch.serialization.add_safe_globals`. We recommend you start setting `weights_only=True` for any use case where you don't have full control of the loaded file. Please open an issue on GitHub for any issues related to this experimental feature.
  model.load_state_dict(torch.load(model_path, map_location=device))
Participants:  50%|█████     | 28/56 [02:56<02:22,  5.10s/it]Some weights of RobertaModel were not initialized from the model checkpoint at roberta-base and are newly initialized: ['roberta.pooler.dense.bias', 'roberta.pooler.dense.weight']
You should probably TRAIN this model on a down-stream task to be able to use it for predictions and inference.
/Users/kevinawang/Documents/GitHub/VA-classifier/src/utils/util.py:27: FutureWarning: You are using `torch.load` with `weights_only=False` (the current default value), which uses the default pickle module implicitly. It is possible to construct malicious pickle data which will execute arbitrary code during unpickling (See https://github.com/pytorch/pytorch/blob/main/SECURITY.md#untrusted-models for more details). In a future release, the default value for `weights_only` will be flipped to `True`. This limits the functions that could be executed during unpickling. Arbitrary objects will no longer be allowed to be loaded via this mode unless they are explicitly allowlisted by the user via `torch.serialization.add_safe_globals`. We recommend you start setting `weights_only=True` for any use case where you don't have full control of the loaded file. Please open an issue on GitHub for any issues related to this experimental feature.
  model.load_state_dict(torch.load(model_path, map_location=device))
Participants:  52%|█████▏    | 29/56 [03:03<02:35,  5.74s/it]Some weights of RobertaModel were not initialized from the model checkpoint at roberta-base and are newly initialized: ['roberta.pooler.dense.bias', 'roberta.pooler.dense.weight']
You should probably TRAIN this model on a down-stream task to be able to use it for predictions and inference.
prompt: +0.01	+0.00	 and please
+0.03	-0.01	 where you from
+0.02	+0.06	 the city life and the fast pace
-0.06	-0.03	 what are some things you don't
-0.04	-0.02	 the military is always on the go so most of the travel being so expensive
+0.01	-0.05	 for the military or outside of the military
+0.02	+0.02	 what you said
-0.01	-0.05	 private security
+0.02	+0.00	 probably in the same industry private security that would be high paying
+0.00	-0.06	 or something along the lines of mental health for
+0.03	+0.02	 something like what we're doing right now
+0.03	+0.00	 wish you would
-0.02	-0.05	 coming to California and leaving my oldest daughter's in Florida
+0.03	-0.04	 tell me about Nevada
-0.00	+0.00	 my life growing up that I ever made
-0.01	-0.05	 private security
+0.01	-0.04	 sense of regimentation it gave me
-0.05	-0.01	 structure that I wouldn't have otherwise gotten and I believe as far as within people
+0.01	-0.03	 and in just the the general population that does set you aside with set you apart
-0.01	-0.02	 have you noticed any changes in your
+0.02	+0.01	 not really just trying to trying to land that dream job as you said before
+0.02	-0.03	 tired first of all
+0.03	-0.04	 yes I have
-0.06	-0.00	 following one of my combat experiences in South America
-0.09	-0.00	 one on President Bush's War on Drugs and
+0.01	-0.06	 we had the
-0.04	+0.00	 I learned a long time ago that you have to put your past behind you so
+0.04	+0.02	 to do and it was so That Others May Live so it was it may not have felt right at the time but it was the right thing to do
-0.01	-0.02	 what country is this
-0.04	-0.02	 in the military when you have a combat-related experience you always go through a debrief
-0.06	-0.00	 at the debrief you are asked if you need help coping with the situation
-0.02	+0.01	 once they they gave me some key exercises to do the the acuteness of the night terrors in the nightmares went away
+0.00	-0.05	 and very seldom am I bothered by it now because it was so long ago
-0.08	+0.03	 why did you stop
-0.02	+0.01	 I didn't need it anymore I learned enough coping skills that we're good enough to be able to cast that aside and not depend upon any facet of treatment or anything else
-0.01	-0.04	 you feel therapy in Haysville
-0.01	-0.01	 yes I do feel it is
+0.01	+0.01	 can you tell me about that
+0.01	+0.01	 can you tell me about that
+0.02	-0.02	 it was on payday
-0.00	-0.02	 how'd your best friend
  [INFO] Predicted PHQ-8 score: 1.0

[20:31:47] → PID 651
prompt: -0.03	+0.02	behind you just
+0.03	-0.01	 where you from
-0.08	+0.00	 Too many people
+0.01	-0.06	 flank
+0.02	-0.05	 walk around
-0.07	+0.02	 I don't know I can't recall there isn't one that stands out
-0.06	+0.01	 tell me about the hardest decision
+0.01	-0.01	 tell me about
-0.02	+0.00	 have you ever
+0.02	-0.05	 I did
+0.03	-0.02	 how have you been feeling lately
-0.09	-0.04	 not really
-0.02	-0.01	 have you been diagnosed
-0.03	-0.05	 when was the last
+0.01	-0.05	 lunch
-0.06	-0.05	 influence is constant and so then there isn't a person
  [INFO] Predicted PHQ-8 score: 2.0

[20:31:50] → PID 652
prompt: -0.08	+0.02	 you know what the dod is going to use it for though
-0.01	+0.03	 bring up a virtual human for a second here you go
-0.01	+0.05	 and what's going to happen if she can ask you some questions and then when she's done she's going to say goodbye and then you're going to press this button over here let me know okay alright
-0.02	-0.03	 do you know how many questions or is it different for each person
+0.04	+0.06	 are you okay with this yes
+0.02	+0.03	 I'm experiencing different cultures and no different ways other people live
-0.02	+0.05	 what you do now
+0.00	-0.03	 somewhere in the middle neither wide sometimes I'm shy and sometimes I'm outgoing so it's somewhere in the middle of goes back and forth
-0.00	+0.04	 what are you do
-0.04	-0.05	 or keep it off and just lay down and have total silence close the window shades
-0.06	+0.03	 tell me about a situation that you wish you would have all different
+0.03	-0.03	 dealing with my younger brother
-0.01	-0.03	 let me think about that one
-0.08	+0.05	 travel education benefits to having a hard time dealing with the rest of the world so I wanted to get away
-0.04	-0.04	 actual is very easy it's say but even though I
+0.01	-0.03	 what did you do after the military
+0.03	-0.04	 I new way of looking at things
-0.04	-0.03	 how to deal with problems how to adapt to things I'll become
+0.03	-0.02	 how have you been feeling lately
+0.02	-0.04	 about it
-0.02	-0.01	 have you been diagnosed
+0.00	+0.01	 tell me more about that
-0.06	-0.01	 how do you cope with them
-0.02	-0.02	 do you still go to therapy now
+0.04	-0.05	 all right
-0.06	+0.02	 when is the last time
+0.03	-0.04	 when I was on the cruise so that will be between July 14th and 21st and when I was driving the speedboat down in Cozumel
-0.04	+0.03	 I could you repeat that
+0.01	+0.01	 can you tell me about that
-0.04	-0.05	 yeah I can tell it's a little work-in-progress there yeah
-0.07	+0.00	 just bear with me for a second on sling TV
  [INFO] Predicted PHQ-8 score: 3.0

[20:31:54] → PID 655
prompt: +0.04	+0.01	 okie dokie
+0.01	+0.00	 and please
+0.04	+0.06	 are you okay with this yes
-0.08	-0.01	 the crime the fast-paced anise
-0.00	+0.01	 what's on your mind
+0.01	-0.06	 outgoing
-0.05	+0.01	 what do you do
-0.03	-0.01	 when was the last time
-0.04	+0.02	 tell me about a situation that you wish you would handle
-0.00	-0.02	 the question
+0.01	-0.01	 tell me about Nevada or something that you were
+0.04	-0.04	 my entire military experience
+0.02	-0.02	 have you ever served
-0.00	+0.01	 did you ever see
+0.02	-0.01	 how did serving in the military change you
+0.03	-0.05	 all of the above
+0.00	+0.01	 tell me more about that
+0.02	+0.05	 my memories have slowly but surely started coming back to
-0.01	-0.04	 how long ago were
+0.03	-0.00	 tell me more about the
+0.03	-0.06	 how do you cook
+0.04	-0.05	 all right
+0.01	+0.01	 can you tell me about that
-0.02	+0.05	 being in a group situation it just lets me see that the things that I'm going through in the things that I'm feeling or not just me I'm not crazy
+0.03	-0.02	 I'm able to talk about
-0.00	-0.02	 good question
+0.01	+0.01	 can you tell me about that
-0.08	-0.04	 I didn't need the tissue after all
  [INFO] Predicted PHQ-8 score: 0.0

[20:32:02] → PID 656
/Users/kevinawang/Documents/GitHub/VA-classifier/src/utils/util.py:27: FutureWarning: You are using `torch.load` with `weights_only=False` (the current default value), which uses the default pickle module implicitly. It is possible to construct malicious pickle data which will execute arbitrary code during unpickling (See https://github.com/pytorch/pytorch/blob/main/SECURITY.md#untrusted-models for more details). In a future release, the default value for `weights_only` will be flipped to `True`. This limits the functions that could be executed during unpickling. Arbitrary objects will no longer be allowed to be loaded via this mode unless they are explicitly allowlisted by the user via `torch.serialization.add_safe_globals`. We recommend you start setting `weights_only=True` for any use case where you don't have full control of the loaded file. Please open an issue on GitHub for any issues related to this experimental feature.
  model.load_state_dict(torch.load(model_path, map_location=device))
Participants:  54%|█████▎    | 30/56 [03:08<02:21,  5.43s/it]Some weights of RobertaModel were not initialized from the model checkpoint at roberta-base and are newly initialized: ['roberta.pooler.dense.bias', 'roberta.pooler.dense.weight']
You should probably TRAIN this model on a down-stream task to be able to use it for predictions and inference.
/Users/kevinawang/Documents/GitHub/VA-classifier/src/utils/util.py:27: FutureWarning: You are using `torch.load` with `weights_only=False` (the current default value), which uses the default pickle module implicitly. It is possible to construct malicious pickle data which will execute arbitrary code during unpickling (See https://github.com/pytorch/pytorch/blob/main/SECURITY.md#untrusted-models for more details). In a future release, the default value for `weights_only` will be flipped to `True`. This limits the functions that could be executed during unpickling. Arbitrary objects will no longer be allowed to be loaded via this mode unless they are explicitly allowlisted by the user via `torch.serialization.add_safe_globals`. We recommend you start setting `weights_only=True` for any use case where you don't have full control of the loaded file. Please open an issue on GitHub for any issues related to this experimental feature.
  model.load_state_dict(torch.load(model_path, map_location=device))
Participants:  55%|█████▌    | 31/56 [03:12<02:07,  5.09s/it]Some weights of RobertaModel were not initialized from the model checkpoint at roberta-base and are newly initialized: ['roberta.pooler.dense.bias', 'roberta.pooler.dense.weight']
You should probably TRAIN this model on a down-stream task to be able to use it for predictions and inference.
/Users/kevinawang/Documents/GitHub/VA-classifier/src/utils/util.py:27: FutureWarning: You are using `torch.load` with `weights_only=False` (the current default value), which uses the default pickle module implicitly. It is possible to construct malicious pickle data which will execute arbitrary code during unpickling (See https://github.com/pytorch/pytorch/blob/main/SECURITY.md#untrusted-models for more details). In a future release, the default value for `weights_only` will be flipped to `True`. This limits the functions that could be executed during unpickling. Arbitrary objects will no longer be allowed to be loaded via this mode unless they are explicitly allowlisted by the user via `torch.serialization.add_safe_globals`. We recommend you start setting `weights_only=True` for any use case where you don't have full control of the loaded file. Please open an issue on GitHub for any issues related to this experimental feature.
  model.load_state_dict(torch.load(model_path, map_location=device))
Participants:  57%|█████▋    | 32/56 [03:23<02:39,  6.63s/it]Some weights of RobertaModel were not initialized from the model checkpoint at roberta-base and are newly initialized: ['roberta.pooler.dense.bias', 'roberta.pooler.dense.weight']
You should probably TRAIN this model on a down-stream task to be able to use it for predictions and inference.
prompt: -0.00	-0.01	I'll bring it by virtue of human for a second here so you can see what she looks like
+0.01	+0.00	 and please
+0.00	+0.06	 are you okay
-0.06	-0.03	 what are some things you don't
+0.02	-0.01	 the recap and catch up on things
+0.04	-0.05	 all right
-0.01	-0.02	 I guess it's who I am
+0.02	-0.00	 pretty much are you
-0.05	+0.02	 tell me about a situation that you wish you would have
-0.07	-0.04	 I'm not sure right now in that one
-0.05	-0.02	 I don't feel guilty about anything
+0.01	-0.01	 tell me about news
+0.04	+0.05	 there's nothing that I wish to erase for my memory everything that's there is there for a reason and I accept it that way and so there's that's just how I see it so it's just a part of your life part of the journey that you taken there's no reason for me to try to erase anything that already happened just as a part of me it makes me the person I am
+0.02	-0.02	 have you ever served
-0.06	-0.02	 felt obligated in some way to my family is
+0.03	+0.05	 I have but logical in the fat in my family that have been in the military but I felt obligated to you know the one of those who protected the country as well
+0.01	-0.03	 what did you do after the military
+0.02	-0.01	 how did serving in the military change you
+0.01	+0.00	 I might be more disciplined any more appreciation for my country and then maybe put things into priority right to life in the life events in how I do things HealthEast see things open up my eyes to bigger world and could help me in those respects
-0.03	-0.05	 I've been okay just a little tired cuz I've been sick recently but other than that but okay
-0.08	+0.01	 free v i don't toss and turn if I'm sleepy I'll go back I was asleep immediately so that issue right now
-0.02	-0.01	 have you ever been tag next
-0.03	-0.01	 when was the last time
+0.02	-0.04	 probably when I was with my family back East a couple of months ago
+0.03	-0.01	 we just been pretty a good example of what
+0.03	-0.05	 creative
  [INFO] Predicted PHQ-8 score: 1.0

[20:32:06] → PID 658
prompt: -0.11	+0.05	 to let me know it's all over
-0.04	-0.02	 and also just a caveat if at any point she pauses for an extraordinary long. Of time you know every everyone
+0.02	-0.04	 okay okay
+0.02	+0.02	 and please do
+0.03	+0.00	 as much as I used to Growing Up
-0.01	-0.01	 change quite a bit
+0.02	-0.06	 I'm a student
-0.03	+0.01	 wow I have quite a few I guess joining the military what do you want
-0.01	+0.03	 I can be either way
+0.00	-0.01	 sometimes when I'm feeling 10 I turn on the fish tank screensaver
-0.04	+0.05	 they they backed out but I let them go go ahead with the money just keep the money and just out yet
-0.06	-0.04	 people feelings
+0.01	+0.03	 mind-altering substances
-0.04	-0.03	 put the past behind me
-0.04	+0.06	 did you ever see combat
+0.02	-0.03	 there's also other
+0.02	-0.05	 if I have
-0.00	+0.00	 hyper-vigilance
-0.01	-0.05	 circumstances or events it
+0.02	+0.01	 that bring this about
-0.05	+0.05	 trying to make sense of my feelings yeah my emotions yeah
-0.07	-0.05	 my behavior
+0.01	-0.05	 do you still go to therapy
-0.08	+0.03	 why did you stop
-0.01	-0.04	 you feel therapy in Hughesville
+0.03	-0.05	 I do
+0.03	-0.05	 empower
+0.01	-0.05	 confident
+0.00	-0.05	 and maybe gotten some other out ternative yeah methods
+0.02	-0.01	 can you tell me about the
+0.03	-0.02	 become more humane
-0.00	+0.01	 find out who I was and
-0.08	-0.05	 detritus
  [INFO] Predicted PHQ-8 score: 12.0

[20:32:11] → PID 659
prompt: -0.01	-0.01	 and please feel
+0.04	+0.06	 are you okay with this yes
+0.01	-0.04	 activity going on lot and a lot more people but generally I'm a small-town type of person
-0.04	-0.06	 overcrowding cost of living
+0.03	+0.03	 as much as I can
+0.04	-0.05	 what you study
-0.09	-0.01	 all right now I am disabled and hopefully starting back to school in the fall
+0.04	+0.00	 a dream job was to be a chemical dependency counselor
-0.04	-0.04	 I just say it depends on the circumstances sometimes I can be quite withdrawn velvetizer iron would really outgoing I guess it just depends on this time
-0.10	+0.02	 sometimes I'm in really deep thought or have something going on internally so I don't really say a lot I got more observant at that time then I think there's something that needs to be said I'm not I'm not afraid of saying it
-0.03	+0.01	 how are you at controlling
-0.07	+0.02	 I rarely have an outburst it imma call him person my demeanor sometimes tells people otherwise but I'm really calm person that people say that I look mean but I'm not
-0.08	-0.04	 that's really hard to say it's probably
-0.01	+0.01	 what was going to happen it and move forward
-0.10	+0.03	 tell me about Nevada or something that you wish you could erase her memory
+0.00	+0.02	 I wouldn't ask say that probably wouldn't want to erase anything from my memory because I have grown and learned from every experience I've ever had in my life so I wouldn't say that I want to erase anything
+0.02	-0.03	 how old are you when you join the military was 19 years old
-0.04	+0.05	 appetizing and also I felt like I needed a break from academics but I knew I wanted to start it up again at some point but that didn't happen you know life happened I got married and then another. I say I'm still trying to complete a college education now at age 47 so
-0.09	+0.00	 it's a little of this a bit of a struggle you know when you serve in your car after you get used to being regimented and having a place to be every day and then all of a sudden you're free basically in and you don't don't have that that discipline in your life anymore so it's it's hard to to readjust
+0.02	-0.04	 see I was a security guard I worked in the bakery at a Safeway store
+0.02	-0.04	 working retail that's a lot of different jobs
+0.04	-0.05	 all right
+0.02	-0.01	 how did serving in the military change you
-0.04	-0.01	 have you noticed any changes in your behavior or thoughts lately
-0.09	-0.03	 time it's been over 10 years cuz all probably longer than that I don't remember the exact date
-0.03	-0.04	 nightmares
-0.11	-0.03	 I guess I have to get a
+0.02	-0.03	 I talked about it
+0.02	+0.05	 what got you to seek help
-0.05	-0.02	 professionals who are more able to differentiate with the alcohol problems from the other problems and
-0.06	-0.02	 old heavy luggage and leave it somewhere not carry it around you know it's like a
+0.01	-0.03	 all might
+0.01	+0.01	 can you tell me about that
-0.03	-0.01	 getting rid of bad feelings
+0.01	-0.05	 Cher
-0.05	-0.01	 I still have a lot with a long way to go
-0.03	-0.05	 when was the last
+0.02	-0.04	 my first of all my father
+0.04	-0.01	 I know I have some friend
  [INFO] Predicted PHQ-8 score: 12.0

[20:32:21] → PID 661
/Users/kevinawang/Documents/GitHub/VA-classifier/src/utils/util.py:27: FutureWarning: You are using `torch.load` with `weights_only=False` (the current default value), which uses the default pickle module implicitly. It is possible to construct malicious pickle data which will execute arbitrary code during unpickling (See https://github.com/pytorch/pytorch/blob/main/SECURITY.md#untrusted-models for more details). In a future release, the default value for `weights_only` will be flipped to `True`. This limits the functions that could be executed during unpickling. Arbitrary objects will no longer be allowed to be loaded via this mode unless they are explicitly allowlisted by the user via `torch.serialization.add_safe_globals`. We recommend you start setting `weights_only=True` for any use case where you don't have full control of the loaded file. Please open an issue on GitHub for any issues related to this experimental feature.
  model.load_state_dict(torch.load(model_path, map_location=device))
Participants:  59%|█████▉    | 33/56 [03:27<02:16,  5.94s/it]Some weights of RobertaModel were not initialized from the model checkpoint at roberta-base and are newly initialized: ['roberta.pooler.dense.bias', 'roberta.pooler.dense.weight']
You should probably TRAIN this model on a down-stream task to be able to use it for predictions and inference.
/Users/kevinawang/Documents/GitHub/VA-classifier/src/utils/util.py:27: FutureWarning: You are using `torch.load` with `weights_only=False` (the current default value), which uses the default pickle module implicitly. It is possible to construct malicious pickle data which will execute arbitrary code during unpickling (See https://github.com/pytorch/pytorch/blob/main/SECURITY.md#untrusted-models for more details). In a future release, the default value for `weights_only` will be flipped to `True`. This limits the functions that could be executed during unpickling. Arbitrary objects will no longer be allowed to be loaded via this mode unless they are explicitly allowlisted by the user via `torch.serialization.add_safe_globals`. We recommend you start setting `weights_only=True` for any use case where you don't have full control of the loaded file. Please open an issue on GitHub for any issues related to this experimental feature.
  model.load_state_dict(torch.load(model_path, map_location=device))
Participants:  61%|██████    | 34/56 [03:30<01:53,  5.16s/it]Some weights of RobertaModel were not initialized from the model checkpoint at roberta-base and are newly initialized: ['roberta.pooler.dense.bias', 'roberta.pooler.dense.weight']
You should probably TRAIN this model on a down-stream task to be able to use it for predictions and inference.
/Users/kevinawang/Documents/GitHub/VA-classifier/src/utils/util.py:27: FutureWarning: You are using `torch.load` with `weights_only=False` (the current default value), which uses the default pickle module implicitly. It is possible to construct malicious pickle data which will execute arbitrary code during unpickling (See https://github.com/pytorch/pytorch/blob/main/SECURITY.md#untrusted-models for more details). In a future release, the default value for `weights_only` will be flipped to `True`. This limits the functions that could be executed during unpickling. Arbitrary objects will no longer be allowed to be loaded via this mode unless they are explicitly allowlisted by the user via `torch.serialization.add_safe_globals`. We recommend you start setting `weights_only=True` for any use case where you don't have full control of the loaded file. Please open an issue on GitHub for any issues related to this experimental feature.
  model.load_state_dict(torch.load(model_path, map_location=device))
Participants:  62%|██████▎   | 35/56 [03:35<01:43,  4.91s/it]Some weights of RobertaModel were not initialized from the model checkpoint at roberta-base and are newly initialized: ['roberta.pooler.dense.bias', 'roberta.pooler.dense.weight']
You should probably TRAIN this model on a down-stream task to be able to use it for predictions and inference.
prompt: -0.02	-0.03	 okay so there's no she does look like comic character she looks like one of those like if you play The Sims
+0.04	-0.05	 all right
+0.04	+0.06	 are you okay with this yes
+0.03	-0.06	 in the Friday of people
+0.01	-0.02	 and the Hollywood movie stars and stuff being around very liberal really
+0.00	-0.05	 where do a lot of places
-0.09	-0.03	 things you don't really
-0.08	-0.03	 should I can be very impersonal
-0.03	+0.04	 and you know that we meet people you don't takes awhile to learn to trust him now I'll players in LA
+0.03	-0.02	 you travel a lot I used to
-0.03	+0.03	 got any more
-0.03	-0.02	 well I flew out to
+0.04	-0.02	 why you so fly a lot of the San Francisco area
+0.02	-0.04	 and I was with a group of people
-0.03	+0.02	 that was a mime or that one really you
-0.07	+0.00	 something on my thyroid there to take out
-0.10	+0.01	 now I get a veteran's pension kind of retired cuz I got PTSD and freshen it
+0.01	-0.00	 I like to be a crime scene investigator
+0.02	-0.04	 personal level with people I am
-0.03	+0.04	 mastectomy
-0.10	-0.01	 well I saw a therapist for 6 years dealing with anger issues after Vietnam veteran
-0.05	-0.04	 I'm on psych meds so I guess that controls it
-0.03	-0.01	 when was the last time
-0.01	-0.05	 she is felt like chicken
+0.03	-0.04	 tell me about Nevada
-0.02	+0.00	 have you ever
-0.01	+0.00	 well my mother thought it would be a good I was more of a hippie and stuff I got in the military with
+0.02	-0.05	 it would be a
-0.11	-0.00	 it would help straighten me out which I did help someone I did change after that but I had some problems after I left two
-0.04	-0.03	 did you ever think
+0.02	-0.04	 which is a kind of top security clearance clearance
-0.09	-0.01	 well I look back now I can see where some of the start drinking and
-0.01	+0.03	 what did you do
+0.02	-0.02	 well the first thing I did was get a job as a bartender mixed with people that I went to work for an insurance company
+0.03	-0.05	 Adele
-0.03	-0.05	 I left work at 16 years and Prosthetics and Orthotics
+0.02	-0.01	 how did serving in the military change you
-0.01	-0.02	 I get
+0.03	-0.00	 so I changed me in
-0.06	-0.04	 I don't think I've done that much you know
-0.05	-0.00	 have you noticed any changes in her behavior or
-0.01	-0.01	 so I try to play a computer game finally answer to getting my mind off stuff
+0.00	-0.02	 I get to
+0.03	-0.06	 how do you cook
+0.01	-0.06	 what continent is
-0.05	-0.03	 veterans rep cop me
+0.02	-0.01	 finally reach that point
+0.04	-0.03	 yes I go to group therapy once a week of it psichiatra sexy
+0.02	+0.01	 you feel therapy
+0.00	+0.01	 tell me more about that
-0.00	-0.02	 I'm pretty good at dominoes but
+0.03	-0.01	 I said I worked in a field process I fabricate a lot artificial limbs and braces and something people could use
+0.01	+0.05	 I was expecting
  [INFO] Predicted PHQ-8 score: 5.0

[20:32:25] → PID 663
prompt: -0.05	+0.04	 packing an alien
+0.04	+0.02	 Altoids yours again very very high-tech here there
+0.01	+0.00	 and please
-0.01	-0.02	 therefore most part of us
+0.02	-0.05	 you may begin
+0.02	-0.05	 where are you from originally Silicon Valley San Jose California Sunnyvale that area
-0.04	-0.04	 Happy's like bottle a would-be
+0.01	-0.03	 the multiple Court cultures that live here diverse excuse me diversity of it
+0.04	-0.05	 of course Tinseltown
+0.03	-0.01	 no pun intended
+0.03	-0.02	 you travel a lot I used to
+0.00	-0.05	 or I think about that one
-0.03	-0.01	 nothing in particular nothing individually jumps out of me
-0.10	+0.03	 can overcome it so you cannot so I will not be dependent upon the social services
+0.03	-0.05	 helping people self-reliance Independence
+0.01	-0.00	 good morning sky but I've learned overcome that when it's necessary
-0.04	+0.05	 why what
+0.01	-0.01	 tell me about
-0.04	-0.03	 it's better to respond than it is to reactants very hard to learn how to do
+0.02	+0.04	 it's been a while he started with my life
-0.07	-0.01	 that's open ended
+0.02	+0.01	 something you feel
+0.04	-0.05	 all right
-0.05	-0.01	 pass on that one
+0.01	-0.04	 see places I was a diver at the time it was in the Navy to become a diver what not
-0.00	+0.00	 what was that
-0.08	+0.02	 as you would think of it to be not on non-combat with a different country now lot of combat in the streets but
+0.03	-0.05	 does adjustments wasn't that difficult
+0.02	-0.01	 how did serving in the military change you
+0.04	+0.01	 it's open-ended
+0.01	-0.04	 more about that
-0.04	-0.00	 have you ever been tagged
-0.02	-0.01	 have you been diagnosed
-0.03	-0.05	 when was the last
-0.02	-0.01	 now we decide that question if occasion with my family
-0.02	-0.05	 set a reminder the next
+0.04	-0.05	 all right
+0.04	-0.04	 Define vibe
+0.04	-0.05	 all right
  [INFO] Predicted PHQ-8 score: 0.0

[20:32:28] → PID 664
prompt: -0.01	-0.05	kind of flies in here a little bit virtual of Mortal Kombat first real reality
+0.02	+0.01	 I'm quite certain that utilize a female for you know and soft touch or something
+0.02	+0.04	 yours is a female yeah of course
+0.04	-0.05	 all right
-0.01	-0.01	 and please feel
+0.03	-0.02	 your answers are
+0.00	+0.06	 are you okay
-0.01	-0.05	 now I proceed
+0.01	+0.05	 yeah hopefully we can get a handle on it
-0.03	-0.05	 why well job so I've been off work for a little while I'm self-employed and it's primarily I'm building my home based business in Long Beach so that kind of restrict my movement at this point in time but that's going to change in the next couple of months I believe
-0.02	-0.05	 why that would have to be female Orion sports or something like that
+0.02	+0.03	 do you consider yourself more shy or outgoing well it depends on the circumstances you know I believe God you know gave us two ears and one mouth one you know Mom to talk
-0.01	+0.02	 at appropriate times and two ears to listen more so you can understand what's going on and how to respond
+0.00	-0.03	 right right right
+0.02	-0.01	 well I think I'm pretty cool calm collected type of guy you know there aren't I am human and I do have feelings and you know I try to control those and respond not react but responding appropriately and you know kind of analyze my feelings emotions and and the origin of I'm feeling went when I'm discomfort it when I'm cool and when I'm in the flow I'm just you know an alignment with her
+0.03	-0.02	 and you know that when there's a decline in the overall anxiety frustration whatever
-0.04	+0.02	 tell me about a situation that you wish you would handle
-0.06	-0.05	 when actuality I don't have any events like that because it is what it is
-0.02	-0.05	 I was 20 years old
-0.01	-0.02	 I just decide to enlist in the military
+0.00	-0.04	 yes and actuality I am
-0.01	-0.03	 did you ever speak
+0.01	-0.05	 no I was a peacetime guy
+0.04	-0.04	 you know involve myself in several careers or or a jobs and
+0.00	-0.04	 live life and you know experience the highs the lows and in between sand
+0.04	-0.03	 just left continued on the Journey of life
-0.03	+0.03	 could you repeat that
-0.01	-0.04	 no I say you know random changes as far as perceptions and and
-0.09	-0.05	 you know nothing on your regular normal
+0.02	-0.02	 what would you say experience in life
-0.02	-0.03	 and within the city Inner Circle and why not
-0.01	-0.01	 tell me more about that about well which one
+0.03	+0.02	 you know pay attention to that because that's the essential to your you know performance and when I'm so I'm aware of that and
-0.04	-0.00	 have you ever been tagged
-0.02	-0.01	 have you been diagnosed
-0.03	-0.01	 when was the last time
-0.06	-0.06	 respectively, another man amongst my fellow man but
+0.01	+0.02	 are you there yet
+0.00	-0.05	 then I will pay you and walk you back over so you can just finish up with that post survey and Beads and
  [INFO] Predicted PHQ-8 score: 2.0

[20:32:33] → PID 666
/Users/kevinawang/Documents/GitHub/VA-classifier/src/utils/util.py:27: FutureWarning: You are using `torch.load` with `weights_only=False` (the current default value), which uses the default pickle module implicitly. It is possible to construct malicious pickle data which will execute arbitrary code during unpickling (See https://github.com/pytorch/pytorch/blob/main/SECURITY.md#untrusted-models for more details). In a future release, the default value for `weights_only` will be flipped to `True`. This limits the functions that could be executed during unpickling. Arbitrary objects will no longer be allowed to be loaded via this mode unless they are explicitly allowlisted by the user via `torch.serialization.add_safe_globals`. We recommend you start setting `weights_only=True` for any use case where you don't have full control of the loaded file. Please open an issue on GitHub for any issues related to this experimental feature.
  model.load_state_dict(torch.load(model_path, map_location=device))
Participants:  64%|██████▍   | 36/56 [03:40<01:40,  5.04s/it]Some weights of RobertaModel were not initialized from the model checkpoint at roberta-base and are newly initialized: ['roberta.pooler.dense.bias', 'roberta.pooler.dense.weight']
You should probably TRAIN this model on a down-stream task to be able to use it for predictions and inference.
/Users/kevinawang/Documents/GitHub/VA-classifier/src/utils/util.py:27: FutureWarning: You are using `torch.load` with `weights_only=False` (the current default value), which uses the default pickle module implicitly. It is possible to construct malicious pickle data which will execute arbitrary code during unpickling (See https://github.com/pytorch/pytorch/blob/main/SECURITY.md#untrusted-models for more details). In a future release, the default value for `weights_only` will be flipped to `True`. This limits the functions that could be executed during unpickling. Arbitrary objects will no longer be allowed to be loaded via this mode unless they are explicitly allowlisted by the user via `torch.serialization.add_safe_globals`. We recommend you start setting `weights_only=True` for any use case where you don't have full control of the loaded file. Please open an issue on GitHub for any issues related to this experimental feature.
  model.load_state_dict(torch.load(model_path, map_location=device))
Participants:  66%|██████▌   | 37/56 [03:45<01:37,  5.13s/it]Some weights of RobertaModel were not initialized from the model checkpoint at roberta-base and are newly initialized: ['roberta.pooler.dense.bias', 'roberta.pooler.dense.weight']
You should probably TRAIN this model on a down-stream task to be able to use it for predictions and inference.
/Users/kevinawang/Documents/GitHub/VA-classifier/src/utils/util.py:27: FutureWarning: You are using `torch.load` with `weights_only=False` (the current default value), which uses the default pickle module implicitly. It is possible to construct malicious pickle data which will execute arbitrary code during unpickling (See https://github.com/pytorch/pytorch/blob/main/SECURITY.md#untrusted-models for more details). In a future release, the default value for `weights_only` will be flipped to `True`. This limits the functions that could be executed during unpickling. Arbitrary objects will no longer be allowed to be loaded via this mode unless they are explicitly allowlisted by the user via `torch.serialization.add_safe_globals`. We recommend you start setting `weights_only=True` for any use case where you don't have full control of the loaded file. Please open an issue on GitHub for any issues related to this experimental feature.
  model.load_state_dict(torch.load(model_path, map_location=device))
Participants:  68%|██████▊   | 38/56 [03:49<01:25,  4.74s/it]Some weights of RobertaModel were not initialized from the model checkpoint at roberta-base and are newly initialized: ['roberta.pooler.dense.bias', 'roberta.pooler.dense.weight']
You should probably TRAIN this model on a down-stream task to be able to use it for predictions and inference.
prompt: -0.01	-0.01	 and please feel
-0.02	+0.02	 are you okay with this
-0.04	-0.05	 you travel a lot no I pretty I'm pretty much a homebody I pretty much stay in the area I used to travel a lot
+0.02	-0.05	 and the quality engineering for my Aerospace certificate
+0.03	+0.02	 you consider yourself more shy or outgoing I can go both ways on that
-0.11	-0.02	 sometimes I'm I'm standoffish shy but for the most part I'm not going
-0.00	-0.03	 out on the street or on the bus or driving wherever
-0.08	+0.02	 being able to focus on something it'll take your mind off other things that might you might be having a problem with her might be stressing you out that work for instance
-0.01	+0.02	 how would you say my reaction reactions
-0.01	-0.04	 two different situations
-0.04	+0.03	 tell me about a situation that you wish you were
-0.02	-0.00	 give you an incident
+0.02	-0.04	 I picked him up and dropped him off and then I had to go home for a little while and I was going to go back that night and I fell asleep on the couch
-0.08	-0.02	 the hardest decision
-0.00	-0.02	 all right back to think about that
+0.03	-0.04	 and my last 18 months was right here in
+0.03	+0.04	 I thought about it and go would like to still get drafted
-0.01	-0.04	 taught me quite a bit of discipline
-0.01	-0.03	 did you ever speak
+0.02	+0.01	 not as such we arrested a few people on drug bust in that type of thing back in the 70s
-0.02	-0.06	 most of it
+0.03	-0.06	 and I live
-0.01	-0.04	 to do after the military
-0.11	+0.02	 you're sorry to hear that but I took the option to use the GI bill for my education
-0.11	-0.03	 but I'm getting up there and unfortunately I'm still smoking on the lighter side of that I'm not as smoking as much as I used to
-0.01	-0.01	 have you noticed any change
+0.03	-0.02	 no I'm still focused it before work focused on getting into a permanent residence
-0.04	-0.04	 usually it's usually it's pretty easy I have those times when I'm tired to the point of where it's hard to fall asleep and sometimes I can just go to sleep right away
-0.09	-0.03	 little grouchy I guess a little grouchy but a cup of coffee and I'm usually through it and over it
-0.05	-0.01	 did you know you get up when you get down
-0.01	-0.04	 where was what With Friends
-0.01	-0.05	 my dad was in his retired army so he was away so I guess my grandfather was more of my my father's been the male figure in my in my life
+0.01	-0.04	 fishing
+0.03	-0.05	 she's doing her internship there is a doctorate in biology
-0.04	-0.05	 I think I've asked
  [INFO] Predicted PHQ-8 score: 2.0

[20:32:38] → PID 669
prompt: -0.09	+0.04	I just say I don't feel like I'm not
-0.04	-0.03	 is it a she or he
-0.02	-0.04	 her seen this before
+0.01	+0.00	 and please
+0.03	-0.04	 went to basic training in New Jersey at Fort Dix drafted into the army when I was 17
+0.02	-0.01	 do you travel a lot
-0.02	-0.03	 I traveled when I was younger when I got out of the military because I wasn't sure exactly what I was
+0.02	-0.01	 especially about it
+0.01	-0.04	 and I took a truck back taking a trip to Las Vegas
-0.06	-0.01	 because I used to be a gambler at one time but
+0.03	-0.05	 but I got my GED in the military
-0.00	-0.04	 I'm going to school I'm going to school in
-0.02	-0.03	 do you consider yourself more shy or outgoing
+0.03	-0.03	 watch live sports on TV
-0.05	+0.01	 I don't have a temper I don't get mad very out it takes a lot for me to get very very mad at somebody I'm cutting easygoing guy
-0.08	-0.02	 no not really and I I try to avoid trouble whenever I can sometimes you can't avoid it but I try
-0.00	-0.04	 when you live in that kind of environment you have to learn to live with other people and
-0.02	+0.00	 it's kind of rough but you do the best you can
+0.04	-0.05	 all right
+0.01	-0.05	 probably
-0.10	+0.02	 I probably in better better position now but
-0.03	+0.00	 it's too late to worry about that now so we have to move on
+0.01	-0.03	 have you ever served in the middle
+0.03	-0.02	 yes I was in the Army in Vietnam back in the day when I was 17
+0.00	-0.05	 how is your food service worker in the military
+0.04	+0.00	 17 I was drafted
-0.01	-0.01	 7 / 70 or 71 I can remember it's been a long time
+0.01	-0.05	 how was drafted
+0.02	-0.03	 so I went in the army
-0.07	-0.03	 it was well do the fact that I didn't go overseas or she combat it was fairly easy you know it was hard leaving home at that young age but it was fairly easy I didn't have much, I had some problems in the military but
-0.03	+0.02	 that's when I started traveling traveling a lot because I didn't know
+0.04	+0.03	 I'll be okay I'll be alright
+0.02	-0.05	 I just take it one day at a time
-0.01	-0.01	 have you noticed any changes
-0.04	-0.00	 have you ever been diagnosed
-0.06	-0.04	 such as I have medications for my anxiety and my depression things like that I have to have those but other than that I'd rather stay away from medications if possible
-0.02	-0.01	 I don't know I'm not an I really don't know I just like I started do some
+0.04	-0.05	 all right
-0.06	-0.01	 how do you cope with them
+0.01	-0.01	 how's the best way
+0.00	-0.02	 I can deal with things
+0.03	+0.05	 well I have an appointment tomorrow is a psychiatrist and yes I do
-0.03	+0.02	 so hopefully I get some help
-0.01	-0.00	 sad to say but it's true
-0.09	-0.03	 like I said I don't go on a regular basis so it's been a while I will see what happens tomorrow
-0.03	-0.05	 when was the last
+0.01	-0.05	 yes she has been for the last 3 years
-0.01	-0.02	 well I met her when she she's a paralegal and I met her during the time when my mom passed away and she was worth for the attorney that was helping us with the selling of the house Friday of the money in this and that we kind of went out for a cup of coffee and we started to
  [INFO] Predicted PHQ-8 score: 10.0

[20:32:44] → PID 676
prompt: +0.03	-0.04	she is
+0.01	+0.00	 and please
-0.01	-0.03	 the crowds and traffic
-0.00	-0.05	 how's the weather
-0.02	+0.05	 what you do now
-0.05	+0.01	 what do you do
+0.03	-0.05	 how do you look at TV or listen to music
-0.07	+0.04	 when was the last time you argue with them
-0.10	-0.04	 at the moment nothing
-0.10	-0.03	 the hardest decision would be
+0.01	+0.04	 have you ever seen
-0.04	-0.00	 have you noticed any changes in her behavior
-0.00	-0.02	 how do you
+0.02	-0.06	 graduating from Junior College
+0.04	-0.05	 all right
  [INFO] Predicted PHQ-8 score: 2.0

[20:32:47] → PID 679
/Users/kevinawang/Documents/GitHub/VA-classifier/src/utils/util.py:27: FutureWarning: You are using `torch.load` with `weights_only=False` (the current default value), which uses the default pickle module implicitly. It is possible to construct malicious pickle data which will execute arbitrary code during unpickling (See https://github.com/pytorch/pytorch/blob/main/SECURITY.md#untrusted-models for more details). In a future release, the default value for `weights_only` will be flipped to `True`. This limits the functions that could be executed during unpickling. Arbitrary objects will no longer be allowed to be loaded via this mode unless they are explicitly allowlisted by the user via `torch.serialization.add_safe_globals`. We recommend you start setting `weights_only=True` for any use case where you don't have full control of the loaded file. Please open an issue on GitHub for any issues related to this experimental feature.
  model.load_state_dict(torch.load(model_path, map_location=device))
Participants:  70%|██████▉   | 39/56 [03:54<01:20,  4.74s/it]Some weights of RobertaModel were not initialized from the model checkpoint at roberta-base and are newly initialized: ['roberta.pooler.dense.bias', 'roberta.pooler.dense.weight']
You should probably TRAIN this model on a down-stream task to be able to use it for predictions and inference.
/Users/kevinawang/Documents/GitHub/VA-classifier/src/utils/util.py:27: FutureWarning: You are using `torch.load` with `weights_only=False` (the current default value), which uses the default pickle module implicitly. It is possible to construct malicious pickle data which will execute arbitrary code during unpickling (See https://github.com/pytorch/pytorch/blob/main/SECURITY.md#untrusted-models for more details). In a future release, the default value for `weights_only` will be flipped to `True`. This limits the functions that could be executed during unpickling. Arbitrary objects will no longer be allowed to be loaded via this mode unless they are explicitly allowlisted by the user via `torch.serialization.add_safe_globals`. We recommend you start setting `weights_only=True` for any use case where you don't have full control of the loaded file. Please open an issue on GitHub for any issues related to this experimental feature.
  model.load_state_dict(torch.load(model_path, map_location=device))
Participants:  71%|███████▏  | 40/56 [04:02<01:29,  5.62s/it]Some weights of RobertaModel were not initialized from the model checkpoint at roberta-base and are newly initialized: ['roberta.pooler.dense.bias', 'roberta.pooler.dense.weight']
You should probably TRAIN this model on a down-stream task to be able to use it for predictions and inference.
/Users/kevinawang/Documents/GitHub/VA-classifier/src/utils/util.py:27: FutureWarning: You are using `torch.load` with `weights_only=False` (the current default value), which uses the default pickle module implicitly. It is possible to construct malicious pickle data which will execute arbitrary code during unpickling (See https://github.com/pytorch/pytorch/blob/main/SECURITY.md#untrusted-models for more details). In a future release, the default value for `weights_only` will be flipped to `True`. This limits the functions that could be executed during unpickling. Arbitrary objects will no longer be allowed to be loaded via this mode unless they are explicitly allowlisted by the user via `torch.serialization.add_safe_globals`. We recommend you start setting `weights_only=True` for any use case where you don't have full control of the loaded file. Please open an issue on GitHub for any issues related to this experimental feature.
  model.load_state_dict(torch.load(model_path, map_location=device))
Participants:  73%|███████▎  | 41/56 [04:10<01:37,  6.51s/it]Some weights of RobertaModel were not initialized from the model checkpoint at roberta-base and are newly initialized: ['roberta.pooler.dense.bias', 'roberta.pooler.dense.weight']
You should probably TRAIN this model on a down-stream task to be able to use it for predictions and inference.
prompt: +0.01	+0.00	 and please
+0.03	-0.01	 where you from
+0.03	-0.02	 what about you
-0.01	+0.01	 it's a lot of stuff to do
+0.01	-0.04	 you know
-0.10	+0.06	 and that's it really
-0.11	+0.01	 population is crowded
-0.07	-0.02	 and that's kind of it and police like police
+0.02	-0.05	 being in the military
+0.01	-0.04	 you know
+0.01	-0.05	 last day of school
-0.04	+0.03	 how do I get my dear
+0.01	-0.06	 outgoing
-0.01	-0.05	 I said basketball run
-0.00	-0.05	 a long time ago it was about money of course as usual about
+0.04	-0.03	 so you know
-0.00	+0.05	 I was already did that different but you know I did it so
-0.07	-0.01	 nothing really
-0.02	-0.03	 not that I can think of right now
-0.06	+0.04	 hard decision I've ever had to make was a
+0.03	-0.05	 going to military
+0.01	-0.01	 tell me about
-0.09	+0.01	 but if I can erase that memory
-0.01	-0.05	 I was on 17 about to be 18
+0.03	-0.02	 yes I did
-0.08	-0.02	 I don't think I killed anybody so
-0.06	-0.05	 kind of easy because I don't want to be in service anyway
+0.01	-0.03	 you know that I mean I was used to it by then that when I was in the 3-4 years already I was used to it but you know it's easy to transition back to civilian life
-0.00	-0.02	 my real parents my biological parents and I got just got into security work
-0.01	-0.03	 no changes just same-o me yo
-0.02	+0.01	 so what
+0.02	-0.04	 cranky
+0.03	-0.02	 do you know
-0.07	-0.02	 asshole I'm a sophomore but not really I just retired you know I have to get some sleep but I'll try to sneak some sleep into today
+0.01	-0.04	 you know something like that
+0.04	-0.05	 all right
-0.02	-0.01	 have you been diagnosed
-0.03	-0.03	 to myself
+0.01	-0.03	 I don't have a best friend but people would describe me as nice person quiet you know take tries to take care of his business
-0.09	-0.02	 you know I'm trying to just treat people Fair that's it
+0.01	-0.05	 Illuminati
-0.02	+0.03	 the ringer right here
-0.03	-0.04	 maybe she left one in here and one minute
  [INFO] Predicted PHQ-8 score: 2.0

[20:32:52] → PID 682
prompt: -0.02	-0.04	so they had
-0.00	+0.00	 she feeling before it is that enough space
+0.00	+0.04	 so again when she's done she's going to say goodbye and then you're going to press this button let me know you okay
+0.01	+0.00	 and please
-0.02	+0.04	 are you okay with this sure
+0.02	+0.02	 I want to be a private investigator
-0.03	-0.05	 when was the last
-0.01	-0.04	 it's been awhile
-0.11	-0.01	 I think I argue with my brother about going back to work
-0.03	+0.06	 not being a better dad for my boys
+0.01	-0.01	 tell me about
-0.08	-0.00	 probably going into the army that was a tough decision
+0.03	-0.02	 how have you been feeling lately
-0.05	-0.03	 better the last
-0.01	-0.01	 have you noticed any changes
-0.02	-0.01	 have you been diagnosed
+0.02	-0.05	 my brother
+0.02	-0.02	 how do your best friend describe
  [INFO] Predicted PHQ-8 score: 8.0

[20:33:00] → PID 683
prompt: -0.00	-0.03	very long
-0.05	-0.00	 hussy
-0.02	+0.05	 it made it onto the camera so Jesus asked the other lady if she wanted me to put it on my forehead
+0.01	-0.01	 there she is
+0.01	-0.01	 how many different types of characters do you have
-0.04	+0.02	 what's real
+0.04	+0.06	 are you okay with this yes
-0.06	-0.03	 what are some things you don't
-0.07	-0.04	 deeper than it being too many people there are also
+0.04	-0.05	 considerate
-0.01	-0.05	 it was probably due to the volume of people in it
+0.01	-0.02	 not in the form of sense but I work in transportation so I was on the road a lot doing a lot of covered a lot of territory over 800,000 miles and the last six years just in Southern California
-0.03	-0.05	 not isolated in what area
-0.03	+0.01	 in what respect
+0.00	-0.05	 college or High School
+0.03	-0.05	 and I'm currently a student 20 years later again business management and cinematographer cinematography cinematography as well as a minor
+0.04	-0.05	 all right
-0.04	-0.01	 you consider yourself more shy or outgoing shy outgoing because I have to be
+0.01	-0.06	 distant
-0.05	+0.00	 that's really not to relax that's really to unwind and get myself out of the tension that I might be in
-0.03	+0.01	 tell me about a situation that you wish you would
+0.01	+0.04	 have you ever seen
+0.01	-0.01	 not at first but in hindsight looking back yes
-0.04	-0.03	 did you ever think
-0.01	-0.02	 or what other personality or whatever you call it
+0.00	-0.05	 I never left it I was there as a worker
-0.02	-0.04	 and just really was a pretty much the same as just changing jobs now
-0.01	-0.04	 to do after the military
+0.04	-0.05	 went back to the job that I had before when I was working with the u.s. steel
-0.00	+0.01	 what is serving in the military change you
+0.03	-0.02	 how have you been feeling lately
-0.02	+0.04	 no but I'll try to I
+0.01	+0.01	 can you tell me about that
-0.07	-0.02	 with basically almost everybody that I've tried to confide in
-0.10	+0.01	 have you ever been diagnosed with p
-0.11	-0.03	 that treatment ended probably and all of the symptoms with it probably 3 to 5 years ago 3 years ago I think
-0.07	-0.02	 that's interferon
-0.03	-0.03	 interferon and ribavirin to drugs that they used to treat cancer and also in the treatment of hepatitis-c currently
-0.06	-0.01	 how do you cope with them
-0.07	+0.01	 the itching we're talkin about chemical cause being chemically induced as opposed to psychologically
-0.01	+0.00	 do you feel therapy
+0.00	-0.00	 show me more about that
-0.03	-0.04	 that is over but the changes since going to therapy
-0.02	-0.03	 in a long time
-0.02	-0.05	 just a little just enough to keep me saying I think
-0.03	-0.01	 there are elected without being you know listing of the risk of being casciac my father but other than that of positive influence in my life have been many mostly the men that I worked with while working it was a younger man
-0.05	+0.01	 been honest
  [INFO] Predicted PHQ-8 score: 2.0

[20:33:08] → PID 688
/Users/kevinawang/Documents/GitHub/VA-classifier/src/utils/util.py:27: FutureWarning: You are using `torch.load` with `weights_only=False` (the current default value), which uses the default pickle module implicitly. It is possible to construct malicious pickle data which will execute arbitrary code during unpickling (See https://github.com/pytorch/pytorch/blob/main/SECURITY.md#untrusted-models for more details). In a future release, the default value for `weights_only` will be flipped to `True`. This limits the functions that could be executed during unpickling. Arbitrary objects will no longer be allowed to be loaded via this mode unless they are explicitly allowlisted by the user via `torch.serialization.add_safe_globals`. We recommend you start setting `weights_only=True` for any use case where you don't have full control of the loaded file. Please open an issue on GitHub for any issues related to this experimental feature.
  model.load_state_dict(torch.load(model_path, map_location=device))
Participants:  75%|███████▌  | 42/56 [04:15<01:25,  6.07s/it]Some weights of RobertaModel were not initialized from the model checkpoint at roberta-base and are newly initialized: ['roberta.pooler.dense.bias', 'roberta.pooler.dense.weight']
You should probably TRAIN this model on a down-stream task to be able to use it for predictions and inference.
/Users/kevinawang/Documents/GitHub/VA-classifier/src/utils/util.py:27: FutureWarning: You are using `torch.load` with `weights_only=False` (the current default value), which uses the default pickle module implicitly. It is possible to construct malicious pickle data which will execute arbitrary code during unpickling (See https://github.com/pytorch/pytorch/blob/main/SECURITY.md#untrusted-models for more details). In a future release, the default value for `weights_only` will be flipped to `True`. This limits the functions that could be executed during unpickling. Arbitrary objects will no longer be allowed to be loaded via this mode unless they are explicitly allowlisted by the user via `torch.serialization.add_safe_globals`. We recommend you start setting `weights_only=True` for any use case where you don't have full control of the loaded file. Please open an issue on GitHub for any issues related to this experimental feature.
  model.load_state_dict(torch.load(model_path, map_location=device))
Participants:  77%|███████▋  | 43/56 [04:19<01:11,  5.51s/it]Some weights of RobertaModel were not initialized from the model checkpoint at roberta-base and are newly initialized: ['roberta.pooler.dense.bias', 'roberta.pooler.dense.weight']
You should probably TRAIN this model on a down-stream task to be able to use it for predictions and inference.
/Users/kevinawang/Documents/GitHub/VA-classifier/src/utils/util.py:27: FutureWarning: You are using `torch.load` with `weights_only=False` (the current default value), which uses the default pickle module implicitly. It is possible to construct malicious pickle data which will execute arbitrary code during unpickling (See https://github.com/pytorch/pytorch/blob/main/SECURITY.md#untrusted-models for more details). In a future release, the default value for `weights_only` will be flipped to `True`. This limits the functions that could be executed during unpickling. Arbitrary objects will no longer be allowed to be loaded via this mode unless they are explicitly allowlisted by the user via `torch.serialization.add_safe_globals`. We recommend you start setting `weights_only=True` for any use case where you don't have full control of the loaded file. Please open an issue on GitHub for any issues related to this experimental feature.
  model.load_state_dict(torch.load(model_path, map_location=device))
Participants:  79%|███████▊  | 44/56 [04:25<01:07,  5.61s/it]Some weights of RobertaModel were not initialized from the model checkpoint at roberta-base and are newly initialized: ['roberta.pooler.dense.bias', 'roberta.pooler.dense.weight']
You should probably TRAIN this model on a down-stream task to be able to use it for predictions and inference.
/Users/kevinawang/Documents/GitHub/VA-classifier/src/utils/util.py:27: FutureWarning: You are using `torch.load` with `weights_only=False` (the current default value), which uses the default pickle module implicitly. It is possible to construct malicious pickle data which will execute arbitrary code during unpickling (See https://github.com/pytorch/pytorch/blob/main/SECURITY.md#untrusted-models for more details). In a future release, the default value for `weights_only` will be flipped to `True`. This limits the functions that could be executed during unpickling. Arbitrary objects will no longer be allowed to be loaded via this mode unless they are explicitly allowlisted by the user via `torch.serialization.add_safe_globals`. We recommend you start setting `weights_only=True` for any use case where you don't have full control of the loaded file. Please open an issue on GitHub for any issues related to this experimental feature.
  model.load_state_dict(torch.load(model_path, map_location=device))
Participants:  80%|████████  | 45/56 [04:30<00:59,  5.39s/it]Some weights of RobertaModel were not initialized from the model checkpoint at roberta-base and are newly initialized: ['roberta.pooler.dense.bias', 'roberta.pooler.dense.weight']
You should probably TRAIN this model on a down-stream task to be able to use it for predictions and inference.
/Users/kevinawang/Documents/GitHub/VA-classifier/src/utils/util.py:27: FutureWarning: You are using `torch.load` with `weights_only=False` (the current default value), which uses the default pickle module implicitly. It is possible to construct malicious pickle data which will execute arbitrary code during unpickling (See https://github.com/pytorch/pytorch/blob/main/SECURITY.md#untrusted-models for more details). In a future release, the default value for `weights_only` will be flipped to `True`. This limits the functions that could be executed during unpickling. Arbitrary objects will no longer be allowed to be loaded via this mode unless they are explicitly allowlisted by the user via `torch.serialization.add_safe_globals`. We recommend you start setting `weights_only=True` for any use case where you don't have full control of the loaded file. Please open an issue on GitHub for any issues related to this experimental feature.
  model.load_state_dict(torch.load(model_path, map_location=device))
Participants:  82%|████████▏ | 46/56 [04:38<01:02,  6.21s/it]Some weights of RobertaModel were not initialized from the model checkpoint at roberta-base and are newly initialized: ['roberta.pooler.dense.bias', 'roberta.pooler.dense.weight']
You should probably TRAIN this model on a down-stream task to be able to use it for predictions and inference.
prompt: -0.04	+0.02	 I realized just like the size of the town I've been through since I got something to do
-0.02	-0.03	 excuse me
-0.01	-0.04	 going up the camera Zuma
-0.02	-0.05	 I'm not retired I really don't do anything
-0.06	-0.05	 do you consider yourself more shy or outgoing pretty shy person
-0.04	-0.02	 really I found was never very close so I can wear military family how much everybody did their own thing and we did all get together for so don't worry. But it was you watching TV
-0.00	-0.03	 so I don't have really have a problem my temper at all
+0.01	-0.06	 wow
+0.01	-0.04	 loja
-0.06	-0.04	 my last sunrise of the military has
-0.06	+0.03	 how do I stay with her
-0.10	-0.00	 tell me about the hardest
+0.02	-0.04	 yeah it's been 11 years in the army
-0.03	-0.05	 I got down after the whenever doing the draw down after the first Gulf War Desert Storm
+0.01	-0.03	 how old were you when you done
+0.03	-0.02	 thinking about anyting
-0.10	+0.02	 no I did I never saw, but I was supposed to deploy you over there but by the time my appointment world around the war was already over
+0.01	-0.02	 how easy was it for you to go back to civilian life
-0.00	-0.02	 and after work and worry about I just looked up my GI Bill
+0.01	-0.05	 dresses was pretty easy I mean every now and then I'm there once upon a time this time as the comradery
+0.02	-0.01	 how did serving in the military change you
+0.02	-0.06	 I was
-0.02	-0.02	 do I get my thoughts organized
+0.04	-0.01	 basically just got me Focus to go back to school
-0.01	-0.05	 how did the feeling lately
-0.05	-0.03	 how do I feel lately
-0.02	-0.01	 like I said it's as soon as I can recently
-0.07	-0.03	 I'm trying to
-0.09	-0.01	 trying to break out of that but
-0.00	-0.05	 was pretty much every night
-0.00	+0.02	 but I just said
+0.01	+0.01	 can you tell me about that
+0.03	+0.00	 all right, Missouri restaurant in my feelings
-0.04	+0.01	 you know that I have any room coping skills that I use I mean
-0.03	-0.03	 when I start getting out
+0.00	-0.03	 you still go to therapy now
-0.03	-0.02	 assume I see a psychiatrist about every 6 days a week so yeah I do
+0.04	-0.05	 actual reviews of the doctor I've got here in the Long Beach VA
+0.01	-0.05	 NFL therapist you swab
-0.02	-0.01	 ended up at us vets in here in Long Beach around a concert
+0.02	-0.05	 couple of guys that were
+0.03	-0.05	 what are some Citrus I've been at were pretty straightforward guys and I mean
-0.04	+0.01	 I joke all the time which month are sister defense mechanism to avoid taking everything seriously
-0.07	+0.00	 almost driving on life
-0.03	+0.03	 I mean it was
-0.04	-0.04	 how's it going to stick to a McClain over 3 years now
-0.04	-0.05	 I think I've asked
  [INFO] Predicted PHQ-8 score: 3.0

[20:33:13] → PID 689
prompt: +0.02	-0.04	 okay okay
-0.08	-0.01	 goodbye okay okay
-0.01	+0.00	 I'll turn around
-0.01	-0.01	 and please feel
+0.00	+0.06	 are you okay
+0.01	-0.05	 universities
-0.10	-0.02	 crime crowded
+0.04	-0.06	 nursing Healthcare
+0.01	-0.06	 riding
-0.02	-0.03	 it was about calling him and using the
+0.01	-0.06	 differently
+0.02	-0.06	 going to
+0.02	-0.06	 probably being in the military
-0.00	-0.06	 distrust
+0.02	-0.04	 okay okay
-0.02	-0.02	 have you ever been tag cast
-0.02	-0.06	 well it was like that
-0.07	-0.00	 just counseling counseling in counseling and trying to overcome a fear of heights
+0.02	+0.04	 you still going to therapy now yes
-0.01	+0.01	 you feel therapy in Hughesville yes
+0.04	-0.03	 tengas
+0.02	-0.05	 there's a there's a psychologist there a psychiatrist at the women's health clinic in West LA
-0.01	-0.04	 like I said antique shopping probably
  [INFO] Predicted PHQ-8 score: 2.0

[20:33:18] → PID 691
prompt: -0.02	-0.00	where are the cameras I see that one
+0.01	+0.00	 and please
+0.03	-0.01	 where you from
+0.01	-0.04	 you know
+0.01	-0.03	 I'm sure
-0.05	+0.03	 no money that's a big part of it and that there's no money no time
-0.05	+0.01	 what happened
-0.05	-0.01	 nothing I'm unemployed so I stayed
+0.00	-0.01	 sometimes when I'm feeling 10 I turn on the fish tank screensaver
+0.01	-0.01	 tell me about
+0.04	-0.05	 all right
+0.02	-0.03	 so there
+0.03	-0.04	 tell me about Nevada
-0.02	+0.00	 have you ever
+0.01	-0.03	 how old were you when you done
-0.06	-0.00	 yes or no
-0.05	+0.00	 real yes or no
-0.11	+0.03	 that's okay you didn't do it
+0.02	-0.04	 be worked at the airport California rather so you know bunch of different things
+0.03	+0.01	 so you know it kind of shows you how people can really be
+0.04	+0.05	 so yeah that's how change me
+0.03	-0.02	 how do you get feeling lately
-0.09	+0.05	 how easy is it for you to get a good night sleep I don't know it's almost impossible
-0.02	+0.00	 have you ever
-0.06	+0.04	 you know that's a good read that's a good answer I mean good question I don't know it just crowns and strange people come in and closer to me and everything else I don't know what that might be it. Just
-0.03	-0.00	 usually I try and get away from the crowd you know that's how I cope with them that I usually just trying to get away from the crowd not focus so much on it but it ain't hard specially if you got to be there but yeah I just kind of stay to myself and watch everything moving
-0.03	+0.03	 I should go
-0.01	-0.01	 so you know cuz it's always been I might have moments where you don't say everything's cool and it's a good day or whatever but
-0.01	+0.03	 is it all right if you say so
-0.03	-0.02	 who's the real life
-0.03	-0.03	 a page out of her book with that one you know everything's not always all bet
-0.02	+0.04	 damn what was it cuz we just did it not too long ago
+0.01	-0.03	 you know we
+0.01	-0.04	 because they're
-0.03	-0.02	 I started out that way but then I got
-0.02	+0.04	 I think I've asked everything I need to know
-0.09	-0.05	 will the next part of this study is reduced
  [INFO] Predicted PHQ-8 score: 9.0

[20:33:23] → PID 693
prompt: +0.02	-0.02	 what can go wrong with candy well
+0.04	+0.06	 are you okay with this yes
+0.02	-0.05	 bye
+0.00	-0.05	 it's
-0.02	+0.05	 what's my what
-0.01	-0.05	 mix of both
-0.11	-0.00	 I try to control it
-0.07	+0.04	 when was the last time you argue with them
-0.05	-0.02	 my response to people sometime I would hope that I would try to think a little
-0.01	-0.01	 I don't forget about anything unless you specifically you know time
+0.03	-0.02	 tell me about the
-0.02	+0.00	 have you ever
+0.02	+0.02	 why'd you decide to
+0.01	-0.02	 how easy was it for you to go back to civilian life
+0.02	-0.01	 how did serving in the military change you
+0.00	-0.04	 flare up Jeopardy no irritable
+0.01	-0.02	 have you ever been
-0.03	-0.05	 when was the last
-0.02	-0.03	 would that be
+0.01	-0.06	 crazy
+0.00	-0.06	 spontaneously
  [INFO] Predicted PHQ-8 score: 2.0

[20:33:28] → PID 696
prompt: +0.03	-0.01	I'm going to bring her up on the screen
+0.00	-0.01	 wow okay
-0.01	-0.01	 and please feel
+0.00	+0.06	 are you okay
+0.03	-0.01	 where you from
+0.04	-0.04	 gachi
+0.03	-0.05	 I'm attending school still
+0.00	+0.01	 tell me more about that
+0.01	-0.03	 have you ever served in the middle
+0.00	+0.03	 yes I've told you that
+0.04	-0.05	 all right
-0.01	-0.03	 did you ever speak
+0.04	-0.05	 all right
+0.02	-0.01	 how did serving in the military change you
-0.05	+0.02	 no stress
-0.11	+0.06	 I know not worried about my future and I've been concerned plan ahead
-0.07	-0.03	 not too easy stay up a lot
-0.02	-0.04	 have you ever been typing
+0.01	-0.03	 mood changing
+0.02	-0.05	 workout
+0.00	+0.01	 tell me more about that
-0.00	+0.00	 work out the other day that it's a donut day parade on the night before I go to sleep
+0.01	+0.01	 speaking to somebody somebody listening to you
-0.01	+0.00	 say how you feel
+0.01	-0.04	 major changes
-0.01	-0.03	 keep on going to work
+0.00	-0.02	 impressive she went to school, bachelor's degree stop smoking cigarettes
+0.04	-0.04	 what's the Orange County Fair
+0.03	-0.06	 travel around the country around the world
+0.02	-0.02	 gotcha
  [INFO] Predicted PHQ-8 score: 2.0

[20:33:36] → PID 699
/Users/kevinawang/Documents/GitHub/VA-classifier/src/utils/util.py:27: FutureWarning: You are using `torch.load` with `weights_only=False` (the current default value), which uses the default pickle module implicitly. It is possible to construct malicious pickle data which will execute arbitrary code during unpickling (See https://github.com/pytorch/pytorch/blob/main/SECURITY.md#untrusted-models for more details). In a future release, the default value for `weights_only` will be flipped to `True`. This limits the functions that could be executed during unpickling. Arbitrary objects will no longer be allowed to be loaded via this mode unless they are explicitly allowlisted by the user via `torch.serialization.add_safe_globals`. We recommend you start setting `weights_only=True` for any use case where you don't have full control of the loaded file. Please open an issue on GitHub for any issues related to this experimental feature.
  model.load_state_dict(torch.load(model_path, map_location=device))
Participants:  84%|████████▍ | 47/56 [04:45<00:58,  6.50s/it]Some weights of RobertaModel were not initialized from the model checkpoint at roberta-base and are newly initialized: ['roberta.pooler.dense.bias', 'roberta.pooler.dense.weight']
You should probably TRAIN this model on a down-stream task to be able to use it for predictions and inference.
/Users/kevinawang/Documents/GitHub/VA-classifier/src/utils/util.py:27: FutureWarning: You are using `torch.load` with `weights_only=False` (the current default value), which uses the default pickle module implicitly. It is possible to construct malicious pickle data which will execute arbitrary code during unpickling (See https://github.com/pytorch/pytorch/blob/main/SECURITY.md#untrusted-models for more details). In a future release, the default value for `weights_only` will be flipped to `True`. This limits the functions that could be executed during unpickling. Arbitrary objects will no longer be allowed to be loaded via this mode unless they are explicitly allowlisted by the user via `torch.serialization.add_safe_globals`. We recommend you start setting `weights_only=True` for any use case where you don't have full control of the loaded file. Please open an issue on GitHub for any issues related to this experimental feature.
  model.load_state_dict(torch.load(model_path, map_location=device))
Participants:  86%|████████▌ | 48/56 [04:50<00:46,  5.78s/it]Some weights of RobertaModel were not initialized from the model checkpoint at roberta-base and are newly initialized: ['roberta.pooler.dense.bias', 'roberta.pooler.dense.weight']
You should probably TRAIN this model on a down-stream task to be able to use it for predictions and inference.
/Users/kevinawang/Documents/GitHub/VA-classifier/src/utils/util.py:27: FutureWarning: You are using `torch.load` with `weights_only=False` (the current default value), which uses the default pickle module implicitly. It is possible to construct malicious pickle data which will execute arbitrary code during unpickling (See https://github.com/pytorch/pytorch/blob/main/SECURITY.md#untrusted-models for more details). In a future release, the default value for `weights_only` will be flipped to `True`. This limits the functions that could be executed during unpickling. Arbitrary objects will no longer be allowed to be loaded via this mode unless they are explicitly allowlisted by the user via `torch.serialization.add_safe_globals`. We recommend you start setting `weights_only=True` for any use case where you don't have full control of the loaded file. Please open an issue on GitHub for any issues related to this experimental feature.
  model.load_state_dict(torch.load(model_path, map_location=device))
Participants:  88%|████████▊ | 49/56 [04:56<00:41,  5.87s/it]Some weights of RobertaModel were not initialized from the model checkpoint at roberta-base and are newly initialized: ['roberta.pooler.dense.bias', 'roberta.pooler.dense.weight']
You should probably TRAIN this model on a down-stream task to be able to use it for predictions and inference.
/Users/kevinawang/Documents/GitHub/VA-classifier/src/utils/util.py:27: FutureWarning: You are using `torch.load` with `weights_only=False` (the current default value), which uses the default pickle module implicitly. It is possible to construct malicious pickle data which will execute arbitrary code during unpickling (See https://github.com/pytorch/pytorch/blob/main/SECURITY.md#untrusted-models for more details). In a future release, the default value for `weights_only` will be flipped to `True`. This limits the functions that could be executed during unpickling. Arbitrary objects will no longer be allowed to be loaded via this mode unless they are explicitly allowlisted by the user via `torch.serialization.add_safe_globals`. We recommend you start setting `weights_only=True` for any use case where you don't have full control of the loaded file. Please open an issue on GitHub for any issues related to this experimental feature.
  model.load_state_dict(torch.load(model_path, map_location=device))
Participants:  89%|████████▉ | 50/56 [05:00<00:32,  5.38s/it]Some weights of RobertaModel were not initialized from the model checkpoint at roberta-base and are newly initialized: ['roberta.pooler.dense.bias', 'roberta.pooler.dense.weight']
You should probably TRAIN this model on a down-stream task to be able to use it for predictions and inference.
prompt: -0.07	+0.06	 I need to see
-0.03	+0.00	 okay good cuz I'm having a problem saying that's fine
+0.01	+0.00	 and please
+0.04	+0.06	 are you okay with this yes
+0.01	-0.04	 I move around quite a bit
-0.08	-0.05	 I'm a disabled veteran
-0.05	-0.01	 sometimes when I'm feeling 10
-0.05	+0.01	 what do you do
+0.02	-0.05	 sometimey
-0.08	-0.02	 nothing right now
-0.10	-0.03	 not being a good father
+0.01	-0.01	 tell me about
+0.03	+0.06	 the most presidents organization I've ever been in
+0.04	-0.05	 all right
-0.02	+0.02	 how easy was it for you to go back
+0.02	-0.05	 how to understand
+0.02	-0.01	 we're about a lot of things
+0.01	+0.01	 can you tell me about that
-0.07	-0.05	 my behavior
-0.01	-0.05	 what's
+0.02	-0.03	 a lot of things
-0.06	-0.01	 how do you cope with them
-0.01	-0.04	 you feel therapy in Haysville
+0.02	+0.05	 I understand me more
-0.03	-0.01	 when was the last time
  [INFO] Predicted PHQ-8 score: 5.0

[20:33:44] → PID 705
prompt: -0.03	-0.05	 not a problem
+0.01	-0.01	 there she is
+0.01	+0.00	 and please
+0.00	+0.06	 are you okay
-0.07	-0.02	 too many cities
+0.03	-0.05	 just in general
-0.02	-0.02	 well memorable good or memorable bad
+0.03	-0.05	 I do
-0.03	-0.04	 more try
+0.01	-0.06	 hey
-0.00	-0.02	 so that it would change
+0.01	-0.01	 tell me about Nevada or something that you were
-0.05	+0.00	 how old are you when you don't
-0.04	-0.03	 basically it was an escape method
-0.00	+0.01	 did you ever see
+0.04	-0.05	 all right
-0.02	+0.01	 how easy was it for you to
+0.01	-0.03	 what did you do after the military
+0.02	-0.01	 how did serving in the military change you
+0.03	-0.02	 how have you been feeling lately
-0.02	-0.03	 how easy is it for you to get a good night sleep not very
+0.04	-0.05	 all right
-0.04	-0.01	 have you ever been tagged us
-0.03	-0.04	 nightmares
+0.01	+0.01	 can you tell me about that
+0.01	+0.03	 do you still go to therapy now yes
-0.02	-0.03	 you feel therapy in Gainesville
-0.10	-0.05	 I'm not sure yet
+0.04	-0.05	 all right
-0.02	-0.04	 none yet
-0.03	-0.01	 when was the last time
+0.01	+0.01	 can you tell me about that
-0.05	-0.04	 just haven't found anybody that would fit the bill I guess for inspiring or
  [INFO] Predicted PHQ-8 score: 0.0

[20:33:48] → PID 708
prompt: -0.01	-0.05	Minister for camcorder recording when I reach the human from
-0.00	-0.04	 one of my trips Japan you know when I got to Japan only stayed for 6 months but
+0.02	+0.03	 just because I'm American and I'm from this country this is not the only country in the world in millions of people billions of people actually live a lot different from my dude from we do and just learning to appreciate the differences you know
+0.02	-0.03	 what you study at school I was a criminal justice major
+0.02	-0.05	 now I work in the medical field actually
+0.02	-0.03	 I'll going
-0.06	+0.01	 well I have one brother and two sisters I'm close to my younger sister she just had the first grandchild in the group of my siblings you know a couple of years ago so I haven't had a few she lives in Oregon my other sister lives here in the LA area my brother lives in Oakland I would like to visit I would like for us to all be together you know more than we are but we're not so we do the best we can but the relationship is pretty strong my mom she lives down in San Diego and I try to talk to her at least once a week and get to go down and see her every every now and then my father passed away in 04
-0.00	-0.03	 sometimes when I'm feeling
-0.03	-0.03	 I turn on
-0.09	+0.03	 I'm pretty good at controlling my temper you know like everyone else I have I've got pet peeves and if it's one of the peeves that might tend to get a little angrier than some of the other things that you note in the bother me but overall I control my ankle pretty well
+0.00	-0.05	 the last argument
-0.00	-0.05	 as often as I see it
-0.06	+0.01	 I haven't had any hard decisions I'm hard decisions
-0.05	+0.01	 tell me about Nevada or something that you wish you could erase from
-0.00	+0.02	 by the members of my family has been in the military and I don't think I was ready for college at that point so I actually sign the papers when I was 17 for the delayed entry program and winning after graduation
-0.02	+0.01	 did you ever see cow
+0.02	-0.01	 how did serving in the military change you
-0.00	+0.05	 it allowed me to mature I don't think I'm I don't know if I would have gotten that when I went to college right after high school or not but it allow me to also be on my own and kind of find out who I was and grow up so
-0.07	-0.01	 have you noticed any changes in your behavior or thoughts lately no
-0.03	-0.01	 when was the last time
+0.01	-0.03	 stop the recording and you can give me
  [INFO] Predicted PHQ-8 score: 0.0

[20:33:54] → PID 709
prompt: +0.01	-0.01	 there she is
+0.01	+0.00	 and please
+0.00	-0.03	 yeah sure
+0.02	-0.05	 the party bus
-0.00	-0.05	 I do training for a while did training for the oil refinery I'm trying to work at the fire in Carson
+0.00	-0.04	 play basketball till my daughter play video games nothing really major take a drive
+0.03	-0.05	 hello
-0.08	+0.01	 that's a good question I don't know
+0.02	-0.02	 how old are you when you're done
+0.01	+0.04	 my daddy was in the Army and he was in Vietnam so I just decide to go
+0.04	-0.05	 all right
-0.04	+0.06	 did you ever see combat
+0.01	-0.03	 serving in the military change you
+0.00	-0.03	 may be more responsible may be more attentive and a lot of the things that goes on around me and actually pay attention to things pay attention to the details
-0.04	-0.00	 have you ever been tagged
-0.03	-0.05	 just pretty much
-0.07	-0.04	 it's more or less how you deal with it I guess
+0.02	-0.05	 I just work out just
-0.06	-0.01	 I was diagnosed but I never really took medication except for like a while back I just kind of decided to do it on my own I don't feel like medicine is always the key
-0.03	-0.04	 circumstances like going on and have time
-0.07	-0.04	 it just depends I don't really think that it works for everybody not everybody wants to talk about the problems some people have different sources Outlets to deal with things you know
+0.03	-0.05	 mobile
  [INFO] Predicted PHQ-8 score: 1.0

[20:33:58] → PID 710
prompt: +0.01	-0.04	maybe in something
+0.02	-0.02	 gotcha
-0.03	+0.03	 so how are you doing today dude
-0.08	+0.02	 the traffic the noise and some of the people
+0.04	-0.04	 I was in the Air Force and did a lot of traveling then most of the Pacific Korea Japan Okinawa a lot of different places there
+0.01	-0.06	 outgoing
+0.02	+0.01	 good I used to have a temper years ago when I was younger but I'm a little calmer and older and hopefully wiser these days
-0.06	+0.01	 to be honest I don't even remember that's how long ago it's been
-0.09	-0.04	 my divorce I guess so
-0.05	-0.02	 I don't feel guilty about anything
-0.08	+0.03	 tell me about an event or something that you wish you could erase from your memory
+0.01	-0.03	 how old were you when you doing
+0.01	-0.00	 how easy was it for
-0.08	-0.04	 because you used to a structured military life and then it come back and have less organization it was
+0.03	-0.05	 other people that you were stationed with so
+0.02	-0.05	 gas station in Southern California my last assignment so I applied for the power company and was working for them for a while
+0.03	-0.02	 how have you been feeling lately
+0.02	-0.06	 more tolerable of situations less arguing or none at all I just try to keep things
-0.04	-0.00	 have you ever been diagnosed
-0.06	+0.04	 are they triggered by something
+0.00	-0.06	 evidently
-0.04	+0.00	 that's basically it I mean I've been
-0.00	-0.03	 I have an experience that much as of recent but that was more like 5 years ago so things are better now
-0.06	-0.01	 how do you cope with them
-0.02	-0.04	 just basically
+0.04	+0.03	 well it's nice to talk to someone about your problems like or tell someone your problems like I have now with you
-0.02	-0.03	 list nightmares probably better sleep and just going through day-to-day a lot calmer without argument or letting little things bother me
+0.03	-0.05	 funny
+0.02	-0.05	 bye
/Users/kevinawang/Documents/GitHub/VA-classifier/src/utils/util.py:27: FutureWarning: You are using `torch.load` with `weights_only=False` (the current default value), which uses the default pickle module implicitly. It is possible to construct malicious pickle data which will execute arbitrary code during unpickling (See https://github.com/pytorch/pytorch/blob/main/SECURITY.md#untrusted-models for more details). In a future release, the default value for `weights_only` will be flipped to `True`. This limits the functions that could be executed during unpickling. Arbitrary objects will no longer be allowed to be loaded via this mode unless they are explicitly allowlisted by the user via `torch.serialization.add_safe_globals`. We recommend you start setting `weights_only=True` for any use case where you don't have full control of the loaded file. Please open an issue on GitHub for any issues related to this experimental feature.
  model.load_state_dict(torch.load(model_path, map_location=device))
Participants:  91%|█████████ | 51/56 [05:04<00:25,  5.06s/it]Some weights of RobertaModel were not initialized from the model checkpoint at roberta-base and are newly initialized: ['roberta.pooler.dense.bias', 'roberta.pooler.dense.weight']
You should probably TRAIN this model on a down-stream task to be able to use it for predictions and inference.
/Users/kevinawang/Documents/GitHub/VA-classifier/src/utils/util.py:27: FutureWarning: You are using `torch.load` with `weights_only=False` (the current default value), which uses the default pickle module implicitly. It is possible to construct malicious pickle data which will execute arbitrary code during unpickling (See https://github.com/pytorch/pytorch/blob/main/SECURITY.md#untrusted-models for more details). In a future release, the default value for `weights_only` will be flipped to `True`. This limits the functions that could be executed during unpickling. Arbitrary objects will no longer be allowed to be loaded via this mode unless they are explicitly allowlisted by the user via `torch.serialization.add_safe_globals`. We recommend you start setting `weights_only=True` for any use case where you don't have full control of the loaded file. Please open an issue on GitHub for any issues related to this experimental feature.
  model.load_state_dict(torch.load(model_path, map_location=device))
Participants:  93%|█████████▎| 52/56 [05:11<00:21,  5.43s/it]Some weights of RobertaModel were not initialized from the model checkpoint at roberta-base and are newly initialized: ['roberta.pooler.dense.bias', 'roberta.pooler.dense.weight']
You should probably TRAIN this model on a down-stream task to be able to use it for predictions and inference.
/Users/kevinawang/Documents/GitHub/VA-classifier/src/utils/util.py:27: FutureWarning: You are using `torch.load` with `weights_only=False` (the current default value), which uses the default pickle module implicitly. It is possible to construct malicious pickle data which will execute arbitrary code during unpickling (See https://github.com/pytorch/pytorch/blob/main/SECURITY.md#untrusted-models for more details). In a future release, the default value for `weights_only` will be flipped to `True`. This limits the functions that could be executed during unpickling. Arbitrary objects will no longer be allowed to be loaded via this mode unless they are explicitly allowlisted by the user via `torch.serialization.add_safe_globals`. We recommend you start setting `weights_only=True` for any use case where you don't have full control of the loaded file. Please open an issue on GitHub for any issues related to this experimental feature.
  model.load_state_dict(torch.load(model_path, map_location=device))
Participants:  95%|█████████▍| 53/56 [05:16<00:16,  5.52s/it]Some weights of RobertaModel were not initialized from the model checkpoint at roberta-base and are newly initialized: ['roberta.pooler.dense.bias', 'roberta.pooler.dense.weight']
You should probably TRAIN this model on a down-stream task to be able to use it for predictions and inference.
  [INFO] Predicted PHQ-8 score: 0.0

[20:34:02] → PID 712
prompt: +0.03	-0.03	 same thing different different types of people different types of food different types of music seeing different architecture and things like that the east coast and the west coast is very different in terms of how we build our buildings so just different places that you go you see different things like that
-0.03	-0.01	 and I found out the people or are people just like us it's not just like Americans we might have our perception but people from another country they're just the same they just have a different language and they just look different but they don't they're not different you know
-0.00	-0.00	 something like that to you
-0.09	+0.01	 Lili outgoing I wish I when I was growing up but not anymore
-0.10	+0.03	 I don't have a temper I used to put it this way my daughter's mother had a temper and I started to learn it from her but I realize that's
-0.03	-0.05	 when was the last
-0.08	-0.04	 I I don't know because I think the way things end up
+0.04	-0.02	 is the right way in the end if your Zone as you learn so
-0.05	+0.01	 I don't know I've learned I've learned you can't have regrets cuz y'all at the end of the day you end up in the right place and that's what you have to look at so I don't think so I've learned from the things that I may have
-0.06	-0.01	 but I had to learn to understand I'm sure you do
-0.01	+0.05	 I've learned that I'm a stronger person but I
-0.04	-0.04	 was going to be an easier step so to speak I don't know if that makes sense but yeah it was more streamlined just to get in the military and keep playing that way
+0.04	-0.05	 all right
+0.01	-0.01	 not easy I would I would say that I right
+0.02	+0.01	 how do I join
-0.06	+0.01	 I went to college and pursue that path things would be considerably different
-0.04	+0.02	 the jobs are quite the same you kind of a little bit older and you already missed that early Windows to get in on a good career
-0.10	-0.04	 so a lot of people don't don't end up where they might have intended to be before they join the military put it that way
-0.01	-0.04	 to do after the military
+0.02	-0.01	 how did serving in the military change you
+0.03	-0.02	 how have you been feeling lately
+0.01	+0.01	 obviously still pretty good I may be a little bit a tad bit sluggish but if I don't sleep for the night the next night I'll sleep fine and
-0.04	+0.01	 let me see all right still
-0.03	-0.01	 when was the last time
+0.02	-0.05	 2 days ago a friend of mine
+0.03	+0.00	 how would your best friend describe
+0.02	+0.02	 intelligent articulate
-0.02	-0.04	 he said something about he said
+0.01	+0.01	 something like that but yeah cuz I know a lot
-0.05	-0.05	 but they tried
  [INFO] Predicted PHQ-8 score: 1.0

[20:34:09] → PID 715
prompt: +0.02	-0.04	 okay okay
-0.07	+0.01	 and once you spend just push it
+0.01	+0.00	 and please
+0.04	+0.06	 are you okay with this yes
-0.06	-0.02	 Forest Bend employable under different circumstances Force going to prison and things like that you know it's just really have to cut through a lot of red tape and are to get back to you noticed in the standings that you were in once before you went to prison
-0.04	-0.00	 seeing the scenery meeting different people saying you know there are different states and how their bill you know the housing and no different structures like that
+0.03	+0.02	 I'd like to hear about
+0.03	-0.04	 everything was reasonable
+0.03	-0.04	 besides other general you know that general education but math was one of my stronger subjects
+0.04	+0.03	 I'm going to see what I can do what designer from their computers I wanted to learn computer so I can have my own computer at home and you know surf the web and the internet and all that
-0.05	-0.01	 sometimes when I'm feeling 10
-0.07	-0.05	 I know it's not Hawaii
-0.11	+0.04	 real good at controlling my temper
-0.06	-0.04	 Gap Tennessee to take a lot and then you know
-0.03	-0.01	 when was the last time
-0.02	-0.02	 Target about cleaning up the barracks the shelter that I'm in now
+0.02	-0.06	 Jeff
+0.02	-0.06	 ask one of the veterans about that
-0.08	+0.03	 had it out with one of the staff members there ain't always says something behind my back so I had to let him know
-0.02	-0.04	 well that's that's how
-0.09	+0.01	 Sam being whipped for the extension cord the website on my body and
+0.01	-0.05	 a tattoo on my left forearm
+0.03	-0.04	 yes I have
-0.00	+0.01	 did you ever see
-0.07	+0.04	 no no I just got in at the end of the Vietnam War which I try to go in while I was still happening but I was too young and it will let me go in
-0.00	-0.00	 how easy was it for you to go
+0.02	+0.01	 you know but Bobby being married I came back to my wife and
-0.03	+0.00	 so I just had to spin the wheels for a while
+0.03	-0.02	 as far as the things that I was doing as a Young Man
-0.10	-0.03	 living life on life's terms if that's a good enough answer living life on life's terms trying to make it day by day and stay out of the way
-0.04	+0.01	 stay out of Harm's Way
-0.09	-0.04	 not really
-0.06	+0.03	 not that I can think of right off the top of my head no
-0.02	+0.03	 and I didn't know what brand I have left I want to keep it and use it
+0.00	-0.01	 guess more of
+0.00	-0.05	 the area that I was living in
+0.01	-0.02	 play a big part of that
-0.06	-0.01	 how do you cope with them
-0.00	-0.05	 wave keep going about your business
+0.01	+0.01	 can you tell me about that
-0.10	-0.03	 well I really don't have her answer for because a lot of times you don't conversate with those type of people you just Pastor buys
-0.01	+0.00	 see, because I was
+0.00	-0.03	 you still go to therapy now
+0.00	-0.03	 yes it is
+0.01	+0.03	 well Frances if somebody give you some advice
-0.04	-0.05	 to not do it a certain thing
-0.01	-0.00	 and I'll set up keep going on the roller coaster ride and I'll just leave that little part of life alone and live life on life's terms
-0.06	+0.02	 when is the last time
+0.01	+0.01	 wow it's been a long long time since I
-0.02	-0.03	 I mean
-0.09	-0.01	 I couldn't Odysseus spend years
-0.02	-0.03	 for me repeat the question
+0.00	-0.05	 I guess you could describe me as a moderate metal type person
-0.06	-0.04	 I don't rain to where I am
+0.02	-0.00	 when I get a chance to
+0.02	-0.05	 bye
-0.06	+0.03	 I said goodbye
  [INFO] Predicted PHQ-8 score: 5.0

[20:34:14] → PID 716
/Users/kevinawang/Documents/GitHub/VA-classifier/src/utils/util.py:27: FutureWarning: You are using `torch.load` with `weights_only=False` (the current default value), which uses the default pickle module implicitly. It is possible to construct malicious pickle data which will execute arbitrary code during unpickling (See https://github.com/pytorch/pytorch/blob/main/SECURITY.md#untrusted-models for more details). In a future release, the default value for `weights_only` will be flipped to `True`. This limits the functions that could be executed during unpickling. Arbitrary objects will no longer be allowed to be loaded via this mode unless they are explicitly allowlisted by the user via `torch.serialization.add_safe_globals`. We recommend you start setting `weights_only=True` for any use case where you don't have full control of the loaded file. Please open an issue on GitHub for any issues related to this experimental feature.
  model.load_state_dict(torch.load(model_path, map_location=device))
Participants:  96%|█████████▋| 54/56 [05:41<00:22, 11.33s/it]Some weights of RobertaModel were not initialized from the model checkpoint at roberta-base and are newly initialized: ['roberta.pooler.dense.bias', 'roberta.pooler.dense.weight']
You should probably TRAIN this model on a down-stream task to be able to use it for predictions and inference.
/Users/kevinawang/Documents/GitHub/VA-classifier/src/utils/util.py:27: FutureWarning: You are using `torch.load` with `weights_only=False` (the current default value), which uses the default pickle module implicitly. It is possible to construct malicious pickle data which will execute arbitrary code during unpickling (See https://github.com/pytorch/pytorch/blob/main/SECURITY.md#untrusted-models for more details). In a future release, the default value for `weights_only` will be flipped to `True`. This limits the functions that could be executed during unpickling. Arbitrary objects will no longer be allowed to be loaded via this mode unless they are explicitly allowlisted by the user via `torch.serialization.add_safe_globals`. We recommend you start setting `weights_only=True` for any use case where you don't have full control of the loaded file. Please open an issue on GitHub for any issues related to this experimental feature.
  model.load_state_dict(torch.load(model_path, map_location=device))
Participants:  98%|█████████▊| 55/56 [05:47<00:09,  9.64s/it]Some weights of RobertaModel were not initialized from the model checkpoint at roberta-base and are newly initialized: ['roberta.pooler.dense.bias', 'roberta.pooler.dense.weight']
You should probably TRAIN this model on a down-stream task to be able to use it for predictions and inference.
/Users/kevinawang/Documents/GitHub/VA-classifier/src/utils/util.py:27: FutureWarning: You are using `torch.load` with `weights_only=False` (the current default value), which uses the default pickle module implicitly. It is possible to construct malicious pickle data which will execute arbitrary code during unpickling (See https://github.com/pytorch/pytorch/blob/main/SECURITY.md#untrusted-models for more details). In a future release, the default value for `weights_only` will be flipped to `True`. This limits the functions that could be executed during unpickling. Arbitrary objects will no longer be allowed to be loaded via this mode unless they are explicitly allowlisted by the user via `torch.serialization.add_safe_globals`. We recommend you start setting `weights_only=True` for any use case where you don't have full control of the loaded file. Please open an issue on GitHub for any issues related to this experimental feature.
  model.load_state_dict(torch.load(model_path, map_location=device))
Participants: 100%|██████████| 56/56 [05:51<00:00,  8.11s/it]Participants: 100%|██████████| 56/56 [05:51<00:00,  6.28s/it]
prompt: -0.04	-0.02	 for real
+0.02	+0.03	 I'm going to go ahead and start her up okay
+0.01	+0.00	 and please
-0.00	-0.05	 I guess going overseas
+0.02	-0.05	 studying solar panel technology in currently studying right now
-0.03	-0.01	 on my own business and what I don't know yet
+0.04	+0.02	 but something looking for myself
-0.05	-0.01	 sometimes when I'm feeling 10
-0.07	-0.05	 I know it's not Hawaii
+0.01	+0.04	 gym I go to the gym let us tension
-0.06	+0.05	 the only thing I really got right now that relieves anything that I have
-0.07	-0.03	 not sure
-0.00	-0.05	 I can control it at times
-0.00	-0.03	 there's a lot of them
-0.05	-0.02	 there's nothing to feel guilty about
-0.09	-0.02	 I said there was a lot of decision hard decision that I made but I never made them
+0.03	-0.04	 tell me about Nevada
-0.02	+0.00	 have you ever
-0.03	-0.05	 dealing with going back to school money
+0.01	+0.02	 yeah that's because of no longer doing things that I ain't supposed to do
+0.01	+0.01	 can you tell me about that
-0.09	+0.00	 why do I get to that I don't know
-0.09	-0.06	 bad dreams
+0.04	-0.04	 past events
-0.04	-0.04	 thoughts to keep on popping up
+0.03	-0.05	 I believe so yes just currently not too long ago
-0.03	-0.00	 currently filing my claim
-0.07	+0.03	 yes that's one thing I didn't been diagnosed with for sure
-0.01	-0.01	 I'm still trying to get try different ones apparently there's enough out there that I can go through
-0.10	-0.04	 about a year ago for my depression
-0.08	-0.03	 I wouldn't really be so like a people person communication wasn't all time low
-0.10	-0.04	 I will be mainly staying at the house I wouldn't be going out I wouldn't be doing events or doing the things that I would like to do
+0.04	+0.02	 why am I like this
-0.10	+0.03	 why am I actually doing things or did the things that I do or did
-0.06	-0.01	 how do you cope with them
-0.01	-0.04	 you feel therapy in Hughesville
-0.07	+0.01	 or we're probably talking about the same thing over again
-0.03	+0.03	 controlling myself here in there
+0.03	+0.05	 when I made up with my girlfriend that was what two days ago
-0.05	+0.02	 he asks why I have one best friend right now
-0.04	-0.05	 kind of you got to be patient
-0.00	+0.02	 that's yet to come
+0.02	-0.06	 virtual
  [INFO] Predicted PHQ-8 score: 10.0

[20:34:39] → PID 717
prompt: -0.00	+0.04	 once again after she says goodbye go ahead and press this button and I'll come back in for you okay
+0.01	+0.00	 and please
+0.03	-0.05	 the weather at the beach marijuana
-0.02	-0.02	 the party life is different
-0.06	-0.01	 I really don't know which one to pick out for you I've been a lot of places and done a lot of things and a lot of time as far as me having asthma I have an attack it's a lot of things that I do forget but overall my past has been very good
+0.04	-0.05	 all right
-0.00	-0.03	 sometimes when I'm feeling
-0.05	+0.01	 what do you do
+0.04	-0.05	 my zodiac sign is a Taurus so
+0.02	-0.01	 you feeling
-0.08	+0.04	 oh I don't do that in life I don't steal I mean live by the Bible so guilt I don't have that
-0.02	-0.06	 Harley decision
-0.03	+0.04	 I just made the decision that actually out of a reaction in a sense it's not hard for me to make a decision that's not like me
+0.03	-0.04	 tell me about Nevada
+0.01	-0.01	 I know it in the future that you know women are different that the ones who have done such is that individual is not an all-woman type thing but
+0.03	-0.02	 yes I'm a veteran
+0.03	-0.02	 how have you been feeling lately
-0.04	+0.02	 how I feel
+0.01	+0.00	 I thought you know you sometimes get the dreaming about how thing is going to be in if it goes to the world
-0.09	+0.02	 have you ever been diagnosed with
-0.02	-0.01	 have you been diagnosed
+0.01	-0.05	 no no depression
-0.03	-0.01	 when was the last time
-0.03	+0.02	 when men the ex-wife in a kids wear at the beach
+0.04	-0.02	 positive influence
+0.01	-0.03	 you know especially like when it comes to female so I will say my dad
-0.07	-0.03	 it's hard to think of that kind of stuff
  [INFO] Predicted PHQ-8 score: 0.0

[20:34:45] → PID 718
prompt: -0.04	-0.02	how long should this person last
+0.03	-0.01	 where you from
-0.04	-0.01	 if I put my glasses on her
+0.01	-0.03	 I used to travel a lot I used to when I was in the Army I lived in in Germany so I used to travel every chance I could take over every weekend I would travel throughout Germany now so much so I don't travel this much since I'm still married and so forth but I used to travel more or less more International than than anything
+0.02	-0.06	 and Cape Town or just in general are in traveling
+0.01	-0.05	 I kind of had a minor in military studies are military science is what it was called and undergrad but for the most part I studied finance and in grad school I studied Finance and Accounting
+0.03	-0.02	 I'm in general Eminem Morven I'm more of an outgoing kind of guy that's just but you know I don't mind you know when I'm home I'm kind I don't turn on the TV and and do whatever I'll pick up a book and I'll read a book as opposed to you know
+0.03	+0.00	 why because the other stuff doesn't seem it's interesting you know I think there's a lot of things that are really interesting and and and and and usually using your imagination and then picking up a book it's just kind of raw it's just you know Sun filter kind of thing so that's that's me
+0.03	-0.04	 what do I do to relax
-0.06	+0.02	 I probably shan't argue with ya sure I could say I argue with my wife and it probably was about something related to the kids are the kids in money or something like that we have kid at for kids and integrate kids but but kids are a little expensive at times and then so I don't remember what it was but it was a ballet class or something like that and it wasn't necessarily free I'll put it that way and you know so we can if we had an argument about it because she was just one of those things where you know my wife you know you know you know if she if the kids has an interest and anything related to anything you say let's let's invest all of this in it and it's see what happens after while you like okay fine
+0.01	-0.05	 I would probably
-0.08	+0.04	 you really wanted things about the military at you you always hear the stories of where you shouldn't I guess been an officer you shouldn't be so involved with your peers are your subordinates and that's what the thing and it's it was true for me because I I was a cool laid-back kind of guy and and when it's time to make decisions like that their tot interpersonal because you you realize that you're affecting someone to livelihood and and that stuff
+0.01	-0.01	 tell me about
-0.01	-0.04	 yes that's her name of her
-0.06	-0.02	 not like
-0.07	-0.02	 not lately I do feel
+0.01	+0.02	 I do feel that
-0.08	+0.01	 it's okay like I can easily is there something I said I better not as I guess I I find that
+0.02	-0.02	 I can get a good night's sleep when
+0.02	-0.05	 I think my best friend would probably say that
  [INFO] Predicted PHQ-8 score: 5.0

Participants evaluated : 56/56
MAE                   : 5.696
RMSE                  : 7.784
